event_id,avg_temp,avg_hr,avg_speed,effort_per_speed
38,10,156.6927587,13.85663536,11.31
38,10,156.6927587,13.85663536,11.31
87,10,150.8888154,11.98197697,12.59
180,10,157.0405503,13.05411875,12.03
180,10,157.0405503,13.05411875,12.03
180,10,157.0405503,13.05411875,12.03
188,10,159.9779099,15.06375379,10.62
188,10,159.9779099,15.06375379,10.62
188,10,159.9779099,15.06375379,10.62
188,10,159.9779099,15.06375379,10.62
216,10,165.2325777,14.91045945,11.08
216,10,165.2325777,14.91045945,11.08
216,10,165.2325777,14.91045945,11.08
216,10,165.2325777,14.91045945,11.08
216,10,165.2325777,14.91045945,11.08
216,10,165.2325777,14.91045945,11.08
269,10,164.5434657,14.85961451,11.07
273,10,142.8680053,11.78018117,12.13
273,10,142.8680053,11.78018117,12.13
273,10,142.8680053,11.78018117,12.13
273,10,142.8680053,11.78018117,12.13
280,10,152.5008741,14.49542986,10.52
280,10,152.5008741,14.49542986,10.52
280,10,152.5008741,14.49542986,10.52
280,10,152.5008741,14.49542986,10.52
280,10,152.5008741,14.49542986,10.52
285,10,139.1203501,12.60415667,11.04
285,10,139.1203501,12.60415667,11.04
285,10,139.1203501,12.60415667,11.04
285,10,139.1203501,12.60415667,11.04
285,10,139.1203501,12.60415667,11.04
302,10,146.9779769,12.84908264,11.44
302,10,146.9779769,12.84908264,11.44
302,10,146.9779769,12.84908264,11.44
302,10,146.9779769,12.84908264,11.44
302,10,146.9779769,12.84908264,11.44
302,10,146.9779769,12.84908264,11.44
302,10,146.9779769,12.84908264,11.44
302,10,146.9779769,12.84908264,11.44
303,10,149.6460797,12.66235112,11.82
303,10,149.6460797,12.66235112,11.82
303,10,149.6460797,12.66235112,11.82
304,10,165.3728949,15.38680417,10.75
304,10,165.3728949,15.38680417,10.75
304,10,165.3728949,15.38680417,10.75
304,10,165.3728949,15.38680417,10.75
304,10,165.3728949,15.38680417,10.75
304,10,165.3728949,15.38680417,10.75
304,10,165.3728949,15.38680417,10.75
311,10,153.5604808,14.03154013,10.94
311,10,153.5604808,14.03154013,10.94
311,10,153.5604808,14.03154013,10.94
311,10,153.5604808,14.03154013,10.94
311,10,153.5604808,14.03154013,10.94
470,10,128.9831844,11.04198697,11.68
470,10,128.9831844,11.04198697,11.68
470,10,128.9831844,11.04198697,11.68
470,10,128.9831844,11.04198697,11.68
470,10,128.9831844,11.04198697,11.68
470,10,128.9831844,11.04198697,11.68
495,10,152.7092248,13.00137217,11.75
495,10,152.7092248,13.00137217,11.75
544,10,145.5403138,12.65257103,11.5
544,10,145.5403138,12.65257103,11.5
544,10,145.5403138,12.65257103,11.5
555,10,144.8224058,12.46288405,11.62
555,10,144.8224058,12.46288405,11.62
572,10,139.7391823,11.65189091,11.99
572,10,139.7391823,11.65189091,11.99
572,10,139.7391823,11.65189091,11.99
572,10,139.7391823,11.65189091,11.99
572,10,139.7391823,11.65189091,11.99
572,10,139.7391823,11.65189091,11.99
572,10,139.7391823,11.65189091,11.99
572,10,139.7391823,11.65189091,11.99
572,10,139.7391823,11.65189091,11.99
572,10,139.7391823,11.65189091,11.99
572,10,139.7391823,11.65189091,11.99
572,10,139.7391823,11.65189091,11.99
572,10,139.7391823,11.65189091,11.99
572,10,139.7391823,11.65189091,11.99
572,10,139.7391823,11.65189091,11.99
572,10,139.7391823,11.65189091,11.99
572,10,139.7391823,11.65189091,11.99
572,10,139.7391823,11.65189091,11.99
572,10,139.7391823,11.65189091,11.99
572,10,139.7391823,11.65189091,11.99
572,10,139.7391823,11.65189091,11.99
572,10,139.7391823,11.65189091,11.99
572,10,139.7391823,11.65189091,11.99
572,10,139.7391823,11.65189091,11.99
696,10,147.1171623,12.32862888,11.93
696,10,147.1171623,12.32862888,11.93
696,10,147.1171623,12.32862888,11.93
696,10,147.1171623,12.32862888,11.93
696,10,147.1171623,12.32862888,11.93
698,10,146.005604,11.93931818,12.23
698,10,146.005604,11.93931818,12.23
735,10,150.1109906,11.80352408,12.72
735,10,150.1109906,11.80352408,12.72
735,10,150.1109906,11.80352408,12.72
735,10,150.1109906,11.80352408,12.72
787,10,155.0846012,13.34102241,11.62
787,10,155.0846012,13.34102241,11.62
787,10,155.0846012,13.34102241,11.62
787,10,155.0846012,13.34102241,11.62
787,10,155.0846012,13.34102241,11.62
791,10,142.149707,11.46202888,12.4
791,10,142.149707,11.46202888,12.4
791,10,142.149707,11.46202888,12.4
791,10,142.149707,11.46202888,12.4
829,10,138.7577065,11.68778841,11.87
829,10,138.7577065,11.68778841,11.87
829,10,138.7577065,11.68778841,11.87
829,10,138.7577065,11.68778841,11.87
74,11,159.8856224,14.2933593,11.19
74,11,159.8856224,14.2933593,11.19
74,11,159.8856224,14.2933593,11.19
74,11,159.8856224,14.2933593,11.19
186,11,159.4518037,15.15766497,10.52
186,11,159.4518037,15.15766497,10.52
186,11,159.4518037,15.15766497,10.52
186,11,159.4518037,15.15766497,10.52
186,11,159.4518037,15.15766497,10.52
186,11,159.4518037,15.15766497,10.52
186,11,159.4518037,15.15766497,10.52
186,11,159.4518037,15.15766497,10.52
186,11,159.4518037,15.15766497,10.52
186,11,159.4518037,15.15766497,10.52
186,11,159.4518037,15.15766497,10.52
186,11,159.4518037,15.15766497,10.52
186,11,159.4518037,15.15766497,10.52
204,11,162.9767313,12.70579812,12.83
204,11,162.9767313,12.70579812,12.83
281,11,126.4245283,10.94288724,11.55
281,11,126.4245283,10.94288724,11.55
281,11,126.4245283,10.94288724,11.55
281,11,126.4245283,10.94288724,11.55
281,11,126.4245283,10.94288724,11.55
281,11,126.4245283,10.94288724,11.55
281,11,126.4245283,10.94288724,11.55
281,11,126.4245283,10.94288724,11.55
281,11,126.4245283,10.94288724,11.55
286,11,159.8837398,15.3856257,10.39
288,11,162.7692892,13.21799453,12.31
288,11,162.7692892,13.21799453,12.31
288,11,162.7692892,13.21799453,12.31
295,11,132.4790005,10.0733566,13.15
295,11,132.4790005,10.0733566,13.15
295,11,132.4790005,10.0733566,13.15
295,11,132.4790005,10.0733566,13.15
295,11,132.4790005,10.0733566,13.15
437,11,122.7234957,10.68763958,11.48
437,11,122.7234957,10.68763958,11.48
437,11,122.7234957,10.68763958,11.48
437,11,122.7234957,10.68763958,11.48
437,11,122.7234957,10.68763958,11.48
437,11,122.7234957,10.68763958,11.48
437,11,122.7234957,10.68763958,11.48
437,11,122.7234957,10.68763958,11.48
441,11,138.5281583,12.63057863,10.97
441,11,138.5281583,12.63057863,10.97
441,11,138.5281583,12.63057863,10.97
441,11,138.5281583,12.63057863,10.97
443,11,133.1828645,11.33681893,11.75
443,11,133.1828645,11.33681893,11.75
443,11,133.1828645,11.33681893,11.75
443,11,133.1828645,11.33681893,11.75
469,11,141.9426434,12.18831993,11.65
469,11,141.9426434,12.18831993,11.65
481,11,155.4838391,13.67780343,11.37
481,11,155.4838391,13.67780343,11.37
481,11,155.4838391,13.67780343,11.37
481,11,155.4838391,13.67780343,11.37
481,11,155.4838391,13.67780343,11.37
481,11,155.4838391,13.67780343,11.37
481,11,155.4838391,13.67780343,11.37
554,11,134.6983169,11.59079733,11.62
554,11,134.6983169,11.59079733,11.62
554,11,134.6983169,11.59079733,11.62
554,11,134.6983169,11.59079733,11.62
554,11,134.6983169,11.59079733,11.62
554,11,134.6983169,11.59079733,11.62
568,11,136.1166961,11.33732169,12.01
568,11,136.1166961,11.33732169,12.01
568,11,136.1166961,11.33732169,12.01
568,11,136.1166961,11.33732169,12.01
568,11,136.1166961,11.33732169,12.01
568,11,136.1166961,11.33732169,12.01
568,11,136.1166961,11.33732169,12.01
568,11,136.1166961,11.33732169,12.01
568,11,136.1166961,11.33732169,12.01
568,11,136.1166961,11.33732169,12.01
710,11,139.8891844,11.91775053,11.74
710,11,139.8891844,11.91775053,11.74
710,11,139.8891844,11.91775053,11.74
710,11,139.8891844,11.91775053,11.74
710,11,139.8891844,11.91775053,11.74
710,11,139.8891844,11.91775053,11.74
719,11,155.1047516,12.92465054,12
719,11,155.1047516,12.92465054,12
719,11,155.1047516,12.92465054,12
719,11,155.1047516,12.92465054,12
719,11,155.1047516,12.92465054,12
719,11,155.1047516,12.92465054,12
719,11,155.1047516,12.92465054,12
719,11,155.1047516,12.92465054,12
719,11,155.1047516,12.92465054,12
719,11,155.1047516,12.92465054,12
719,11,155.1047516,12.92465054,12
719,11,155.1047516,12.92465054,12
719,11,155.1047516,12.92465054,12
719,11,155.1047516,12.92465054,12
731,11,148.5152542,12.03456661,12.34
793,11,143.5754829,11.80650494,12.16
793,11,143.5754829,11.80650494,12.16
793,11,143.5754829,11.80650494,12.16
793,11,143.5754829,11.80650494,12.16
793,11,143.5754829,11.80650494,12.16
799,11,157.3251983,10.80830954,14.56
803,11,135.4876777,10.88275905,12.45
803,11,135.4876777,10.88275905,12.45
803,11,135.4876777,10.88275905,12.45
803,11,135.4876777,10.88275905,12.45
803,11,135.4876777,10.88275905,12.45
803,11,135.4876777,10.88275905,12.45
813,11,150.6745016,13.36424528,11.27
813,11,150.6745016,13.36424528,11.27
813,11,150.6745016,13.36424528,11.27
28,12,152.5938117,14.02277972,10.88
28,12,152.5938117,14.02277972,10.88
28,12,152.5938117,14.02277972,10.88
28,12,152.5938117,14.02277972,10.88
177,12,159.6361474,13.77307776,11.59
177,12,159.6361474,13.77307776,11.59
214,12,157.4463547,14.27044563,11.03
214,12,157.4463547,14.27044563,11.03
214,12,157.4463547,14.27044563,11.03
214,12,157.4463547,14.27044563,11.03
214,12,157.4463547,14.27044563,11.03
214,12,157.4463547,14.27044563,11.03
214,12,157.4463547,14.27044563,11.03
287,12,142.0402145,13.38914316,10.61
287,12,142.0402145,13.38914316,10.61
287,12,142.0402145,13.38914316,10.61
287,12,142.0402145,13.38914316,10.61
287,12,142.0402145,13.38914316,10.61
287,12,142.0402145,13.38914316,10.61
452,12,141.8966725,12.71025961,11.16
452,12,141.8966725,12.71025961,11.16
452,12,141.8966725,12.71025961,11.16
452,12,141.8966725,12.71025961,11.16
512,12,156.1885914,13.47361048,11.59
512,12,156.1885914,13.47361048,11.59
512,12,156.1885914,13.47361048,11.59
559,12,151.0621741,12.40170968,12.18
559,12,151.0621741,12.40170968,12.18
559,12,151.0621741,12.40170968,12.18
586,12,136.4125619,11.65649789,11.7
586,12,136.4125619,11.65649789,11.7
586,12,136.4125619,11.65649789,11.7
586,12,136.4125619,11.65649789,11.7
586,12,136.4125619,11.65649789,11.7
586,12,136.4125619,11.65649789,11.7
586,12,136.4125619,11.65649789,11.7
586,12,136.4125619,11.65649789,11.7
586,12,136.4125619,11.65649789,11.7
586,12,136.4125619,11.65649789,11.7
586,12,136.4125619,11.65649789,11.7
586,12,136.4125619,11.65649789,11.7
586,12,136.4125619,11.65649789,11.7
586,12,136.4125619,11.65649789,11.7
586,12,136.4125619,11.65649789,11.7
586,12,136.4125619,11.65649789,11.7
695,12,146.3031693,12.03821431,12.15
695,12,146.3031693,12.03821431,12.15
695,12,146.3031693,12.03821431,12.15
695,12,146.3031693,12.03821431,12.15
695,12,146.3031693,12.03821431,12.15
707,12,137.8327039,11.3032142,12.19
707,12,137.8327039,11.3032142,12.19
707,12,137.8327039,11.3032142,12.19
707,12,137.8327039,11.3032142,12.19
709,12,135.7735997,11.14782797,12.18
709,12,135.7735997,11.14782797,12.18
730,12,141.4448854,11.83667143,11.95
730,12,141.4448854,11.83667143,11.95
730,12,141.4448854,11.83667143,11.95
730,12,141.4448854,11.83667143,11.95
750,12,146.7084779,11.38021398,12.89
750,12,146.7084779,11.38021398,12.89
750,12,146.7084779,11.38021398,12.89
750,12,146.7084779,11.38021398,12.89
750,12,146.7084779,11.38021398,12.89
789,12,155.7987382,12.25068871,12.72
804,12,149.7258111,12.86792754,11.64
804,12,149.7258111,12.86792754,11.64
820,12,142.6821809,11.93404661,11.96
820,12,142.6821809,11.93404661,11.96
820,12,142.6821809,11.93404661,11.96
820,12,142.6821809,11.93404661,11.96
820,12,142.6821809,11.93404661,11.96
22,13,159.7882987,14.71919353,10.86
22,13,159.7882987,14.71919353,10.86
22,13,159.7882987,14.71919353,10.86
22,13,159.7882987,14.71919353,10.86
22,13,159.7882987,14.71919353,10.86
22,13,159.7882987,14.71919353,10.86
112,13,155.995481,12.89270859,12.1
112,13,155.995481,12.89270859,12.1
112,13,155.995481,12.89270859,12.1
112,13,155.995481,12.89270859,12.1
114,13,167.6388416,15.09870358,11.1
181,13,148.3735882,12.73259322,11.65
181,13,148.3735882,12.73259322,11.65
181,13,148.3735882,12.73259322,11.65
181,13,148.3735882,12.73259322,11.65
181,13,148.3735882,12.73259322,11.65
184,13,158.9580654,13.20138921,12.04
184,13,158.9580654,13.20138921,12.04
184,13,158.9580654,13.20138921,12.04
184,13,158.9580654,13.20138921,12.04
184,13,158.9580654,13.20138921,12.04
184,13,158.9580654,13.20138921,12.04
187,13,162.845843,13.63758256,11.94
187,13,162.845843,13.63758256,11.94
187,13,162.845843,13.63758256,11.94
187,13,162.845843,13.63758256,11.94
300,13,146.0566887,11.78774508,12.39
300,13,146.0566887,11.78774508,12.39
300,13,146.0566887,11.78774508,12.39
430,13,133.4275643,12.15925569,10.97
430,13,133.4275643,12.15925569,10.97
430,13,133.4275643,12.15925569,10.97
430,13,133.4275643,12.15925569,10.97
445,13,136.8441128,12.01349353,11.39
445,13,136.8441128,12.01349353,11.39
445,13,136.8441128,12.01349353,11.39
445,13,136.8441128,12.01349353,11.39
445,13,136.8441128,12.01349353,11.39
445,13,136.8441128,12.01349353,11.39
445,13,136.8441128,12.01349353,11.39
445,13,136.8441128,12.01349353,11.39
482,13,145.0674258,12.56726017,11.54
482,13,145.0674258,12.56726017,11.54
482,13,145.0674258,12.56726017,11.54
482,13,145.0674258,12.56726017,11.54
543,13,149.6042201,13.22597744,11.31
694,13,141.2464205,11.63201914,12.14
694,13,141.2464205,11.63201914,12.14
694,13,141.2464205,11.63201914,12.14
694,13,141.2464205,11.63201914,12.14
706,13,138.0301825,11.37442695,12.14
706,13,138.0301825,11.37442695,12.14
706,13,138.0301825,11.37442695,12.14
706,13,138.0301825,11.37442695,12.14
706,13,138.0301825,11.37442695,12.14
706,13,138.0301825,11.37442695,12.14
706,13,138.0301825,11.37442695,12.14
706,13,138.0301825,11.37442695,12.14
706,13,138.0301825,11.37442695,12.14
706,13,138.0301825,11.37442695,12.14
706,13,138.0301825,11.37442695,12.14
706,13,138.0301825,11.37442695,12.14
720,13,163.2158365,12.42664138,13.13
720,13,163.2158365,12.42664138,13.13
720,13,163.2158365,12.42664138,13.13
720,13,163.2158365,12.42664138,13.13
720,13,163.2158365,12.42664138,13.13
801,13,151.4146341,12.43561383,12.18
801,13,151.4146341,12.43561383,12.18
825,13,151.7671233,11.18817722,13.56
825,13,151.7671233,11.18817722,13.56
825,13,151.7671233,11.18817722,13.56
825,13,151.7671233,11.18817722,13.56
828,13,146.9105004,12.57369894,11.68
830,13,145.3846463,11.80350145,12.32
830,13,145.3846463,11.80350145,12.32
830,13,145.3846463,11.80350145,12.32
19,14,147.1717105,11.82261848,12.45
19,14,147.1717105,11.82261848,12.45
19,14,147.1717105,11.82261848,12.45
19,14,147.1717105,11.82261848,12.45
19,14,147.1717105,11.82261848,12.45
23,14,153.0618893,14.41774788,10.62
23,14,153.0618893,14.41774788,10.62
23,14,153.0618893,14.41774788,10.62
23,14,153.0618893,14.41774788,10.62
23,14,153.0618893,14.41774788,10.62
23,14,153.0618893,14.41774788,10.62
51,14,149.4088617,12.88471643,11.6
51,14,149.4088617,12.88471643,11.6
68,14,153.1324742,12.60342742,12.15
68,14,153.1324742,12.60342742,12.15
113,14,163.0726073,13.52878816,12.05
117,14,160.077783,13.62924117,11.75
117,14,160.077783,13.62924117,11.75
182,14,165.8900826,14.88449752,11.15
182,14,165.8900826,14.88449752,11.15
272,14,141.2669718,12.93716407,10.92
272,14,141.2669718,12.93716407,10.92
272,14,141.2669718,12.93716407,10.92
272,14,141.2669718,12.93716407,10.92
272,14,141.2669718,12.93716407,10.92
272,14,141.2669718,12.93716407,10.92
277,14,144.3463801,13.32328427,10.83
277,14,144.3463801,13.32328427,10.83
277,14,144.3463801,13.32328427,10.83
277,14,144.3463801,13.32328427,10.83
282,14,146.4289793,13.58297239,10.78
282,14,146.4289793,13.58297239,10.78
282,14,146.4289793,13.58297239,10.78
282,14,146.4289793,13.58297239,10.78
282,14,146.4289793,13.58297239,10.78
282,14,146.4289793,13.58297239,10.78
282,14,146.4289793,13.58297239,10.78
296,14,151.6664204,13.10634239,11.57
296,14,151.6664204,13.10634239,11.57
296,14,151.6664204,13.10634239,11.57
296,14,151.6664204,13.10634239,11.57
296,14,151.6664204,13.10634239,11.57
296,14,151.6664204,13.10634239,11.57
327,14,142.4539326,12.76870674,11.16
327,14,142.4539326,12.76870674,11.16
327,14,142.4539326,12.76870674,11.16
327,14,142.4539326,12.76870674,11.16
327,14,142.4539326,12.76870674,11.16
327,14,142.4539326,12.76870674,11.16
327,14,142.4539326,12.76870674,11.16
327,14,142.4539326,12.76870674,11.16
327,14,142.4539326,12.76870674,11.16
327,14,142.4539326,12.76870674,11.16
327,14,142.4539326,12.76870674,11.16
327,14,142.4539326,12.76870674,11.16
327,14,142.4539326,12.76870674,11.16
329,14,138.1370034,12.60700519,10.96
329,14,138.1370034,12.60700519,10.96
329,14,138.1370034,12.60700519,10.96
329,14,138.1370034,12.60700519,10.96
335,14,157.7813394,14.27815741,11.05
335,14,157.7813394,14.27815741,11.05
335,14,157.7813394,14.27815741,11.05
335,14,157.7813394,14.27815741,11.05
338,14,139.7032622,11.93398419,11.71
338,14,139.7032622,11.93398419,11.71
338,14,139.7032622,11.93398419,11.71
338,14,139.7032622,11.93398419,11.71
338,14,139.7032622,11.93398419,11.71
338,14,139.7032622,11.93398419,11.71
344,14,141.5603472,12.9096,10.97
344,14,141.5603472,12.9096,10.97
344,14,141.5603472,12.9096,10.97
344,14,141.5603472,12.9096,10.97
486,14,145.8768376,12.18002195,11.98
486,14,145.8768376,12.18002195,11.98
486,14,145.8768376,12.18002195,11.98
486,14,145.8768376,12.18002195,11.98
486,14,145.8768376,12.18002195,11.98
576,14,147.4588071,11.56513179,12.75
576,14,147.4588071,11.56513179,12.75
576,14,147.4588071,11.56513179,12.75
576,14,147.4588071,11.56513179,12.75
576,14,147.4588071,11.56513179,12.75
576,14,147.4588071,11.56513179,12.75
576,14,147.4588071,11.56513179,12.75
576,14,147.4588071,11.56513179,12.75
576,14,147.4588071,11.56513179,12.75
576,14,147.4588071,11.56513179,12.75
576,14,147.4588071,11.56513179,12.75
576,14,147.4588071,11.56513179,12.75
576,14,147.4588071,11.56513179,12.75
576,14,147.4588071,11.56513179,12.75
576,14,147.4588071,11.56513179,12.75
576,14,147.4588071,11.56513179,12.75
576,14,147.4588071,11.56513179,12.75
576,14,147.4588071,11.56513179,12.75
576,14,147.4588071,11.56513179,12.75
582,14,141.53125,11.93411586,11.86
582,14,141.53125,11.93411586,11.86
582,14,141.53125,11.93411586,11.86
582,14,141.53125,11.93411586,11.86
582,14,141.53125,11.93411586,11.86
582,14,141.53125,11.93411586,11.86
582,14,141.53125,11.93411586,11.86
582,14,141.53125,11.93411586,11.86
582,14,141.53125,11.93411586,11.86
582,14,141.53125,11.93411586,11.86
699,14,149.2358739,11.28956561,13.22
805,14,139.9891447,11.87186092,11.79
805,14,139.9891447,11.87186092,11.79
805,14,139.9891447,11.87186092,11.79
821,14,138.7921609,11.80433966,11.76
821,14,138.7921609,11.80433966,11.76
821,14,138.7921609,11.80433966,11.76
821,14,138.7921609,11.80433966,11.76
821,14,138.7921609,11.80433966,11.76
821,14,138.7921609,11.80433966,11.76
821,14,138.7921609,11.80433966,11.76
821,14,138.7921609,11.80433966,11.76
821,14,138.7921609,11.80433966,11.76
821,14,138.7921609,11.80433966,11.76
821,14,138.7921609,11.80433966,11.76
832,14,138.5223325,11.34720803,12.21
832,14,138.5223325,11.34720803,12.21
832,14,138.5223325,11.34720803,12.21
832,14,138.5223325,11.34720803,12.21
832,14,138.5223325,11.34720803,12.21
832,14,138.5223325,11.34720803,12.21
832,14,138.5223325,11.34720803,12.21
9,15,153.6259887,12.05757559,12.74
9,15,153.6259887,12.05757559,12.74
9,15,153.6259887,12.05757559,12.74
9,15,153.6259887,12.05757559,12.74
9,15,153.6259887,12.05757559,12.74
10,15,165.4359465,16.41009407,10.08
20,15,135.8560121,12.37443076,10.98
20,15,135.8560121,12.37443076,10.98
116,15,157.2700587,13.2847773,11.84
116,15,157.2700587,13.2847773,11.84
118,15,159.7467199,13.20297638,12.1
179,15,153.1774621,12.59766673,12.16
299,15,153.7496635,12.55786018,12.24
299,15,153.7496635,12.55786018,12.24
299,15,153.7496635,12.55786018,12.24
299,15,153.7496635,12.55786018,12.24
299,15,153.7496635,12.55786018,12.24
299,15,153.7496635,12.55786018,12.24
299,15,153.7496635,12.55786018,12.24
299,15,153.7496635,12.55786018,12.24
305,15,145.2950474,12.98997345,11.19
305,15,145.2950474,12.98997345,11.19
305,15,145.2950474,12.98997345,11.19
305,15,145.2950474,12.98997345,11.19
320,15,154.1055156,15.44344536,9.98
320,15,154.1055156,15.44344536,9.98
320,15,154.1055156,15.44344536,9.98
320,15,154.1055156,15.44344536,9.98
320,15,154.1055156,15.44344536,9.98
320,15,154.1055156,15.44344536,9.98
320,15,154.1055156,15.44344536,9.98
320,15,154.1055156,15.44344536,9.98
320,15,154.1055156,15.44344536,9.98
320,15,154.1055156,15.44344536,9.98
328,15,155.2241379,14.00807055,11.08
328,15,155.2241379,14.00807055,11.08
328,15,155.2241379,14.00807055,11.08
328,15,155.2241379,14.00807055,11.08
328,15,155.2241379,14.00807055,11.08
328,15,155.2241379,14.00807055,11.08
328,15,155.2241379,14.00807055,11.08
328,15,155.2241379,14.00807055,11.08
328,15,155.2241379,14.00807055,11.08
328,15,155.2241379,14.00807055,11.08
339,15,139.6171783,12.95794179,10.77
339,15,139.6171783,12.95794179,10.77
339,15,139.6171783,12.95794179,10.77
339,15,139.6171783,12.95794179,10.77
339,15,139.6171783,12.95794179,10.77
339,15,139.6171783,12.95794179,10.77
339,15,139.6171783,12.95794179,10.77
339,15,139.6171783,12.95794179,10.77
339,15,139.6171783,12.95794179,10.77
339,15,139.6171783,12.95794179,10.77
339,15,139.6171783,12.95794179,10.77
339,15,139.6171783,12.95794179,10.77
339,15,139.6171783,12.95794179,10.77
339,15,139.6171783,12.95794179,10.77
339,15,139.6171783,12.95794179,10.77
341,15,150.940133,13.51946608,11.16
341,15,150.940133,13.51946608,11.16
341,15,150.940133,13.51946608,11.16
341,15,150.940133,13.51946608,11.16
341,15,150.940133,13.51946608,11.16
342,15,166.2539185,18.79346708,8.85
343,15,136.7149497,11.7593512,11.63
343,15,136.7149497,11.7593512,11.63
343,15,136.7149497,11.7593512,11.63
343,15,136.7149497,11.7593512,11.63
343,15,136.7149497,11.7593512,11.63
343,15,136.7149497,11.7593512,11.63
429,15,141.8463995,13.40825331,10.58
429,15,141.8463995,13.40825331,10.58
429,15,141.8463995,13.40825331,10.58
429,15,141.8463995,13.40825331,10.58
429,15,141.8463995,13.40825331,10.58
429,15,141.8463995,13.40825331,10.58
432,15,136.4604701,12.3591359,11.04
432,15,136.4604701,12.3591359,11.04
432,15,136.4604701,12.3591359,11.04
432,15,136.4604701,12.3591359,11.04
449,15,147.0018645,12.62140087,11.65
449,15,147.0018645,12.62140087,11.65
449,15,147.0018645,12.62140087,11.65
449,15,147.0018645,12.62140087,11.65
449,15,147.0018645,12.62140087,11.65
449,15,147.0018645,12.62140087,11.65
449,15,147.0018645,12.62140087,11.65
449,15,147.0018645,12.62140087,11.65
449,15,147.0018645,12.62140087,11.65
449,15,147.0018645,12.62140087,11.65
449,15,147.0018645,12.62140087,11.65
449,15,147.0018645,12.62140087,11.65
449,15,147.0018645,12.62140087,11.65
449,15,147.0018645,12.62140087,11.65
449,15,147.0018645,12.62140087,11.65
449,15,147.0018645,12.62140087,11.65
449,15,147.0018645,12.62140087,11.65
449,15,147.0018645,12.62140087,11.65
449,15,147.0018645,12.62140087,11.65
449,15,147.0018645,12.62140087,11.65
449,15,147.0018645,12.62140087,11.65
449,15,147.0018645,12.62140087,11.65
449,15,147.0018645,12.62140087,11.65
449,15,147.0018645,12.62140087,11.65
449,15,147.0018645,12.62140087,11.65
449,15,147.0018645,12.62140087,11.65
528,15,145.0233062,12.68231285,11.44
528,15,145.0233062,12.68231285,11.44
528,15,145.0233062,12.68231285,11.44
528,15,145.0233062,12.68231285,11.44
528,15,145.0233062,12.68231285,11.44
528,15,145.0233062,12.68231285,11.44
528,15,145.0233062,12.68231285,11.44
528,15,145.0233062,12.68231285,11.44
534,15,154.9665657,13.91233314,11.14
534,15,154.9665657,13.91233314,11.14
534,15,154.9665657,13.91233314,11.14
534,15,154.9665657,13.91233314,11.14
549,15,134.4587222,11.32200646,11.88
549,15,134.4587222,11.32200646,11.88
549,15,134.4587222,11.32200646,11.88
549,15,134.4587222,11.32200646,11.88
570,15,136.3950348,11.05964758,12.33
570,15,136.3950348,11.05964758,12.33
570,15,136.3950348,11.05964758,12.33
570,15,136.3950348,11.05964758,12.33
570,15,136.3950348,11.05964758,12.33
570,15,136.3950348,11.05964758,12.33
570,15,136.3950348,11.05964758,12.33
570,15,136.3950348,11.05964758,12.33
570,15,136.3950348,11.05964758,12.33
570,15,136.3950348,11.05964758,12.33
570,15,136.3950348,11.05964758,12.33
570,15,136.3950348,11.05964758,12.33
570,15,136.3950348,11.05964758,12.33
570,15,136.3950348,11.05964758,12.33
570,15,136.3950348,11.05964758,12.33
570,15,136.3950348,11.05964758,12.33
570,15,136.3950348,11.05964758,12.33
570,15,136.3950348,11.05964758,12.33
570,15,136.3950348,11.05964758,12.33
570,15,136.3950348,11.05964758,12.33
570,15,136.3950348,11.05964758,12.33
570,15,136.3950348,11.05964758,12.33
570,15,136.3950348,11.05964758,12.33
570,15,136.3950348,11.05964758,12.33
570,15,136.3950348,11.05964758,12.33
570,15,136.3950348,11.05964758,12.33
579,15,152.9274599,13.58003819,11.26
579,15,152.9274599,13.58003819,11.26
579,15,152.9274599,13.58003819,11.26
579,15,152.9274599,13.58003819,11.26
579,15,152.9274599,13.58003819,11.26
579,15,152.9274599,13.58003819,11.26
579,15,152.9274599,13.58003819,11.26
579,15,152.9274599,13.58003819,11.26
579,15,152.9274599,13.58003819,11.26
579,15,152.9274599,13.58003819,11.26
579,15,152.9274599,13.58003819,11.26
579,15,152.9274599,13.58003819,11.26
579,15,152.9274599,13.58003819,11.26
579,15,152.9274599,13.58003819,11.26
579,15,152.9274599,13.58003819,11.26
579,15,152.9274599,13.58003819,11.26
579,15,152.9274599,13.58003819,11.26
579,15,152.9274599,13.58003819,11.26
579,15,152.9274599,13.58003819,11.26
585,15,138.4226295,11.67174989,11.86
585,15,138.4226295,11.67174989,11.86
585,15,138.4226295,11.67174989,11.86
585,15,138.4226295,11.67174989,11.86
585,15,138.4226295,11.67174989,11.86
585,15,138.4226295,11.67174989,11.86
585,15,138.4226295,11.67174989,11.86
585,15,138.4226295,11.67174989,11.86
585,15,138.4226295,11.67174989,11.86
585,15,138.4226295,11.67174989,11.86
585,15,138.4226295,11.67174989,11.86
585,15,138.4226295,11.67174989,11.86
585,15,138.4226295,11.67174989,11.86
585,15,138.4226295,11.67174989,11.86
585,15,138.4226295,11.67174989,11.86
585,15,138.4226295,11.67174989,11.86
585,15,138.4226295,11.67174989,11.86
585,15,138.4226295,11.67174989,11.86
585,15,138.4226295,11.67174989,11.86
585,15,138.4226295,11.67174989,11.86
585,15,138.4226295,11.67174989,11.86
585,15,138.4226295,11.67174989,11.86
585,15,138.4226295,11.67174989,11.86
585,15,138.4226295,11.67174989,11.86
585,15,138.4226295,11.67174989,11.86
585,15,138.4226295,11.67174989,11.86
585,15,138.4226295,11.67174989,11.86
585,15,138.4226295,11.67174989,11.86
585,15,138.4226295,11.67174989,11.86
585,15,138.4226295,11.67174989,11.86
585,15,138.4226295,11.67174989,11.86
585,15,138.4226295,11.67174989,11.86
595,15,148.6330325,12.38963134,12
595,15,148.6330325,12.38963134,12
595,15,148.6330325,12.38963134,12
595,15,148.6330325,12.38963134,12
595,15,148.6330325,12.38963134,12
595,15,148.6330325,12.38963134,12
595,15,148.6330325,12.38963134,12
595,15,148.6330325,12.38963134,12
595,15,148.6330325,12.38963134,12
685,15,141.6434837,11.11982368,12.74
685,15,141.6434837,11.11982368,12.74
686,15,143.1550305,12.26827182,11.67
686,15,143.1550305,12.26827182,11.67
686,15,143.1550305,12.26827182,11.67
686,15,143.1550305,12.26827182,11.67
686,15,143.1550305,12.26827182,11.67
686,15,143.1550305,12.26827182,11.67
686,15,143.1550305,12.26827182,11.67
686,15,143.1550305,12.26827182,11.67
686,15,143.1550305,12.26827182,11.67
686,15,143.1550305,12.26827182,11.67
686,15,143.1550305,12.26827182,11.67
686,15,143.1550305,12.26827182,11.67
693,15,150.4574468,13.10092004,11.48
701,15,139.4565842,11.64809701,11.97
701,15,139.4565842,11.64809701,11.97
701,15,139.4565842,11.64809701,11.97
701,15,139.4565842,11.64809701,11.97
701,15,139.4565842,11.64809701,11.97
701,15,139.4565842,11.64809701,11.97
701,15,139.4565842,11.64809701,11.97
711,15,149.8503903,12.79303556,11.71
711,15,149.8503903,12.79303556,11.71
711,15,149.8503903,12.79303556,11.71
11,16,138.4541667,12.024105,11.51
11,16,138.4541667,12.024105,11.51
110,16,156.9107143,14.20249176,11.05
110,16,156.9107143,14.20249176,11.05
110,16,156.9107143,14.20249176,11.05
110,16,156.9107143,14.20249176,11.05
110,16,156.9107143,14.20249176,11.05
110,16,156.9107143,14.20249176,11.05
110,16,156.9107143,14.20249176,11.05
110,16,156.9107143,14.20249176,11.05
110,16,156.9107143,14.20249176,11.05
119,16,162.357193,13.63178779,11.91
119,16,162.357193,13.63178779,11.91
119,16,162.357193,13.63178779,11.91
119,16,162.357193,13.63178779,11.91
172,16,155.8322034,13.4239973,11.61
172,16,155.8322034,13.4239973,11.61
172,16,155.8322034,13.4239973,11.61
172,16,155.8322034,13.4239973,11.61
172,16,155.8322034,13.4239973,11.61
172,16,155.8322034,13.4239973,11.61
172,16,155.8322034,13.4239973,11.61
173,16,163.5308057,14.91091343,10.97
173,16,163.5308057,14.91091343,10.97
173,16,163.5308057,14.91091343,10.97
301,16,141.4507175,11.53964017,12.26
301,16,141.4507175,11.53964017,12.26
301,16,141.4507175,11.53964017,12.26
301,16,141.4507175,11.53964017,12.26
301,16,141.4507175,11.53964017,12.26
301,16,141.4507175,11.53964017,12.26
301,16,141.4507175,11.53964017,12.26
301,16,141.4507175,11.53964017,12.26
301,16,141.4507175,11.53964017,12.26
301,16,141.4507175,11.53964017,12.26
301,16,141.4507175,11.53964017,12.26
301,16,141.4507175,11.53964017,12.26
301,16,141.4507175,11.53964017,12.26
301,16,141.4507175,11.53964017,12.26
301,16,141.4507175,11.53964017,12.26
301,16,141.4507175,11.53964017,12.26
301,16,141.4507175,11.53964017,12.26
317,16,135.8016194,12.00831255,11.31
317,16,135.8016194,12.00831255,11.31
317,16,135.8016194,12.00831255,11.31
317,16,135.8016194,12.00831255,11.31
317,16,135.8016194,12.00831255,11.31
330,16,149.8450106,13.03356688,11.5
330,16,149.8450106,13.03356688,11.5
330,16,149.8450106,13.03356688,11.5
330,16,149.8450106,13.03356688,11.5
340,16,151.2438725,13.55095486,11.16
340,16,151.2438725,13.55095486,11.16
340,16,151.2438725,13.55095486,11.16
340,16,151.2438725,13.55095486,11.16
340,16,151.2438725,13.55095486,11.16
340,16,151.2438725,13.55095486,11.16
431,16,129.8381743,10.48406426,12.38
431,16,129.8381743,10.48406426,12.38
431,16,129.8381743,10.48406426,12.38
431,16,129.8381743,10.48406426,12.38
431,16,129.8381743,10.48406426,12.38
438,16,142.9070175,14.10274412,10.13
438,16,142.9070175,14.10274412,10.13
438,16,142.9070175,14.10274412,10.13
438,16,142.9070175,14.10274412,10.13
438,16,142.9070175,14.10274412,10.13
438,16,142.9070175,14.10274412,10.13
438,16,142.9070175,14.10274412,10.13
438,16,142.9070175,14.10274412,10.13
438,16,142.9070175,14.10274412,10.13
438,16,142.9070175,14.10274412,10.13
438,16,142.9070175,14.10274412,10.13
438,16,142.9070175,14.10274412,10.13
438,16,142.9070175,14.10274412,10.13
438,16,142.9070175,14.10274412,10.13
438,16,142.9070175,14.10274412,10.13
438,16,142.9070175,14.10274412,10.13
438,16,142.9070175,14.10274412,10.13
438,16,142.9070175,14.10274412,10.13
438,16,142.9070175,14.10274412,10.13
438,16,142.9070175,14.10274412,10.13
438,16,142.9070175,14.10274412,10.13
438,16,142.9070175,14.10274412,10.13
438,16,142.9070175,14.10274412,10.13
438,16,142.9070175,14.10274412,10.13
438,16,142.9070175,14.10274412,10.13
438,16,142.9070175,14.10274412,10.13
438,16,142.9070175,14.10274412,10.13
438,16,142.9070175,14.10274412,10.13
438,16,142.9070175,14.10274412,10.13
444,16,127.3329601,11.52190075,11.05
444,16,127.3329601,11.52190075,11.05
444,16,127.3329601,11.52190075,11.05
444,16,127.3329601,11.52190075,11.05
444,16,127.3329601,11.52190075,11.05
444,16,127.3329601,11.52190075,11.05
444,16,127.3329601,11.52190075,11.05
444,16,127.3329601,11.52190075,11.05
444,16,127.3329601,11.52190075,11.05
565,16,143.8994073,12.31715324,11.68
565,16,143.8994073,12.31715324,11.68
565,16,143.8994073,12.31715324,11.68
565,16,143.8994073,12.31715324,11.68
565,16,143.8994073,12.31715324,11.68
565,16,143.8994073,12.31715324,11.68
565,16,143.8994073,12.31715324,11.68
565,16,143.8994073,12.31715324,11.68
565,16,143.8994073,12.31715324,11.68
565,16,143.8994073,12.31715324,11.68
565,16,143.8994073,12.31715324,11.68
565,16,143.8994073,12.31715324,11.68
565,16,143.8994073,12.31715324,11.68
565,16,143.8994073,12.31715324,11.68
565,16,143.8994073,12.31715324,11.68
565,16,143.8994073,12.31715324,11.68
565,16,143.8994073,12.31715324,11.68
565,16,143.8994073,12.31715324,11.68
565,16,143.8994073,12.31715324,11.68
565,16,143.8994073,12.31715324,11.68
565,16,143.8994073,12.31715324,11.68
565,16,143.8994073,12.31715324,11.68
566,16,147.3796664,12.86458501,11.46
566,16,147.3796664,12.86458501,11.46
566,16,147.3796664,12.86458501,11.46
566,16,147.3796664,12.86458501,11.46
566,16,147.3796664,12.86458501,11.46
566,16,147.3796664,12.86458501,11.46
566,16,147.3796664,12.86458501,11.46
566,16,147.3796664,12.86458501,11.46
566,16,147.3796664,12.86458501,11.46
566,16,147.3796664,12.86458501,11.46
566,16,147.3796664,12.86458501,11.46
571,16,147.063004,11.83610958,12.42
571,16,147.063004,11.83610958,12.42
571,16,147.063004,11.83610958,12.42
571,16,147.063004,11.83610958,12.42
571,16,147.063004,11.83610958,12.42
571,16,147.063004,11.83610958,12.42
571,16,147.063004,11.83610958,12.42
571,16,147.063004,11.83610958,12.42
571,16,147.063004,11.83610958,12.42
571,16,147.063004,11.83610958,12.42
571,16,147.063004,11.83610958,12.42
571,16,147.063004,11.83610958,12.42
571,16,147.063004,11.83610958,12.42
571,16,147.063004,11.83610958,12.42
588,16,143.8118514,12.50280721,11.5
588,16,143.8118514,12.50280721,11.5
588,16,143.8118514,12.50280721,11.5
588,16,143.8118514,12.50280721,11.5
588,16,143.8118514,12.50280721,11.5
588,16,143.8118514,12.50280721,11.5
588,16,143.8118514,12.50280721,11.5
588,16,143.8118514,12.50280721,11.5
588,16,143.8118514,12.50280721,11.5
588,16,143.8118514,12.50280721,11.5
600,16,154.9724016,11.98896098,12.93
600,16,154.9724016,11.98896098,12.93
600,16,154.9724016,11.98896098,12.93
605,16,142.2888889,12.20021799,11.66
605,16,142.2888889,12.20021799,11.66
605,16,142.2888889,12.20021799,11.66
605,16,142.2888889,12.20021799,11.66
605,16,142.2888889,12.20021799,11.66
605,16,142.2888889,12.20021799,11.66
605,16,142.2888889,12.20021799,11.66
605,16,142.2888889,12.20021799,11.66
605,16,142.2888889,12.20021799,11.66
605,16,142.2888889,12.20021799,11.66
605,16,142.2888889,12.20021799,11.66
605,16,142.2888889,12.20021799,11.66
605,16,142.2888889,12.20021799,11.66
605,16,142.2888889,12.20021799,11.66
605,16,142.2888889,12.20021799,11.66
677,16,160.3102482,14.35365755,11.17
677,16,160.3102482,14.35365755,11.17
678,16,139.8629168,11.78029613,11.87
678,16,139.8629168,11.78029613,11.87
678,16,139.8629168,11.78029613,11.87
678,16,139.8629168,11.78029613,11.87
678,16,139.8629168,11.78029613,11.87
678,16,139.8629168,11.78029613,11.87
678,16,139.8629168,11.78029613,11.87
697,16,147.764148,12.20242137,12.11
697,16,147.764148,12.20242137,12.11
697,16,147.764148,12.20242137,12.11
697,16,147.764148,12.20242137,12.11
795,16,146.2261249,11.43082635,12.79
795,16,146.2261249,11.43082635,12.79
795,16,146.2261249,11.43082635,12.79
795,16,146.2261249,11.43082635,12.79
795,16,146.2261249,11.43082635,12.79
795,16,146.2261249,11.43082635,12.79
800,16,153.1344095,12.84634902,11.92
800,16,153.1344095,12.84634902,11.92
800,16,153.1344095,12.84634902,11.92
800,16,153.1344095,12.84634902,11.92
800,16,153.1344095,12.84634902,11.92
800,16,153.1344095,12.84634902,11.92
800,16,153.1344095,12.84634902,11.92
811,16,147.9395589,12.67819929,11.67
811,16,147.9395589,12.67819929,11.67
811,16,147.9395589,12.67819929,11.67
811,16,147.9395589,12.67819929,11.67
811,16,147.9395589,12.67819929,11.67
811,16,147.9395589,12.67819929,11.67
811,16,147.9395589,12.67819929,11.67
812,16,138.2446853,12.01709112,11.5
812,16,138.2446853,12.01709112,11.5
812,16,138.2446853,12.01709112,11.5
812,16,138.2446853,12.01709112,11.5
814,16,147.1752632,12.20904568,12.05
814,16,147.1752632,12.20904568,12.05
834,16,157.2769508,13.45272909,11.69
834,16,157.2769508,13.45272909,11.69
834,16,157.2769508,13.45272909,11.69
7,17,144.5255319,13.4471183,10.75
13,17,143.8639944,12.11354875,11.88
13,17,143.8639944,12.11354875,11.88
13,17,143.8639944,12.11354875,11.88
13,17,143.8639944,12.11354875,11.88
13,17,143.8639944,12.11354875,11.88
13,17,143.8639944,12.11354875,11.88
17,17,135.2583047,10.10541781,13.38
17,17,135.2583047,10.10541781,13.38
17,17,135.2583047,10.10541781,13.38
17,17,135.2583047,10.10541781,13.38
17,17,135.2583047,10.10541781,13.38
17,17,135.2583047,10.10541781,13.38
17,17,135.2583047,10.10541781,13.38
17,17,135.2583047,10.10541781,13.38
17,17,135.2583047,10.10541781,13.38
17,17,135.2583047,10.10541781,13.38
18,17,144.2280903,13.2715729,10.87
18,17,144.2280903,13.2715729,10.87
55,17,159.77159,14.47314479,11.04
55,17,159.77159,14.47314479,11.04
170,17,157.6615484,13.38827977,11.78
174,17,162.3820173,13.14627218,12.35
174,17,162.3820173,13.14627218,12.35
175,17,148.86,13.49623862,11.03
175,17,148.86,13.49623862,11.03
175,17,148.86,13.49623862,11.03
175,17,148.86,13.49623862,11.03
175,17,148.86,13.49623862,11.03
175,17,148.86,13.49623862,11.03
178,17,158.8602251,14.00897399,11.34
178,17,158.8602251,14.00897399,11.34
178,17,158.8602251,14.00897399,11.34
178,17,158.8602251,14.00897399,11.34
309,17,148.4405927,13.29796531,11.16
309,17,148.4405927,13.29796531,11.16
309,17,148.4405927,13.29796531,11.16
309,17,148.4405927,13.29796531,11.16
309,17,148.4405927,13.29796531,11.16
318,17,146.0843069,12.86701838,11.35
318,17,146.0843069,12.86701838,11.35
318,17,146.0843069,12.86701838,11.35
318,17,146.0843069,12.86701838,11.35
318,17,146.0843069,12.86701838,11.35
318,17,146.0843069,12.86701838,11.35
319,17,139.4069952,12.14284781,11.48
319,17,139.4069952,12.14284781,11.48
319,17,139.4069952,12.14284781,11.48
319,17,139.4069952,12.14284781,11.48
319,17,139.4069952,12.14284781,11.48
319,17,139.4069952,12.14284781,11.48
319,17,139.4069952,12.14284781,11.48
319,17,139.4069952,12.14284781,11.48
321,17,137.5649251,12.05732392,11.41
321,17,137.5649251,12.05732392,11.41
407,17,156.4071856,15.57675449,10.04
407,17,156.4071856,15.57675449,10.04
407,17,156.4071856,15.57675449,10.04
407,17,156.4071856,15.57675449,10.04
407,17,156.4071856,15.57675449,10.04
407,17,156.4071856,15.57675449,10.04
407,17,156.4071856,15.57675449,10.04
407,17,156.4071856,15.57675449,10.04
410,17,146.1625045,13.67847089,10.69
410,17,146.1625045,13.67847089,10.69
410,17,146.1625045,13.67847089,10.69
410,17,146.1625045,13.67847089,10.69
410,17,146.1625045,13.67847089,10.69
433,17,143.9187675,12.92139126,11.14
433,17,143.9187675,12.92139126,11.14
442,17,153.0657954,13.60284254,11.25
442,17,153.0657954,13.60284254,11.25
442,17,153.0657954,13.60284254,11.25
442,17,153.0657954,13.60284254,11.25
560,17,148.804205,12.04383926,12.36
560,17,148.804205,12.04383926,12.36
560,17,148.804205,12.04383926,12.36
560,17,148.804205,12.04383926,12.36
560,17,148.804205,12.04383926,12.36
560,17,148.804205,12.04383926,12.36
560,17,148.804205,12.04383926,12.36
560,17,148.804205,12.04383926,12.36
560,17,148.804205,12.04383926,12.36
560,17,148.804205,12.04383926,12.36
560,17,148.804205,12.04383926,12.36
560,17,148.804205,12.04383926,12.36
560,17,148.804205,12.04383926,12.36
574,17,136.1698915,11.47560906,11.87
574,17,136.1698915,11.47560906,11.87
574,17,136.1698915,11.47560906,11.87
574,17,136.1698915,11.47560906,11.87
574,17,136.1698915,11.47560906,11.87
574,17,136.1698915,11.47560906,11.87
574,17,136.1698915,11.47560906,11.87
574,17,136.1698915,11.47560906,11.87
574,17,136.1698915,11.47560906,11.87
574,17,136.1698915,11.47560906,11.87
587,17,147.4953429,12.59395687,11.71
587,17,147.4953429,12.59395687,11.71
587,17,147.4953429,12.59395687,11.71
587,17,147.4953429,12.59395687,11.71
587,17,147.4953429,12.59395687,11.71
587,17,147.4953429,12.59395687,11.71
587,17,147.4953429,12.59395687,11.71
679,17,136.9261201,10.91028217,12.55
679,17,136.9261201,10.91028217,12.55
688,17,148.2147947,11.53261943,12.85
688,17,148.2147947,11.53261943,12.85
688,17,148.2147947,11.53261943,12.85
688,17,148.2147947,11.53261943,12.85
688,17,148.2147947,11.53261943,12.85
688,17,148.2147947,11.53261943,12.85
688,17,148.2147947,11.53261943,12.85
688,17,148.2147947,11.53261943,12.85
688,17,148.2147947,11.53261943,12.85
703,17,141.7186188,11.04527541,12.83
703,17,141.7186188,11.04527541,12.83
703,17,141.7186188,11.04527541,12.83
703,17,141.7186188,11.04527541,12.83
809,17,149.6405615,13.34909922,11.21
809,17,149.6405615,13.34909922,11.21
809,17,149.6405615,13.34909922,11.21
809,17,149.6405615,13.34909922,11.21
6,18,144.8876781,14.83615977,9.77
6,18,144.8876781,14.83615977,9.77
6,18,144.8876781,14.83615977,9.77
6,18,144.8876781,14.83615977,9.77
6,18,144.8876781,14.83615977,9.77
6,18,144.8876781,14.83615977,9.77
6,18,144.8876781,14.83615977,9.77
6,18,144.8876781,14.83615977,9.77
6,18,144.8876781,14.83615977,9.77
6,18,144.8876781,14.83615977,9.77
6,18,144.8876781,14.83615977,9.77
14,18,133.5092177,12.03967713,11.09
14,18,133.5092177,12.03967713,11.09
14,18,133.5092177,12.03967713,11.09
14,18,133.5092177,12.03967713,11.09
14,18,133.5092177,12.03967713,11.09
14,18,133.5092177,12.03967713,11.09
14,18,133.5092177,12.03967713,11.09
15,18,135.6187215,12.30299178,11.02
24,18,154.3619925,12.14122743,12.71
24,18,154.3619925,12.14122743,12.71
24,18,154.3619925,12.14122743,12.71
24,18,154.3619925,12.14122743,12.71
24,18,154.3619925,12.14122743,12.71
24,18,154.3619925,12.14122743,12.71
24,18,154.3619925,12.14122743,12.71
24,18,154.3619925,12.14122743,12.71
26,18,160.8444993,14.19130155,11.33
26,18,160.8444993,14.19130155,11.33
26,18,160.8444993,14.19130155,11.33
109,18,156.8921371,12.33787658,12.72
109,18,156.8921371,12.33787658,12.72
109,18,156.8921371,12.33787658,12.72
109,18,156.8921371,12.33787658,12.72
109,18,156.8921371,12.33787658,12.72
124,18,157.015691,13.43178576,11.69
124,18,157.015691,13.43178576,11.69
124,18,157.015691,13.43178576,11.69
124,18,157.015691,13.43178576,11.69
124,18,157.015691,13.43178576,11.69
124,18,157.015691,13.43178576,11.69
306,18,154.1877627,15.75150935,9.79
306,18,154.1877627,15.75150935,9.79
306,18,154.1877627,15.75150935,9.79
306,18,154.1877627,15.75150935,9.79
306,18,154.1877627,15.75150935,9.79
306,18,154.1877627,15.75150935,9.79
306,18,154.1877627,15.75150935,9.79
306,18,154.1877627,15.75150935,9.79
306,18,154.1877627,15.75150935,9.79
306,18,154.1877627,15.75150935,9.79
306,18,154.1877627,15.75150935,9.79
306,18,154.1877627,15.75150935,9.79
306,18,154.1877627,15.75150935,9.79
306,18,154.1877627,15.75150935,9.79
306,18,154.1877627,15.75150935,9.79
306,18,154.1877627,15.75150935,9.79
306,18,154.1877627,15.75150935,9.79
306,18,154.1877627,15.75150935,9.79
332,18,150.7260222,13.34014941,11.3
332,18,150.7260222,13.34014941,11.3
332,18,150.7260222,13.34014941,11.3
332,18,150.7260222,13.34014941,11.3
332,18,150.7260222,13.34014941,11.3
408,18,146.8439292,11.44689004,12.83
408,18,146.8439292,11.44689004,12.83
606,18,134.6039861,11.17817192,12.04
606,18,134.6039861,11.17817192,12.04
606,18,134.6039861,11.17817192,12.04
606,18,134.6039861,11.17817192,12.04
606,18,134.6039861,11.17817192,12.04
606,18,134.6039861,11.17817192,12.04
606,18,134.6039861,11.17817192,12.04
606,18,134.6039861,11.17817192,12.04
606,18,134.6039861,11.17817192,12.04
606,18,134.6039861,11.17817192,12.04
682,18,144.9135063,11.54548503,12.55
682,18,144.9135063,11.54548503,12.55
682,18,144.9135063,11.54548503,12.55
682,18,144.9135063,11.54548503,12.55
683,18,142.2087576,11.9734306,11.88
683,18,142.2087576,11.9734306,11.88
683,18,142.2087576,11.9734306,11.88
683,18,142.2087576,11.9734306,11.88
683,18,142.2087576,11.9734306,11.88
683,18,142.2087576,11.9734306,11.88
683,18,142.2087576,11.9734306,11.88
684,18,139.8482232,12.21068708,11.45
684,18,139.8482232,12.21068708,11.45
684,18,139.8482232,12.21068708,11.45
684,18,139.8482232,12.21068708,11.45
684,18,139.8482232,12.21068708,11.45
684,18,139.8482232,12.21068708,11.45
684,18,139.8482232,12.21068708,11.45
684,18,139.8482232,12.21068708,11.45
684,18,139.8482232,12.21068708,11.45
827,18,162.0182228,14.24686102,11.37
831,18,143.3188406,11.41569012,12.55
831,18,143.3188406,11.41569012,12.55
831,18,143.3188406,11.41569012,12.55
831,18,143.3188406,11.41569012,12.55
164,19,163.1516252,14.59060607,11.18
164,19,163.1516252,14.59060607,11.18
164,19,163.1516252,14.59060607,11.18
164,19,163.1516252,14.59060607,11.18
164,19,163.1516252,14.59060607,11.18
165,19,147.4274648,13.69418213,10.77
165,19,147.4274648,13.69418213,10.77
165,19,147.4274648,13.69418213,10.77
165,19,147.4274648,13.69418213,10.77
165,19,147.4274648,13.69418213,10.77
165,19,147.4274648,13.69418213,10.77
297,19,148.6532731,12.03950819,12.35
297,19,148.6532731,12.03950819,12.35
297,19,148.6532731,12.03950819,12.35
297,19,148.6532731,12.03950819,12.35
326,19,152.5339151,12.86466709,11.86
326,19,152.5339151,12.86466709,11.86
326,19,152.5339151,12.86466709,11.86
326,19,152.5339151,12.86466709,11.86
326,19,152.5339151,12.86466709,11.86
326,19,152.5339151,12.86466709,11.86
326,19,152.5339151,12.86466709,11.86
326,19,152.5339151,12.86466709,11.86
326,19,152.5339151,12.86466709,11.86
326,19,152.5339151,12.86466709,11.86
333,19,151.2302826,13.80920219,10.95
333,19,151.2302826,13.80920219,10.95
333,19,151.2302826,13.80920219,10.95
333,19,151.2302826,13.80920219,10.95
333,19,151.2302826,13.80920219,10.95
333,19,151.2302826,13.80920219,10.95
333,19,151.2302826,13.80920219,10.95
333,19,151.2302826,13.80920219,10.95
349,19,137.3125972,12.77072926,10.75
349,19,137.3125972,12.77072926,10.75
349,19,137.3125972,12.77072926,10.75
349,19,137.3125972,12.77072926,10.75
349,19,137.3125972,12.77072926,10.75
409,19,137.4721323,12.41955081,11.07
409,19,137.4721323,12.41955081,11.07
409,19,137.4721323,12.41955081,11.07
584,19,135.7148453,11.9700973,11.34
584,19,135.7148453,11.9700973,11.34
584,19,135.7148453,11.9700973,11.34
584,19,135.7148453,11.9700973,11.34
584,19,135.7148453,11.9700973,11.34
584,19,135.7148453,11.9700973,11.34
584,19,135.7148453,11.9700973,11.34
584,19,135.7148453,11.9700973,11.34
584,19,135.7148453,11.9700973,11.34
593,19,139.5662898,11.85406865,11.77
593,19,139.5662898,11.85406865,11.77
593,19,139.5662898,11.85406865,11.77
593,19,139.5662898,11.85406865,11.77
593,19,139.5662898,11.85406865,11.77
593,19,139.5662898,11.85406865,11.77
593,19,139.5662898,11.85406865,11.77
593,19,139.5662898,11.85406865,11.77
593,19,139.5662898,11.85406865,11.77
593,19,139.5662898,11.85406865,11.77
594,19,150.4772932,11.49328746,13.09
594,19,150.4772932,11.49328746,13.09
594,19,150.4772932,11.49328746,13.09
594,19,150.4772932,11.49328746,13.09
594,19,150.4772932,11.49328746,13.09
594,19,150.4772932,11.49328746,13.09
594,19,150.4772932,11.49328746,13.09
594,19,150.4772932,11.49328746,13.09
594,19,150.4772932,11.49328746,13.09
594,19,150.4772932,11.49328746,13.09
613,19,140.6692876,11.38949786,12.35
613,19,140.6692876,11.38949786,12.35
613,19,140.6692876,11.38949786,12.35
613,19,140.6692876,11.38949786,12.35
613,19,140.6692876,11.38949786,12.35
613,19,140.6692876,11.38949786,12.35
613,19,140.6692876,11.38949786,12.35
613,19,140.6692876,11.38949786,12.35
645,19,144.8565084,12.42341305,11.66
645,19,144.8565084,12.42341305,11.66
645,19,144.8565084,12.42341305,11.66
645,19,144.8565084,12.42341305,11.66
645,19,144.8565084,12.42341305,11.66
689,19,144.0797571,11.52142543,12.51
689,19,144.0797571,11.52142543,12.51
689,19,144.0797571,11.52142543,12.51
689,19,144.0797571,11.52142543,12.51
689,19,144.0797571,11.52142543,12.51
690,19,140.9237231,11.80258488,11.94
690,19,140.9237231,11.80258488,11.94
690,19,140.9237231,11.80258488,11.94
690,19,140.9237231,11.80258488,11.94
690,19,140.9237231,11.80258488,11.94
690,19,140.9237231,11.80258488,11.94
690,19,140.9237231,11.80258488,11.94
700,19,143.8718549,11.36093856,12.66
700,19,143.8718549,11.36093856,12.66
32,2,154.3617443,11.45392983,13.48
41,2,147.227519,12.54318397,11.74
41,2,147.227519,12.54318397,11.74
41,2,147.227519,12.54318397,11.74
41,2,147.227519,12.54318397,11.74
47,2,160.3270349,13.46869884,11.9
47,2,160.3270349,13.46869884,11.9
47,2,160.3270349,13.46869884,11.9
52,2,152.2789116,13.79562041,11.04
52,2,152.2789116,13.79562041,11.04
90,2,151.6328125,11.6968875,12.96
90,2,151.6328125,11.6968875,12.96
90,2,151.6328125,11.6968875,12.96
90,2,151.6328125,11.6968875,12.96
99,2,156.295082,13.13780462,11.9
99,2,156.295082,13.13780462,11.9
99,2,156.295082,13.13780462,11.9
99,2,156.295082,13.13780462,11.9
99,2,156.295082,13.13780462,11.9
99,2,156.295082,13.13780462,11.9
101,2,169.8038741,12.94325956,13.12
101,2,169.8038741,12.94325956,13.12
101,2,169.8038741,12.94325956,13.12
101,2,169.8038741,12.94325956,13.12
101,2,169.8038741,12.94325956,13.12
103,2,155.8267148,12.3746761,12.59
103,2,155.8267148,12.3746761,12.59
103,2,155.8267148,12.3746761,12.59
191,2,152.7274011,12.6548161,12.07
191,2,152.7274011,12.6548161,12.07
191,2,152.7274011,12.6548161,12.07
191,2,152.7274011,12.6548161,12.07
192,2,153.0833768,12.7731827,11.98
193,2,161.2054846,12.37472425,13.03
193,2,161.2054846,12.37472425,13.03
193,2,161.2054846,12.37472425,13.03
193,2,161.2054846,12.37472425,13.03
193,2,161.2054846,12.37472425,13.03
193,2,161.2054846,12.37472425,13.03
193,2,161.2054846,12.37472425,13.03
193,2,161.2054846,12.37472425,13.03
193,2,161.2054846,12.37472425,13.03
206,2,152.0646617,12.47342941,12.19
206,2,152.0646617,12.47342941,12.19
206,2,152.0646617,12.47342941,12.19
206,2,152.0646617,12.47342941,12.19
206,2,152.0646617,12.47342941,12.19
206,2,152.0646617,12.47342941,12.19
237,2,138.6553641,12.05199956,11.5
237,2,138.6553641,12.05199956,11.5
237,2,138.6553641,12.05199956,11.5
237,2,138.6553641,12.05199956,11.5
237,2,138.6553641,12.05199956,11.5
237,2,138.6553641,12.05199956,11.5
237,2,138.6553641,12.05199956,11.5
237,2,138.6553641,12.05199956,11.5
237,2,138.6553641,12.05199956,11.5
237,2,138.6553641,12.05199956,11.5
237,2,138.6553641,12.05199956,11.5
237,2,138.6553641,12.05199956,11.5
237,2,138.6553641,12.05199956,11.5
473,2,168.0774254,16.9158694,9.94
474,2,128.0783875,9.993264745,12.82
491,2,147.0936566,12.47223097,11.79
491,2,147.0936566,12.47223097,11.79
500,2,141.2747902,11.87614065,11.9
500,2,141.2747902,11.87614065,11.9
500,2,141.2747902,11.87614065,11.9
500,2,141.2747902,11.87614065,11.9
500,2,141.2747902,11.87614065,11.9
500,2,141.2747902,11.87614065,11.9
506,2,147.2384519,11.76096629,12.52
506,2,147.2384519,11.76096629,12.52
506,2,147.2384519,11.76096629,12.52
506,2,147.2384519,11.76096629,12.52
506,2,147.2384519,11.76096629,12.52
506,2,147.2384519,11.76096629,12.52
506,2,147.2384519,11.76096629,12.52
509,2,159.5567686,12.79447331,12.47
509,2,159.5567686,12.79447331,12.47
509,2,159.5567686,12.79447331,12.47
509,2,159.5567686,12.79447331,12.47
509,2,159.5567686,12.79447331,12.47
509,2,159.5567686,12.79447331,12.47
509,2,159.5567686,12.79447331,12.47
541,2,153.117617,13.8883259,11.02
541,2,153.117617,13.8883259,11.02
541,2,153.117617,13.8883259,11.02
553,2,144.797976,13.41921724,10.79
742,2,141.0710688,10.87544916,12.97
743,2,154.1082949,12.4796703,12.35
743,2,154.1082949,12.4796703,12.35
755,2,143.8334201,12.32377449,11.67
755,2,143.8334201,12.32377449,11.67
755,2,143.8334201,12.32377449,11.67
756,2,150.0225779,11.49022669,13.06
756,2,150.0225779,11.49022669,13.06
756,2,150.0225779,11.49022669,13.06
756,2,150.0225779,11.49022669,13.06
756,2,150.0225779,11.49022669,13.06
756,2,150.0225779,11.49022669,13.06
757,2,143.7619048,11.47516384,12.53
757,2,143.7619048,11.47516384,12.53
757,2,143.7619048,11.47516384,12.53
758,2,131.2171166,11.26230121,11.65
762,2,145.96875,11.34937454,12.86
783,2,154.7712056,13.19400739,11.73
783,2,154.7712056,13.19400739,11.73
783,2,154.7712056,13.19400739,11.73
796,2,153.608076,12.28794706,12.5
8,20,152.7655875,14.02158129,10.9
120,20,160.6370848,14.20895548,11.31
120,20,160.6370848,14.20895548,11.31
120,20,160.6370848,14.20895548,11.31
120,20,160.6370848,14.20895548,11.31
120,20,160.6370848,14.20895548,11.31
120,20,160.6370848,14.20895548,11.31
120,20,160.6370848,14.20895548,11.31
127,20,160.5408163,14.31782449,11.21
127,20,160.5408163,14.31782449,11.21
127,20,160.5408163,14.31782449,11.21
145,20,149.2709114,14.4985903,10.3
145,20,149.2709114,14.4985903,10.3
145,20,149.2709114,14.4985903,10.3
145,20,149.2709114,14.4985903,10.3
145,20,149.2709114,14.4985903,10.3
145,20,149.2709114,14.4985903,10.3
145,20,149.2709114,14.4985903,10.3
145,20,149.2709114,14.4985903,10.3
145,20,149.2709114,14.4985903,10.3
145,20,149.2709114,14.4985903,10.3
145,20,149.2709114,14.4985903,10.3
159,20,148.991606,12.91908798,11.53
159,20,148.991606,12.91908798,11.53
159,20,148.991606,12.91908798,11.53
159,20,148.991606,12.91908798,11.53
166,20,150.4239421,13.23684865,11.36
166,20,150.4239421,13.23684865,11.36
166,20,150.4239421,13.23684865,11.36
171,20,141.1032468,12.69442753,11.12
171,20,141.1032468,12.69442753,11.12
171,20,141.1032468,12.69442753,11.12
171,20,141.1032468,12.69442753,11.12
171,20,141.1032468,12.69442753,11.12
171,20,141.1032468,12.69442753,11.12
334,20,144.7770545,12.89844293,11.22
334,20,144.7770545,12.89844293,11.22
334,20,144.7770545,12.89844293,11.22
334,20,144.7770545,12.89844293,11.22
334,20,144.7770545,12.89844293,11.22
334,20,144.7770545,12.89844293,11.22
345,20,157.6390469,14.4173138,10.93
345,20,157.6390469,14.4173138,10.93
345,20,157.6390469,14.4173138,10.93
345,20,157.6390469,14.4173138,10.93
346,20,152.111976,13.12989136,11.59
346,20,152.111976,13.12989136,11.59
346,20,152.111976,13.12989136,11.59
411,20,126.723487,12.11841755,10.46
411,20,126.723487,12.11841755,10.46
411,20,126.723487,12.11841755,10.46
411,20,126.723487,12.11841755,10.46
411,20,126.723487,12.11841755,10.46
411,20,126.723487,12.11841755,10.46
411,20,126.723487,12.11841755,10.46
417,20,136.3214719,12.10536233,11.26
417,20,136.3214719,12.10536233,11.26
417,20,136.3214719,12.10536233,11.26
417,20,136.3214719,12.10536233,11.26
417,20,136.3214719,12.10536233,11.26
417,20,136.3214719,12.10536233,11.26
417,20,136.3214719,12.10536233,11.26
417,20,136.3214719,12.10536233,11.26
418,20,132.6454462,12.26532172,10.81
418,20,132.6454462,12.26532172,10.81
418,20,132.6454462,12.26532172,10.81
418,20,132.6454462,12.26532172,10.81
616,20,135.8327957,11.24920258,12.07
616,20,135.8327957,11.24920258,12.07
616,20,135.8327957,11.24920258,12.07
616,20,135.8327957,11.24920258,12.07
646,20,136.4680015,11.89295583,11.47
646,20,136.4680015,11.89295583,11.47
646,20,136.4680015,11.89295583,11.47
646,20,136.4680015,11.89295583,11.47
646,20,136.4680015,11.89295583,11.47
704,20,140.293653,12.06206525,11.63
704,20,140.293653,12.06206525,11.63
704,20,140.293653,12.06206525,11.63
704,20,140.293653,12.06206525,11.63
704,20,140.293653,12.06206525,11.63
721,20,160.2190444,12.87415599,12.45
721,20,160.2190444,12.87415599,12.45
721,20,160.2190444,12.87415599,12.45
721,20,160.2190444,12.87415599,12.45
721,20,160.2190444,12.87415599,12.45
792,20,144.8352043,11.78911978,12.29
792,20,144.8352043,11.78911978,12.29
792,20,144.8352043,11.78911978,12.29
808,20,148.3564785,12.0847347,12.28
808,20,148.3564785,12.0847347,12.28
808,20,148.3564785,12.0847347,12.28
808,20,148.3564785,12.0847347,12.28
808,20,148.3564785,12.0847347,12.28
808,20,148.3564785,12.0847347,12.28
808,20,148.3564785,12.0847347,12.28
808,20,148.3564785,12.0847347,12.28
808,20,148.3564785,12.0847347,12.28
808,20,148.3564785,12.0847347,12.28
808,20,148.3564785,12.0847347,12.28
808,20,148.3564785,12.0847347,12.28
833,20,150.154239,12.60455975,11.91
833,20,150.154239,12.60455975,11.91
835,20,154.8328321,12.8137994,12.08
835,20,154.8328321,12.8137994,12.08
835,20,154.8328321,12.8137994,12.08
835,20,154.8328321,12.8137994,12.08
835,20,154.8328321,12.8137994,12.08
835,20,154.8328321,12.8137994,12.08
835,20,154.8328321,12.8137994,12.08
835,20,154.8328321,12.8137994,12.08
835,20,154.8328321,12.8137994,12.08
835,20,154.8328321,12.8137994,12.08
835,20,154.8328321,12.8137994,12.08
835,20,154.8328321,12.8137994,12.08
27,21,142.3197851,12.18187442,11.68
27,21,142.3197851,12.18187442,11.68
27,21,142.3197851,12.18187442,11.68
27,21,142.3197851,12.18187442,11.68
27,21,142.3197851,12.18187442,11.68
27,21,142.3197851,12.18187442,11.68
27,21,142.3197851,12.18187442,11.68
27,21,142.3197851,12.18187442,11.68
27,21,142.3197851,12.18187442,11.68
27,21,142.3197851,12.18187442,11.68
27,21,142.3197851,12.18187442,11.68
27,21,142.3197851,12.18187442,11.68
27,21,142.3197851,12.18187442,11.68
27,21,142.3197851,12.18187442,11.68
140,21,149.2883379,12.4245157,12.02
140,21,149.2883379,12.4245157,12.02
142,21,163.4546314,16.73681813,9.77
142,21,163.4546314,16.73681813,9.77
142,21,163.4546314,16.73681813,9.77
142,21,163.4546314,16.73681813,9.77
142,21,163.4546314,16.73681813,9.77
142,21,163.4546314,16.73681813,9.77
142,21,163.4546314,16.73681813,9.77
142,21,163.4546314,16.73681813,9.77
142,21,163.4546314,16.73681813,9.77
149,21,161.6591745,14.32630629,11.28
149,21,161.6591745,14.32630629,11.28
149,21,161.6591745,14.32630629,11.28
149,21,161.6591745,14.32630629,11.28
163,21,161.2394708,14.59632149,11.05
163,21,161.2394708,14.59632149,11.05
163,21,161.2394708,14.59632149,11.05
163,21,161.2394708,14.59632149,11.05
163,21,161.2394708,14.59632149,11.05
163,21,161.2394708,14.59632149,11.05
163,21,161.2394708,14.59632149,11.05
163,21,161.2394708,14.59632149,11.05
163,21,161.2394708,14.59632149,11.05
163,21,161.2394708,14.59632149,11.05
163,21,161.2394708,14.59632149,11.05
293,21,154.1002132,12.77916716,12.06
293,21,154.1002132,12.77916716,12.06
293,21,154.1002132,12.77916716,12.06
293,21,154.1002132,12.77916716,12.06
293,21,154.1002132,12.77916716,12.06
293,21,154.1002132,12.77916716,12.06
293,21,154.1002132,12.77916716,12.06
310,21,131.5135422,11.3657009,11.57
310,21,131.5135422,11.3657009,11.57
310,21,131.5135422,11.3657009,11.57
310,21,131.5135422,11.3657009,11.57
310,21,131.5135422,11.3657009,11.57
310,21,131.5135422,11.3657009,11.57
310,21,131.5135422,11.3657009,11.57
310,21,131.5135422,11.3657009,11.57
310,21,131.5135422,11.3657009,11.57
310,21,131.5135422,11.3657009,11.57
310,21,131.5135422,11.3657009,11.57
310,21,131.5135422,11.3657009,11.57
323,21,166.176,10.9683792,15.15
324,21,172.8857715,16.40391944,10.54
325,21,145.1473936,11.72351957,12.38
325,21,145.1473936,11.72351957,12.38
325,21,145.1473936,11.72351957,12.38
331,21,144.6890424,12.25198697,11.81
331,21,144.6890424,12.25198697,11.81
331,21,144.6890424,12.25198697,11.81
331,21,144.6890424,12.25198697,11.81
331,21,144.6890424,12.25198697,11.81
331,21,144.6890424,12.25198697,11.81
331,21,144.6890424,12.25198697,11.81
352,21,165.2861086,16.64861564,9.93
364,21,140.9175695,14.18609612,9.93
364,21,140.9175695,14.18609612,9.93
364,21,140.9175695,14.18609612,9.93
364,21,140.9175695,14.18609612,9.93
364,21,140.9175695,14.18609612,9.93
364,21,140.9175695,14.18609612,9.93
376,21,129.845187,12.0217684,10.8
376,21,129.845187,12.0217684,10.8
376,21,129.845187,12.0217684,10.8
376,21,129.845187,12.0217684,10.8
376,21,129.845187,12.0217684,10.8
376,21,129.845187,12.0217684,10.8
376,21,129.845187,12.0217684,10.8
378,21,132.073571,12.36014669,10.69
378,21,132.073571,12.36014669,10.69
378,21,132.073571,12.36014669,10.69
378,21,132.073571,12.36014669,10.69
402,21,150.1008111,14.19662086,10.57
402,21,150.1008111,14.19662086,10.57
402,21,150.1008111,14.19662086,10.57
414,21,137.0905365,12.99864268,10.55
414,21,137.0905365,12.99864268,10.55
414,21,137.0905365,12.99864268,10.55
414,21,137.0905365,12.99864268,10.55
414,21,137.0905365,12.99864268,10.55
414,21,137.0905365,12.99864268,10.55
419,21,133.3709199,12.714673,10.49
419,21,133.3709199,12.714673,10.49
419,21,133.3709199,12.714673,10.49
598,21,154.2317808,11.91046388,12.95
598,21,154.2317808,11.91046388,12.95
598,21,154.2317808,11.91046388,12.95
598,21,154.2317808,11.91046388,12.95
598,21,154.2317808,11.91046388,12.95
603,21,134.8995357,11.0924358,12.16
603,21,134.8995357,11.0924358,12.16
603,21,134.8995357,11.0924358,12.16
603,21,134.8995357,11.0924358,12.16
603,21,134.8995357,11.0924358,12.16
607,21,138.6397466,11.31168527,12.26
607,21,138.6397466,11.31168527,12.26
607,21,138.6397466,11.31168527,12.26
607,21,138.6397466,11.31168527,12.26
607,21,138.6397466,11.31168527,12.26
607,21,138.6397466,11.31168527,12.26
607,21,138.6397466,11.31168527,12.26
607,21,138.6397466,11.31168527,12.26
608,21,133.2935022,10.9897652,12.13
608,21,133.2935022,10.9897652,12.13
608,21,133.2935022,10.9897652,12.13
608,21,133.2935022,10.9897652,12.13
608,21,133.2935022,10.9897652,12.13
608,21,133.2935022,10.9897652,12.13
614,21,136.1401548,11.66404127,11.67
614,21,136.1401548,11.66404127,11.67
614,21,136.1401548,11.66404127,11.67
614,21,136.1401548,11.66404127,11.67
614,21,136.1401548,11.66404127,11.67
614,21,136.1401548,11.66404127,11.67
615,21,141.8532533,11.53285722,12.3
615,21,141.8532533,11.53285722,12.3
615,21,141.8532533,11.53285722,12.3
615,21,141.8532533,11.53285722,12.3
615,21,141.8532533,11.53285722,12.3
615,21,141.8532533,11.53285722,12.3
615,21,141.8532533,11.53285722,12.3
615,21,141.8532533,11.53285722,12.3
615,21,141.8532533,11.53285722,12.3
615,21,141.8532533,11.53285722,12.3
615,21,141.8532533,11.53285722,12.3
615,21,141.8532533,11.53285722,12.3
636,21,137.8762353,11.6657568,11.82
636,21,137.8762353,11.6657568,11.82
636,21,137.8762353,11.6657568,11.82
647,21,137.2684373,11.70552419,11.73
647,21,137.2684373,11.70552419,11.73
647,21,137.2684373,11.70552419,11.73
647,21,137.2684373,11.70552419,11.73
647,21,137.2684373,11.70552419,11.73
647,21,137.2684373,11.70552419,11.73
647,21,137.2684373,11.70552419,11.73
680,21,141.4230977,12.32863616,11.47
680,21,141.4230977,12.32863616,11.47
680,21,141.4230977,12.32863616,11.47
680,21,141.4230977,12.32863616,11.47
680,21,141.4230977,12.32863616,11.47
691,21,154.3849733,13.05931359,11.82
691,21,154.3849733,13.05931359,11.82
691,21,154.3849733,13.05931359,11.82
691,21,154.3849733,13.05931359,11.82
691,21,154.3849733,13.05931359,11.82
691,21,154.3849733,13.05931359,11.82
691,21,154.3849733,13.05931359,11.82
691,21,154.3849733,13.05931359,11.82
691,21,154.3849733,13.05931359,11.82
691,21,154.3849733,13.05931359,11.82
691,21,154.3849733,13.05931359,11.82
722,21,143.6810176,12.6176407,11.39
722,21,143.6810176,12.6176407,11.39
723,21,145.0860821,11.64771456,12.46
723,21,145.0860821,11.64771456,12.46
723,21,145.0860821,11.64771456,12.46
823,21,138.5452236,12.08530976,11.46
823,21,138.5452236,12.08530976,11.46
823,21,138.5452236,12.08530976,11.46
25,22,136.8131289,11.79161629,11.6
25,22,136.8131289,11.79161629,11.6
25,22,136.8131289,11.79161629,11.6
25,22,136.8131289,11.79161629,11.6
25,22,136.8131289,11.79161629,11.6
123,22,143.6781726,12.0574571,11.92
123,22,143.6781726,12.0574571,11.92
123,22,143.6781726,12.0574571,11.92
123,22,143.6781726,12.0574571,11.92
123,22,143.6781726,12.0574571,11.92
125,22,157.0535588,12.17706216,12.9
125,22,157.0535588,12.17706216,12.9
125,22,157.0535588,12.17706216,12.9
125,22,157.0535588,12.17706216,12.9
125,22,157.0535588,12.17706216,12.9
126,22,164.1869424,14.06810511,11.67
126,22,164.1869424,14.06810511,11.67
126,22,164.1869424,14.06810511,11.67
126,22,164.1869424,14.06810511,11.67
126,22,164.1869424,14.06810511,11.67
141,22,160.4556213,14.40799349,11.14
141,22,160.4556213,14.40799349,11.14
141,22,160.4556213,14.40799349,11.14
141,22,160.4556213,14.40799349,11.14
141,22,160.4556213,14.40799349,11.14
291,22,165.6520651,13.22159099,12.53
291,22,165.6520651,13.22159099,12.53
291,22,165.6520651,13.22159099,12.53
291,22,165.6520651,13.22159099,12.53
291,22,165.6520651,13.22159099,12.53
337,22,148.3453423,12.99541862,11.42
337,22,148.3453423,12.99541862,11.42
337,22,148.3453423,12.99541862,11.42
337,22,148.3453423,12.99541862,11.42
337,22,148.3453423,12.99541862,11.42
337,22,148.3453423,12.99541862,11.42
337,22,148.3453423,12.99541862,11.42
351,22,162.3053333,12.159984,13.35
351,22,162.3053333,12.159984,13.35
351,22,162.3053333,12.159984,13.35
351,22,162.3053333,12.159984,13.35
351,22,162.3053333,12.159984,13.35
351,22,162.3053333,12.159984,13.35
353,22,134.2844542,11.32606439,11.86
353,22,134.2844542,11.32606439,11.86
353,22,134.2844542,11.32606439,11.86
360,22,136.7178453,12.37743243,11.05
360,22,136.7178453,12.37743243,11.05
360,22,136.7178453,12.37743243,11.05
360,22,136.7178453,12.37743243,11.05
360,22,136.7178453,12.37743243,11.05
360,22,136.7178453,12.37743243,11.05
360,22,136.7178453,12.37743243,11.05
361,22,146.2313897,13.34831961,10.96
361,22,146.2313897,13.34831961,10.96
361,22,146.2313897,13.34831961,10.96
361,22,146.2313897,13.34831961,10.96
361,22,146.2313897,13.34831961,10.96
361,22,146.2313897,13.34831961,10.96
361,22,146.2313897,13.34831961,10.96
361,22,146.2313897,13.34831961,10.96
361,22,146.2313897,13.34831961,10.96
361,22,146.2313897,13.34831961,10.96
361,22,146.2313897,13.34831961,10.96
374,22,124.0124429,11.67059848,10.63
374,22,124.0124429,11.67059848,10.63
374,22,124.0124429,11.67059848,10.63
374,22,124.0124429,11.67059848,10.63
374,22,124.0124429,11.67059848,10.63
374,22,124.0124429,11.67059848,10.63
374,22,124.0124429,11.67059848,10.63
374,22,124.0124429,11.67059848,10.63
374,22,124.0124429,11.67059848,10.63
375,22,138.5747918,13.28684755,10.43
375,22,138.5747918,13.28684755,10.43
375,22,138.5747918,13.28684755,10.43
375,22,138.5747918,13.28684755,10.43
375,22,138.5747918,13.28684755,10.43
390,22,145.4269289,13.96439891,10.41
390,22,145.4269289,13.96439891,10.41
390,22,145.4269289,13.96439891,10.41
390,22,145.4269289,13.96439891,10.41
395,22,139.4363434,12.67752791,11
395,22,139.4363434,12.67752791,11
395,22,139.4363434,12.67752791,11
395,22,139.4363434,12.67752791,11
395,22,139.4363434,12.67752791,11
397,22,149.9138269,14.69701058,10.2
397,22,149.9138269,14.69701058,10.2
397,22,149.9138269,14.69701058,10.2
420,22,157.875,22.50862941,7.01
421,22,130.8985788,11.14819767,11.74
421,22,130.8985788,11.14819767,11.74
421,22,130.8985788,11.14819767,11.74
422,22,131.2356091,12.29049542,10.68
422,22,131.2356091,12.29049542,10.68
422,22,131.2356091,12.29049542,10.68
422,22,131.2356091,12.29049542,10.68
424,22,133.2035637,11.91873469,11.18
424,22,133.2035637,11.91873469,11.18
424,22,133.2035637,11.91873469,11.18
424,22,133.2035637,11.91873469,11.18
424,22,133.2035637,11.91873469,11.18
424,22,133.2035637,11.91873469,11.18
424,22,133.2035637,11.91873469,11.18
424,22,133.2035637,11.91873469,11.18
424,22,133.2035637,11.91873469,11.18
424,22,133.2035637,11.91873469,11.18
424,22,133.2035637,11.91873469,11.18
604,22,140.9186239,11.25432024,12.52
604,22,140.9186239,11.25432024,12.52
604,22,140.9186239,11.25432024,12.52
604,22,140.9186239,11.25432024,12.52
604,22,140.9186239,11.25432024,12.52
604,22,140.9186239,11.25432024,12.52
604,22,140.9186239,11.25432024,12.52
648,22,124.3860252,10.98772784,11.32
648,22,124.3860252,10.98772784,11.32
648,22,124.3860252,10.98772784,11.32
648,22,124.3860252,10.98772784,11.32
648,22,124.3860252,10.98772784,11.32
648,22,124.3860252,10.98772784,11.32
648,22,124.3860252,10.98772784,11.32
648,22,124.3860252,10.98772784,11.32
648,22,124.3860252,10.98772784,11.32
671,22,132.0570583,11.17135841,11.82
671,22,132.0570583,11.17135841,11.82
671,22,132.0570583,11.17135841,11.82
671,22,132.0570583,11.17135841,11.82
671,22,132.0570583,11.17135841,11.82
671,22,132.0570583,11.17135841,11.82
671,22,132.0570583,11.17135841,11.82
671,22,132.0570583,11.17135841,11.82
672,22,142.270775,11.58851653,12.28
672,22,142.270775,11.58851653,12.28
672,22,142.270775,11.58851653,12.28
672,22,142.270775,11.58851653,12.28
672,22,142.270775,11.58851653,12.28
687,22,143.0897803,11.90535939,12.02
687,22,143.0897803,11.90535939,12.02
687,22,143.0897803,11.90535939,12.02
687,22,143.0897803,11.90535939,12.02
687,22,143.0897803,11.90535939,12.02
687,22,143.0897803,11.90535939,12.02
687,22,143.0897803,11.90535939,12.02
687,22,143.0897803,11.90535939,12.02
687,22,143.0897803,11.90535939,12.02
687,22,143.0897803,11.90535939,12.02
687,22,143.0897803,11.90535939,12.02
16,23,143.0171329,12.58336786,11.37
16,23,143.0171329,12.58336786,11.37
16,23,143.0171329,12.58336786,11.37
16,23,143.0171329,12.58336786,11.37
16,23,143.0171329,12.58336786,11.37
16,23,143.0171329,12.58336786,11.37
16,23,143.0171329,12.58336786,11.37
16,23,143.0171329,12.58336786,11.37
16,23,143.0171329,12.58336786,11.37
136,23,136.8065476,11.92417143,11.47
136,23,136.8065476,11.92417143,11.47
138,23,156.9331976,15.20062974,10.32
138,23,156.9331976,15.20062974,10.32
138,23,156.9331976,15.20062974,10.32
138,23,156.9331976,15.20062974,10.32
138,23,156.9331976,15.20062974,10.32
138,23,156.9331976,15.20062974,10.32
138,23,156.9331976,15.20062974,10.32
138,23,156.9331976,15.20062974,10.32
138,23,156.9331976,15.20062974,10.32
138,23,156.9331976,15.20062974,10.32
138,23,156.9331976,15.20062974,10.32
160,23,153.7111018,12.99154185,11.83
160,23,153.7111018,12.99154185,11.83
289,23,143.3810538,12.60505609,11.37
289,23,143.3810538,12.60505609,11.37
289,23,143.3810538,12.60505609,11.37
289,23,143.3810538,12.60505609,11.37
289,23,143.3810538,12.60505609,11.37
289,23,143.3810538,12.60505609,11.37
289,23,143.3810538,12.60505609,11.37
316,23,138.1152882,13.69386767,10.09
316,23,138.1152882,13.69386767,10.09
316,23,138.1152882,13.69386767,10.09
316,23,138.1152882,13.69386767,10.09
316,23,138.1152882,13.69386767,10.09
316,23,138.1152882,13.69386767,10.09
316,23,138.1152882,13.69386767,10.09
348,23,146.9683327,13.272676,11.07
348,23,146.9683327,13.272676,11.07
348,23,146.9683327,13.272676,11.07
348,23,146.9683327,13.272676,11.07
348,23,146.9683327,13.272676,11.07
382,23,151.6675138,14.59635934,10.39
382,23,151.6675138,14.59635934,10.39
382,23,151.6675138,14.59635934,10.39
382,23,151.6675138,14.59635934,10.39
382,23,151.6675138,14.59635934,10.39
385,23,148.2893543,14.19464921,10.45
385,23,148.2893543,14.19464921,10.45
389,23,141.4928297,12.06581364,11.73
389,23,141.4928297,12.06581364,11.73
389,23,141.4928297,12.06581364,11.73
398,23,151.7238112,12.16203495,12.48
398,23,151.7238112,12.16203495,12.48
398,23,151.7238112,12.16203495,12.48
398,23,151.7238112,12.16203495,12.48
398,23,151.7238112,12.16203495,12.48
398,23,151.7238112,12.16203495,12.48
398,23,151.7238112,12.16203495,12.48
398,23,151.7238112,12.16203495,12.48
398,23,151.7238112,12.16203495,12.48
398,23,151.7238112,12.16203495,12.48
398,23,151.7238112,12.16203495,12.48
398,23,151.7238112,12.16203495,12.48
398,23,151.7238112,12.16203495,12.48
398,23,151.7238112,12.16203495,12.48
405,23,124.305033,11.00503162,11.3
405,23,124.305033,11.00503162,11.3
405,23,124.305033,11.00503162,11.3
405,23,124.305033,11.00503162,11.3
405,23,124.305033,11.00503162,11.3
405,23,124.305033,11.00503162,11.3
405,23,124.305033,11.00503162,11.3
405,23,124.305033,11.00503162,11.3
583,23,150.2539219,12.86167968,11.68
583,23,150.2539219,12.86167968,11.68
583,23,150.2539219,12.86167968,11.68
583,23,150.2539219,12.86167968,11.68
583,23,150.2539219,12.86167968,11.68
583,23,150.2539219,12.86167968,11.68
583,23,150.2539219,12.86167968,11.68
583,23,150.2539219,12.86167968,11.68
583,23,150.2539219,12.86167968,11.68
583,23,150.2539219,12.86167968,11.68
583,23,150.2539219,12.86167968,11.68
583,23,150.2539219,12.86167968,11.68
583,23,150.2539219,12.86167968,11.68
583,23,150.2539219,12.86167968,11.68
589,23,140.4366293,11.20080284,12.54
589,23,140.4366293,11.20080284,12.54
589,23,140.4366293,11.20080284,12.54
589,23,140.4366293,11.20080284,12.54
589,23,140.4366293,11.20080284,12.54
589,23,140.4366293,11.20080284,12.54
589,23,140.4366293,11.20080284,12.54
589,23,140.4366293,11.20080284,12.54
589,23,140.4366293,11.20080284,12.54
589,23,140.4366293,11.20080284,12.54
618,23,135.9792403,11.02112814,12.34
618,23,135.9792403,11.02112814,12.34
618,23,135.9792403,11.02112814,12.34
618,23,135.9792403,11.02112814,12.34
618,23,135.9792403,11.02112814,12.34
630,23,146.3974215,12.85647982,11.39
630,23,146.3974215,12.85647982,11.39
630,23,146.3974215,12.85647982,11.39
634,23,144.26726,12.5807642,11.47
634,23,144.26726,12.5807642,11.47
634,23,144.26726,12.5807642,11.47
642,23,150.8884688,11.999831,12.57
653,23,139.5637229,12.02216288,11.61
653,23,139.5637229,12.02216288,11.61
654,23,143.2450871,11.95366601,11.98
654,23,143.2450871,11.95366601,11.98
654,23,143.2450871,11.95366601,11.98
654,23,143.2450871,11.95366601,11.98
654,23,143.2450871,11.95366601,11.98
654,23,143.2450871,11.95366601,11.98
654,23,143.2450871,11.95366601,11.98
654,23,143.2450871,11.95366601,11.98
654,23,143.2450871,11.95366601,11.98
654,23,143.2450871,11.95366601,11.98
654,23,143.2450871,11.95366601,11.98
654,23,143.2450871,11.95366601,11.98
654,23,143.2450871,11.95366601,11.98
659,23,136.5868893,11.06816327,12.34
659,23,136.5868893,11.06816327,12.34
660,23,151.977494,13.65589691,11.13
660,23,151.977494,13.65589691,11.13
660,23,151.977494,13.65589691,11.13
660,23,151.977494,13.65589691,11.13
660,23,151.977494,13.65589691,11.13
660,23,151.977494,13.65589691,11.13
660,23,151.977494,13.65589691,11.13
660,23,151.977494,13.65589691,11.13
681,23,150.8111965,12.82400132,11.76
681,23,150.8111965,12.82400132,11.76
681,23,150.8111965,12.82400132,11.76
681,23,150.8111965,12.82400132,11.76
681,23,150.8111965,12.82400132,11.76
681,23,150.8111965,12.82400132,11.76
681,23,150.8111965,12.82400132,11.76
12,24,146.0817464,12.61257074,11.58
12,24,146.0817464,12.61257074,11.58
21,24,134.9046653,12.52254888,10.77
21,24,134.9046653,12.52254888,10.77
21,24,134.9046653,12.52254888,10.77
21,24,134.9046653,12.52254888,10.77
21,24,134.9046653,12.52254888,10.77
121,24,163.4134955,13.99733103,11.67
121,24,163.4134955,13.99733103,11.67
121,24,163.4134955,13.99733103,11.67
121,24,163.4134955,13.99733103,11.67
132,24,166.9725946,13.98886327,11.94
132,24,166.9725946,13.98886327,11.94
132,24,166.9725946,13.98886327,11.94
132,24,166.9725946,13.98886327,11.94
135,24,155.7290363,15.85348536,9.82
135,24,155.7290363,15.85348536,9.82
135,24,155.7290363,15.85348536,9.82
135,24,155.7290363,15.85348536,9.82
135,24,155.7290363,15.85348536,9.82
135,24,155.7290363,15.85348536,9.82
135,24,155.7290363,15.85348536,9.82
135,24,155.7290363,15.85348536,9.82
135,24,155.7290363,15.85348536,9.82
135,24,155.7290363,15.85348536,9.82
135,24,155.7290363,15.85348536,9.82
144,24,154.9451567,13.99220513,11.07
144,24,154.9451567,13.99220513,11.07
144,24,154.9451567,13.99220513,11.07
144,24,154.9451567,13.99220513,11.07
144,24,154.9451567,13.99220513,11.07
144,24,154.9451567,13.99220513,11.07
148,24,149.2040956,13.4606015,11.08
148,24,149.2040956,13.4606015,11.08
148,24,149.2040956,13.4606015,11.08
148,24,149.2040956,13.4606015,11.08
148,24,149.2040956,13.4606015,11.08
152,24,158.2961918,14.13959281,11.2
152,24,158.2961918,14.13959281,11.2
152,24,158.2961918,14.13959281,11.2
152,24,158.2961918,14.13959281,11.2
152,24,158.2961918,14.13959281,11.2
152,24,158.2961918,14.13959281,11.2
155,24,158.3825257,14.49656564,10.93
155,24,158.3825257,14.49656564,10.93
155,24,158.3825257,14.49656564,10.93
155,24,158.3825257,14.49656564,10.93
155,24,158.3825257,14.49656564,10.93
155,24,158.3825257,14.49656564,10.93
156,24,151.4870993,14.28048646,10.61
156,24,151.4870993,14.28048646,10.61
156,24,151.4870993,14.28048646,10.61
156,24,151.4870993,14.28048646,10.61
156,24,151.4870993,14.28048646,10.61
156,24,151.4870993,14.28048646,10.61
156,24,151.4870993,14.28048646,10.61
156,24,151.4870993,14.28048646,10.61
156,24,151.4870993,14.28048646,10.61
156,24,151.4870993,14.28048646,10.61
156,24,151.4870993,14.28048646,10.61
292,24,145.2756233,13.42369343,10.82
292,24,145.2756233,13.42369343,10.82
292,24,145.2756233,13.42369343,10.82
292,24,145.2756233,13.42369343,10.82
292,24,145.2756233,13.42369343,10.82
292,24,145.2756233,13.42369343,10.82
292,24,145.2756233,13.42369343,10.82
307,24,143.5063902,12.4572761,11.52
307,24,143.5063902,12.4572761,11.52
307,24,143.5063902,12.4572761,11.52
307,24,143.5063902,12.4572761,11.52
307,24,143.5063902,12.4572761,11.52
307,24,143.5063902,12.4572761,11.52
307,24,143.5063902,12.4572761,11.52
307,24,143.5063902,12.4572761,11.52
315,24,173.6533828,16.64080816,10.44
354,24,155.9744501,14.66009376,10.64
354,24,155.9744501,14.66009376,10.64
354,24,155.9744501,14.66009376,10.64
354,24,155.9744501,14.66009376,10.64
354,24,155.9744501,14.66009376,10.64
354,24,155.9744501,14.66009376,10.64
354,24,155.9744501,14.66009376,10.64
354,24,155.9744501,14.66009376,10.64
354,24,155.9744501,14.66009376,10.64
354,24,155.9744501,14.66009376,10.64
354,24,155.9744501,14.66009376,10.64
356,24,149.4066038,14.5269583,10.28
356,24,149.4066038,14.5269583,10.28
356,24,149.4066038,14.5269583,10.28
356,24,149.4066038,14.5269583,10.28
356,24,149.4066038,14.5269583,10.28
356,24,149.4066038,14.5269583,10.28
356,24,149.4066038,14.5269583,10.28
362,24,136.1409266,13.05230734,10.43
362,24,136.1409266,13.05230734,10.43
369,24,149.1462552,13.21641813,11.28
369,24,149.1462552,13.21641813,11.28
369,24,149.1462552,13.21641813,11.28
369,24,149.1462552,13.21641813,11.28
370,24,137.6782462,12.72839071,10.82
370,24,137.6782462,12.72839071,10.82
370,24,137.6782462,12.72839071,10.82
370,24,137.6782462,12.72839071,10.82
370,24,137.6782462,12.72839071,10.82
370,24,137.6782462,12.72839071,10.82
370,24,137.6782462,12.72839071,10.82
377,24,136.8225299,11.53318565,11.86
377,24,136.8225299,11.53318565,11.86
377,24,136.8225299,11.53318565,11.86
379,24,112.8872215,10.26521746,11
379,24,112.8872215,10.26521746,11
379,24,112.8872215,10.26521746,11
379,24,112.8872215,10.26521746,11
379,24,112.8872215,10.26521746,11
379,24,112.8872215,10.26521746,11
379,24,112.8872215,10.26521746,11
379,24,112.8872215,10.26521746,11
379,24,112.8872215,10.26521746,11
379,24,112.8872215,10.26521746,11
388,24,113.0173954,10.33265501,10.94
388,24,113.0173954,10.33265501,10.94
388,24,113.0173954,10.33265501,10.94
388,24,113.0173954,10.33265501,10.94
388,24,113.0173954,10.33265501,10.94
388,24,113.0173954,10.33265501,10.94
388,24,113.0173954,10.33265501,10.94
388,24,113.0173954,10.33265501,10.94
388,24,113.0173954,10.33265501,10.94
388,24,113.0173954,10.33265501,10.94
400,24,124.564346,11.27125633,11.05
400,24,124.564346,11.27125633,11.05
400,24,124.564346,11.27125633,11.05
400,24,124.564346,11.27125633,11.05
400,24,124.564346,11.27125633,11.05
400,24,124.564346,11.27125633,11.05
400,24,124.564346,11.27125633,11.05
423,24,155.4582043,13.79761345,11.27
423,24,155.4582043,13.79761345,11.27
601,24,151.5185766,12.03512281,12.59
601,24,151.5185766,12.03512281,12.59
601,24,151.5185766,12.03512281,12.59
601,24,151.5185766,12.03512281,12.59
601,24,151.5185766,12.03512281,12.59
601,24,151.5185766,12.03512281,12.59
601,24,151.5185766,12.03512281,12.59
601,24,151.5185766,12.03512281,12.59
601,24,151.5185766,12.03512281,12.59
601,24,151.5185766,12.03512281,12.59
601,24,151.5185766,12.03512281,12.59
601,24,151.5185766,12.03512281,12.59
601,24,151.5185766,12.03512281,12.59
601,24,151.5185766,12.03512281,12.59
601,24,151.5185766,12.03512281,12.59
601,24,151.5185766,12.03512281,12.59
602,24,153.4196429,12.20600078,12.57
602,24,153.4196429,12.20600078,12.57
602,24,153.4196429,12.20600078,12.57
602,24,153.4196429,12.20600078,12.57
602,24,153.4196429,12.20600078,12.57
602,24,153.4196429,12.20600078,12.57
602,24,153.4196429,12.20600078,12.57
628,24,134.6153846,10.99814806,12.24
628,24,134.6153846,10.99814806,12.24
628,24,134.6153846,10.99814806,12.24
633,24,149.6162676,13.09309408,11.43
633,24,149.6162676,13.09309408,11.43
633,24,149.6162676,13.09309408,11.43
633,24,149.6162676,13.09309408,11.43
633,24,149.6162676,13.09309408,11.43
633,24,149.6162676,13.09309408,11.43
635,24,144.6788775,12.29004624,11.77
635,24,144.6788775,12.29004624,11.77
635,24,144.6788775,12.29004624,11.77
635,24,144.6788775,12.29004624,11.77
635,24,144.6788775,12.29004624,11.77
641,24,134.0667441,11.71085955,11.45
641,24,134.0667441,11.71085955,11.45
641,24,134.0667441,11.71085955,11.45
641,24,134.0667441,11.71085955,11.45
641,24,134.0667441,11.71085955,11.45
641,24,134.0667441,11.71085955,11.45
641,24,134.0667441,11.71085955,11.45
643,24,159.8023609,13.22962382,12.08
643,24,159.8023609,13.22962382,12.08
643,24,159.8023609,13.22962382,12.08
643,24,159.8023609,13.22962382,12.08
643,24,159.8023609,13.22962382,12.08
643,24,159.8023609,13.22962382,12.08
661,24,134.175117,10.73866661,12.49
661,24,134.175117,10.73866661,12.49
665,24,143.5741643,12.3166114,11.66
665,24,143.5741643,12.3166114,11.66
665,24,143.5741643,12.3166114,11.66
665,24,143.5741643,12.3166114,11.66
665,24,143.5741643,12.3166114,11.66
665,24,143.5741643,12.3166114,11.66
665,24,143.5741643,12.3166114,11.66
665,24,143.5741643,12.3166114,11.66
676,24,136.6160355,11.42385157,11.96
676,24,136.6160355,11.42385157,11.96
676,24,136.6160355,11.42385157,11.96
676,24,136.6160355,11.42385157,11.96
676,24,136.6160355,11.42385157,11.96
676,24,136.6160355,11.42385157,11.96
676,24,136.6160355,11.42385157,11.96
705,24,144.3242718,12.55562097,11.49
705,24,144.3242718,12.55562097,11.49
705,24,144.3242718,12.55562097,11.49
822,24,142.1102842,11.9294511,11.91
822,24,142.1102842,11.9294511,11.91
822,24,142.1102842,11.9294511,11.91
826,24,141.0436469,12.08379631,11.67
826,24,141.0436469,12.08379631,11.67
826,24,141.0436469,12.08379631,11.67
115,25,155.465225,12.2393317,12.7
115,25,155.465225,12.2393317,12.7
146,25,143.9933628,12.76258142,11.28
146,25,143.9933628,12.76258142,11.28
168,25,151.2732278,13.54063317,11.17
168,25,151.2732278,13.54063317,11.17
168,25,151.2732278,13.54063317,11.17
168,25,151.2732278,13.54063317,11.17
168,25,151.2732278,13.54063317,11.17
168,25,151.2732278,13.54063317,11.17
168,25,151.2732278,13.54063317,11.17
314,25,153.1717352,13.88890948,11.03
336,25,138.2307692,12.29114446,11.25
336,25,138.2307692,12.29114446,11.25
336,25,138.2307692,12.29114446,11.25
336,25,138.2307692,12.29114446,11.25
336,25,138.2307692,12.29114446,11.25
347,25,149.8834356,13.43652831,11.15
347,25,149.8834356,13.43652831,11.15
347,25,149.8834356,13.43652831,11.15
347,25,149.8834356,13.43652831,11.15
347,25,149.8834356,13.43652831,11.15
347,25,149.8834356,13.43652831,11.15
347,25,149.8834356,13.43652831,11.15
347,25,149.8834356,13.43652831,11.15
347,25,149.8834356,13.43652831,11.15
347,25,149.8834356,13.43652831,11.15
347,25,149.8834356,13.43652831,11.15
350,25,134.3880699,12.08442408,11.12
350,25,134.3880699,12.08442408,11.12
350,25,134.3880699,12.08442408,11.12
350,25,134.3880699,12.08442408,11.12
350,25,134.3880699,12.08442408,11.12
350,25,134.3880699,12.08442408,11.12
350,25,134.3880699,12.08442408,11.12
350,25,134.3880699,12.08442408,11.12
350,25,134.3880699,12.08442408,11.12
350,25,134.3880699,12.08442408,11.12
350,25,134.3880699,12.08442408,11.12
350,25,134.3880699,12.08442408,11.12
350,25,134.3880699,12.08442408,11.12
350,25,134.3880699,12.08442408,11.12
350,25,134.3880699,12.08442408,11.12
350,25,134.3880699,12.08442408,11.12
350,25,134.3880699,12.08442408,11.12
350,25,134.3880699,12.08442408,11.12
350,25,134.3880699,12.08442408,11.12
350,25,134.3880699,12.08442408,11.12
350,25,134.3880699,12.08442408,11.12
350,25,134.3880699,12.08442408,11.12
350,25,134.3880699,12.08442408,11.12
350,25,134.3880699,12.08442408,11.12
350,25,134.3880699,12.08442408,11.12
363,25,155.973672,12.49158788,12.49
363,25,155.973672,12.49158788,12.49
363,25,155.973672,12.49158788,12.49
363,25,155.973672,12.49158788,12.49
363,25,155.973672,12.49158788,12.49
363,25,155.973672,12.49158788,12.49
365,25,138.9651639,13.26010082,10.48
365,25,138.9651639,13.26010082,10.48
365,25,138.9651639,13.26010082,10.48
365,25,138.9651639,13.26010082,10.48
365,25,138.9651639,13.26010082,10.48
392,25,152.5569704,12.60016104,12.11
392,25,152.5569704,12.60016104,12.11
392,25,152.5569704,12.60016104,12.11
392,25,152.5569704,12.60016104,12.11
392,25,152.5569704,12.60016104,12.11
392,25,152.5569704,12.60016104,12.11
392,25,152.5569704,12.60016104,12.11
394,25,131.0369108,12.39664191,10.57
394,25,131.0369108,12.39664191,10.57
394,25,131.0369108,12.39664191,10.57
394,25,131.0369108,12.39664191,10.57
394,25,131.0369108,12.39664191,10.57
394,25,131.0369108,12.39664191,10.57
394,25,131.0369108,12.39664191,10.57
394,25,131.0369108,12.39664191,10.57
396,25,142.1334702,14.70209877,9.67
396,25,142.1334702,14.70209877,9.67
396,25,142.1334702,14.70209877,9.67
396,25,142.1334702,14.70209877,9.67
396,25,142.1334702,14.70209877,9.67
396,25,142.1334702,14.70209877,9.67
396,25,142.1334702,14.70209877,9.67
396,25,142.1334702,14.70209877,9.67
396,25,142.1334702,14.70209877,9.67
396,25,142.1334702,14.70209877,9.67
396,25,142.1334702,14.70209877,9.67
396,25,142.1334702,14.70209877,9.67
396,25,142.1334702,14.70209877,9.67
396,25,142.1334702,14.70209877,9.67
396,25,142.1334702,14.70209877,9.67
396,25,142.1334702,14.70209877,9.67
403,25,147.4767559,11.47452658,12.85
403,25,147.4767559,11.47452658,12.85
403,25,147.4767559,11.47452658,12.85
403,25,147.4767559,11.47452658,12.85
403,25,147.4767559,11.47452658,12.85
403,25,147.4767559,11.47452658,12.85
403,25,147.4767559,11.47452658,12.85
403,25,147.4767559,11.47452658,12.85
415,25,164.3565072,12.85513448,12.79
415,25,164.3565072,12.85513448,12.79
415,25,164.3565072,12.85513448,12.79
415,25,164.3565072,12.85513448,12.79
416,25,127.1783701,11.82878073,10.75
416,25,127.1783701,11.82878073,10.75
416,25,127.1783701,11.82878073,10.75
425,25,126.7937086,11.74841523,10.79
425,25,126.7937086,11.74841523,10.79
425,25,126.7937086,11.74841523,10.79
425,25,126.7937086,11.74841523,10.79
425,25,126.7937086,11.74841523,10.79
592,25,138.4963156,11.19528687,12.37
592,25,138.4963156,11.19528687,12.37
592,25,138.4963156,11.19528687,12.37
592,25,138.4963156,11.19528687,12.37
592,25,138.4963156,11.19528687,12.37
592,25,138.4963156,11.19528687,12.37
597,25,147.3165171,12.2914424,11.99
597,25,147.3165171,12.2914424,11.99
597,25,147.3165171,12.2914424,11.99
597,25,147.3165171,12.2914424,11.99
597,25,147.3165171,12.2914424,11.99
597,25,147.3165171,12.2914424,11.99
597,25,147.3165171,12.2914424,11.99
597,25,147.3165171,12.2914424,11.99
597,25,147.3165171,12.2914424,11.99
597,25,147.3165171,12.2914424,11.99
597,25,147.3165171,12.2914424,11.99
597,25,147.3165171,12.2914424,11.99
597,25,147.3165171,12.2914424,11.99
597,25,147.3165171,12.2914424,11.99
597,25,147.3165171,12.2914424,11.99
597,25,147.3165171,12.2914424,11.99
597,25,147.3165171,12.2914424,11.99
610,25,144.8961749,11.49045653,12.61
610,25,144.8961749,11.49045653,12.61
610,25,144.8961749,11.49045653,12.61
610,25,144.8961749,11.49045653,12.61
610,25,144.8961749,11.49045653,12.61
619,25,139.8797771,10.99316375,12.72
619,25,139.8797771,10.99316375,12.72
619,25,139.8797771,10.99316375,12.72
619,25,139.8797771,10.99316375,12.72
619,25,139.8797771,10.99316375,12.72
619,25,139.8797771,10.99316375,12.72
619,25,139.8797771,10.99316375,12.72
619,25,139.8797771,10.99316375,12.72
619,25,139.8797771,10.99316375,12.72
631,25,145.8332621,12.42157846,11.74
631,25,145.8332621,12.42157846,11.74
631,25,145.8332621,12.42157846,11.74
631,25,145.8332621,12.42157846,11.74
631,25,145.8332621,12.42157846,11.74
639,25,141.5268435,11.34375738,12.48
639,25,141.5268435,11.34375738,12.48
639,25,141.5268435,11.34375738,12.48
639,25,141.5268435,11.34375738,12.48
655,25,137.9701428,11.2655031,12.25
655,25,137.9701428,11.2655031,12.25
655,25,137.9701428,11.2655031,12.25
655,25,137.9701428,11.2655031,12.25
655,25,137.9701428,11.2655031,12.25
662,25,127.1428073,10.84690157,11.72
662,25,127.1428073,10.84690157,11.72
662,25,127.1428073,10.84690157,11.72
662,25,127.1428073,10.84690157,11.72
662,25,127.1428073,10.84690157,11.72
662,25,127.1428073,10.84690157,11.72
662,25,127.1428073,10.84690157,11.72
670,25,146.1532928,13.29324604,10.99
670,25,146.1532928,13.29324604,10.99
670,25,146.1532928,13.29324604,10.99
670,25,146.1532928,13.29324604,10.99
670,25,146.1532928,13.29324604,10.99
674,25,141.4364833,12.19855193,11.59
674,25,141.4364833,12.19855193,11.59
674,25,141.4364833,12.19855193,11.59
674,25,141.4364833,12.19855193,11.59
674,25,141.4364833,12.19855193,11.59
674,25,141.4364833,12.19855193,11.59
674,25,141.4364833,12.19855193,11.59
674,25,141.4364833,12.19855193,11.59
674,25,141.4364833,12.19855193,11.59
692,25,129.5729043,11.351641,11.41
692,25,129.5729043,11.351641,11.41
692,25,129.5729043,11.351641,11.41
692,25,129.5729043,11.351641,11.41
692,25,129.5729043,11.351641,11.41
692,25,129.5729043,11.351641,11.41
692,25,129.5729043,11.351641,11.41
692,25,129.5729043,11.351641,11.41
702,25,139.7406699,10.98452428,12.72
702,25,139.7406699,10.98452428,12.72
702,25,139.7406699,10.98452428,12.72
702,25,139.7406699,10.98452428,12.72
702,25,139.7406699,10.98452428,12.72
702,25,139.7406699,10.98452428,12.72
702,25,139.7406699,10.98452428,12.72
702,25,139.7406699,10.98452428,12.72
702,25,139.7406699,10.98452428,12.72
702,25,139.7406699,10.98452428,12.72
702,25,139.7406699,10.98452428,12.72
702,25,139.7406699,10.98452428,12.72
702,25,139.7406699,10.98452428,12.72
702,25,139.7406699,10.98452428,12.72
130,26,162.3972795,13.86289081,11.71
130,26,162.3972795,13.86289081,11.71
139,26,144.840143,11.86575628,12.21
139,26,144.840143,11.86575628,12.21
167,26,158.0290598,13.51426506,11.69
167,26,158.0290598,13.51426506,11.69
167,26,158.0290598,13.51426506,11.69
167,26,158.0290598,13.51426506,11.69
167,26,158.0290598,13.51426506,11.69
167,26,158.0290598,13.51426506,11.69
167,26,158.0290598,13.51426506,11.69
167,26,158.0290598,13.51426506,11.69
167,26,158.0290598,13.51426506,11.69
167,26,158.0290598,13.51426506,11.69
167,26,158.0290598,13.51426506,11.69
167,26,158.0290598,13.51426506,11.69
355,26,135.5260516,12.38773078,10.94
355,26,135.5260516,12.38773078,10.94
355,26,135.5260516,12.38773078,10.94
355,26,135.5260516,12.38773078,10.94
355,26,135.5260516,12.38773078,10.94
355,26,135.5260516,12.38773078,10.94
355,26,135.5260516,12.38773078,10.94
355,26,135.5260516,12.38773078,10.94
355,26,135.5260516,12.38773078,10.94
355,26,135.5260516,12.38773078,10.94
355,26,135.5260516,12.38773078,10.94
355,26,135.5260516,12.38773078,10.94
357,26,152.4189935,13.0507545,11.68
357,26,152.4189935,13.0507545,11.68
357,26,152.4189935,13.0507545,11.68
357,26,152.4189935,13.0507545,11.68
357,26,152.4189935,13.0507545,11.68
357,26,152.4189935,13.0507545,11.68
357,26,152.4189935,13.0507545,11.68
384,26,141.9528411,13.3879213,10.6
384,26,141.9528411,13.3879213,10.6
384,26,141.9528411,13.3879213,10.6
384,26,141.9528411,13.3879213,10.6
384,26,141.9528411,13.3879213,10.6
401,26,145.7766583,13.70208161,10.64
401,26,145.7766583,13.70208161,10.64
401,26,145.7766583,13.70208161,10.64
401,26,145.7766583,13.70208161,10.64
406,26,151.2854197,13.47094744,11.23
406,26,151.2854197,13.47094744,11.23
406,26,151.2854197,13.47094744,11.23
406,26,151.2854197,13.47094744,11.23
406,26,151.2854197,13.47094744,11.23
573,26,152.611755,12.40211712,12.31
573,26,152.611755,12.40211712,12.31
573,26,152.611755,12.40211712,12.31
573,26,152.611755,12.40211712,12.31
573,26,152.611755,12.40211712,12.31
573,26,152.611755,12.40211712,12.31
573,26,152.611755,12.40211712,12.31
573,26,152.611755,12.40211712,12.31
573,26,152.611755,12.40211712,12.31
573,26,152.611755,12.40211712,12.31
573,26,152.611755,12.40211712,12.31
573,26,152.611755,12.40211712,12.31
591,26,133.0942207,10.80352056,12.32
591,26,133.0942207,10.80352056,12.32
591,26,133.0942207,10.80352056,12.32
591,26,133.0942207,10.80352056,12.32
591,26,133.0942207,10.80352056,12.32
591,26,133.0942207,10.80352056,12.32
591,26,133.0942207,10.80352056,12.32
591,26,133.0942207,10.80352056,12.32
591,26,133.0942207,10.80352056,12.32
591,26,133.0942207,10.80352056,12.32
591,26,133.0942207,10.80352056,12.32
609,26,140.9433962,11.07445489,12.73
609,26,140.9433962,11.07445489,12.73
609,26,140.9433962,11.07445489,12.73
609,26,140.9433962,11.07445489,12.73
609,26,140.9433962,11.07445489,12.73
609,26,140.9433962,11.07445489,12.73
624,26,137.5638186,11.45548291,12.01
624,26,137.5638186,11.45548291,12.01
624,26,137.5638186,11.45548291,12.01
624,26,137.5638186,11.45548291,12.01
624,26,137.5638186,11.45548291,12.01
624,26,137.5638186,11.45548291,12.01
624,26,137.5638186,11.45548291,12.01
624,26,137.5638186,11.45548291,12.01
629,26,150.9587284,11.26131144,13.41
629,26,150.9587284,11.26131144,13.41
638,26,133.9193217,12.06376095,11.1
638,26,133.9193217,12.06376095,11.1
638,26,133.9193217,12.06376095,11.1
638,26,133.9193217,12.06376095,11.1
644,26,134.0286275,11.46109976,11.69
644,26,134.0286275,11.46109976,11.69
644,26,134.0286275,11.46109976,11.69
644,26,134.0286275,11.46109976,11.69
644,26,134.0286275,11.46109976,11.69
644,26,134.0286275,11.46109976,11.69
644,26,134.0286275,11.46109976,11.69
644,26,134.0286275,11.46109976,11.69
644,26,134.0286275,11.46109976,11.69
644,26,134.0286275,11.46109976,11.69
644,26,134.0286275,11.46109976,11.69
652,26,149.296372,11.77471978,12.68
652,26,149.296372,11.77471978,12.68
652,26,149.296372,11.77471978,12.68
652,26,149.296372,11.77471978,12.68
652,26,149.296372,11.77471978,12.68
652,26,149.296372,11.77471978,12.68
652,26,149.296372,11.77471978,12.68
656,26,142.4051891,11.34577291,12.55
656,26,142.4051891,11.34577291,12.55
656,26,142.4051891,11.34577291,12.55
656,26,142.4051891,11.34577291,12.55
656,26,142.4051891,11.34577291,12.55
656,26,142.4051891,11.34577291,12.55
658,26,140.3690023,11.58462727,12.12
658,26,140.3690023,11.58462727,12.12
658,26,140.3690023,11.58462727,12.12
673,26,144.3865979,11.41544155,12.65
673,26,144.3865979,11.41544155,12.65
810,26,156.884677,13.65389664,11.49
810,26,156.884677,13.65389664,11.49
810,26,156.884677,13.65389664,11.49
810,26,156.884677,13.65389664,11.49
131,27,153.9189679,13.15786673,11.7
131,27,153.9189679,13.15786673,11.7
131,27,153.9189679,13.15786673,11.7
131,27,153.9189679,13.15786673,11.7
133,27,160.0920716,13.30483857,12.03
133,27,160.0920716,13.30483857,12.03
133,27,160.0920716,13.30483857,12.03
133,27,160.0920716,13.30483857,12.03
137,27,165.3229833,13.99224219,11.82
137,27,165.3229833,13.99224219,11.82
137,27,165.3229833,13.99224219,11.82
137,27,165.3229833,13.99224219,11.82
143,27,160.6253937,13.9156329,11.54
143,27,160.6253937,13.9156329,11.54
143,27,160.6253937,13.9156329,11.54
153,27,160.5744417,13.10153853,12.26
153,27,160.5744417,13.10153853,12.26
153,27,160.5744417,13.10153853,12.26
153,27,160.5744417,13.10153853,12.26
153,27,160.5744417,13.10153853,12.26
153,27,160.5744417,13.10153853,12.26
153,27,160.5744417,13.10153853,12.26
153,27,160.5744417,13.10153853,12.26
153,27,160.5744417,13.10153853,12.26
153,27,160.5744417,13.10153853,12.26
153,27,160.5744417,13.10153853,12.26
153,27,160.5744417,13.10153853,12.26
153,27,160.5744417,13.10153853,12.26
153,27,160.5744417,13.10153853,12.26
153,27,160.5744417,13.10153853,12.26
153,27,160.5744417,13.10153853,12.26
153,27,160.5744417,13.10153853,12.26
162,27,155.0155211,12.78939831,12.12
312,27,136.8146311,11.85785319,11.54
312,27,136.8146311,11.85785319,11.54
312,27,136.8146311,11.85785319,11.54
312,27,136.8146311,11.85785319,11.54
312,27,136.8146311,11.85785319,11.54
322,27,144.7227969,12.52358974,11.56
322,27,144.7227969,12.52358974,11.56
322,27,144.7227969,12.52358974,11.56
322,27,144.7227969,12.52358974,11.56
322,27,144.7227969,12.52358974,11.56
322,27,144.7227969,12.52358974,11.56
399,27,154.0680152,12.45351504,12.37
399,27,154.0680152,12.45351504,12.37
399,27,154.0680152,12.45351504,12.37
399,27,154.0680152,12.45351504,12.37
399,27,154.0680152,12.45351504,12.37
612,27,152.6090555,11.82362162,12.91
612,27,152.6090555,11.82362162,12.91
612,27,152.6090555,11.82362162,12.91
612,27,152.6090555,11.82362162,12.91
612,27,152.6090555,11.82362162,12.91
612,27,152.6090555,11.82362162,12.91
612,27,152.6090555,11.82362162,12.91
612,27,152.6090555,11.82362162,12.91
612,27,152.6090555,11.82362162,12.91
612,27,152.6090555,11.82362162,12.91
612,27,152.6090555,11.82362162,12.91
612,27,152.6090555,11.82362162,12.91
612,27,152.6090555,11.82362162,12.91
612,27,152.6090555,11.82362162,12.91
612,27,152.6090555,11.82362162,12.91
612,27,152.6090555,11.82362162,12.91
612,27,152.6090555,11.82362162,12.91
612,27,152.6090555,11.82362162,12.91
612,27,152.6090555,11.82362162,12.91
621,27,164.7966448,12.25613666,13.45
621,27,164.7966448,12.25613666,13.45
621,27,164.7966448,12.25613666,13.45
627,27,151.7778396,10.56816306,14.36
640,27,146.7283455,12.12308369,12.1
640,27,146.7283455,12.12308369,12.1
640,27,146.7283455,12.12308369,12.1
640,27,146.7283455,12.12308369,12.1
640,27,146.7283455,12.12308369,12.1
640,27,146.7283455,12.12308369,12.1
667,27,148.4574326,12.18129512,12.19
667,27,148.4574326,12.18129512,12.19
667,27,148.4574326,12.18129512,12.19
667,27,148.4574326,12.18129512,12.19
667,27,148.4574326,12.18129512,12.19
667,27,148.4574326,12.18129512,12.19
667,27,148.4574326,12.18129512,12.19
667,27,148.4574326,12.18129512,12.19
667,27,148.4574326,12.18129512,12.19
150,28,145.2134213,12.81181611,11.33
150,28,145.2134213,12.81181611,11.33
154,28,141.1230931,12.2053919,11.56
154,28,141.1230931,12.2053919,11.56
157,28,157.4129646,13.13309456,11.99
157,28,157.4129646,13.13309456,11.99
157,28,157.4129646,13.13309456,11.99
157,28,157.4129646,13.13309456,11.99
157,28,157.4129646,13.13309456,11.99
157,28,157.4129646,13.13309456,11.99
157,28,157.4129646,13.13309456,11.99
157,28,157.4129646,13.13309456,11.99
358,28,146.8983532,13.19570136,11.13
358,28,146.8983532,13.19570136,11.13
358,28,146.8983532,13.19570136,11.13
358,28,146.8983532,13.19570136,11.13
358,28,146.8983532,13.19570136,11.13
359,28,144.0622407,12.13536281,11.87
359,28,144.0622407,12.13536281,11.87
359,28,144.0622407,12.13536281,11.87
359,28,144.0622407,12.13536281,11.87
359,28,144.0622407,12.13536281,11.87
359,28,144.0622407,12.13536281,11.87
359,28,144.0622407,12.13536281,11.87
359,28,144.0622407,12.13536281,11.87
359,28,144.0622407,12.13536281,11.87
359,28,144.0622407,12.13536281,11.87
359,28,144.0622407,12.13536281,11.87
359,28,144.0622407,12.13536281,11.87
359,28,144.0622407,12.13536281,11.87
359,28,144.0622407,12.13536281,11.87
359,28,144.0622407,12.13536281,11.87
359,28,144.0622407,12.13536281,11.87
359,28,144.0622407,12.13536281,11.87
359,28,144.0622407,12.13536281,11.87
359,28,144.0622407,12.13536281,11.87
359,28,144.0622407,12.13536281,11.87
359,28,144.0622407,12.13536281,11.87
359,28,144.0622407,12.13536281,11.87
359,28,144.0622407,12.13536281,11.87
359,28,144.0622407,12.13536281,11.87
359,28,144.0622407,12.13536281,11.87
359,28,144.0622407,12.13536281,11.87
359,28,144.0622407,12.13536281,11.87
359,28,144.0622407,12.13536281,11.87
359,28,144.0622407,12.13536281,11.87
359,28,144.0622407,12.13536281,11.87
359,28,144.0622407,12.13536281,11.87
359,28,144.0622407,12.13536281,11.87
359,28,144.0622407,12.13536281,11.87
367,28,145.1557377,12.23394552,11.86
367,28,145.1557377,12.23394552,11.86
367,28,145.1557377,12.23394552,11.86
367,28,145.1557377,12.23394552,11.86
367,28,145.1557377,12.23394552,11.86
373,28,132.5454545,12.06299561,10.99
373,28,132.5454545,12.06299561,10.99
373,28,132.5454545,12.06299561,10.99
373,28,132.5454545,12.06299561,10.99
386,28,149.0964686,13.30815917,11.2
386,28,149.0964686,13.30815917,11.2
386,28,149.0964686,13.30815917,11.2
386,28,149.0964686,13.30815917,11.2
391,28,151.6929873,13.66343523,11.1
391,28,151.6929873,13.66343523,11.1
391,28,151.6929873,13.66343523,11.1
391,28,151.6929873,13.66343523,11.1
391,28,151.6929873,13.66343523,11.1
391,28,151.6929873,13.66343523,11.1
391,28,151.6929873,13.66343523,11.1
412,28,144.6958002,13.07706943,11.06
412,28,144.6958002,13.07706943,11.06
412,28,144.6958002,13.07706943,11.06
412,28,144.6958002,13.07706943,11.06
412,28,144.6958002,13.07706943,11.06
412,28,144.6958002,13.07706943,11.06
428,28,142.9906617,12.51455469,11.43
428,28,142.9906617,12.51455469,11.43
428,28,142.9906617,12.51455469,11.43
428,28,142.9906617,12.51455469,11.43
428,28,142.9906617,12.51455469,11.43
428,28,142.9906617,12.51455469,11.43
428,28,142.9906617,12.51455469,11.43
428,28,142.9906617,12.51455469,11.43
428,28,142.9906617,12.51455469,11.43
428,28,142.9906617,12.51455469,11.43
428,28,142.9906617,12.51455469,11.43
622,28,155.4139665,11.09991419,14
622,28,155.4139665,11.09991419,14
622,28,155.4139665,11.09991419,14
622,28,155.4139665,11.09991419,14
649,28,141.6891534,12.18564142,11.63
664,28,139.7860418,11.2361135,12.44
664,28,139.7860418,11.2361135,12.44
664,28,139.7860418,11.2361135,12.44
664,28,139.7860418,11.2361135,12.44
664,28,139.7860418,11.2361135,12.44
669,28,154.3420411,14.12445141,10.93
669,28,154.3420411,14.12445141,10.93
669,28,154.3420411,14.12445141,10.93
669,28,154.3420411,14.12445141,10.93
669,28,154.3420411,14.12445141,10.93
669,28,154.3420411,14.12445141,10.93
669,28,154.3420411,14.12445141,10.93
669,28,154.3420411,14.12445141,10.93
669,28,154.3420411,14.12445141,10.93
669,28,154.3420411,14.12445141,10.93
669,28,154.3420411,14.12445141,10.93
669,28,154.3420411,14.12445141,10.93
669,28,154.3420411,14.12445141,10.93
669,28,154.3420411,14.12445141,10.93
669,28,154.3420411,14.12445141,10.93
158,29,142.5225989,13.00288563,10.96
176,29,159.739546,13.94726882,11.45
387,29,136.7578046,12.10413353,11.3
387,29,136.7578046,12.10413353,11.3
387,29,136.7578046,12.10413353,11.3
387,29,136.7578046,12.10413353,11.3
387,29,136.7578046,12.10413353,11.3
413,29,158.6134715,15.45156933,10.27
413,29,158.6134715,15.45156933,10.27
413,29,158.6134715,15.45156933,10.27
413,29,158.6134715,15.45156933,10.27
413,29,158.6134715,15.45156933,10.27
413,29,158.6134715,15.45156933,10.27
413,29,158.6134715,15.45156933,10.27
599,29,140.8831397,11.33928836,12.42
599,29,140.8831397,11.33928836,12.42
599,29,140.8831397,11.33928836,12.42
599,29,140.8831397,11.33928836,12.42
599,29,140.8831397,11.33928836,12.42
599,29,140.8831397,11.33928836,12.42
599,29,140.8831397,11.33928836,12.42
599,29,140.8831397,11.33928836,12.42
599,29,140.8831397,11.33928836,12.42
599,29,140.8831397,11.33928836,12.42
625,29,141.0831522,11.27346261,12.51
625,29,141.0831522,11.27346261,12.51
625,29,141.0831522,11.27346261,12.51
625,29,141.0831522,11.27346261,12.51
663,29,157.7307745,12.37343112,12.75
663,29,157.7307745,12.37343112,12.75
663,29,157.7307745,12.37343112,12.75
663,29,157.7307745,12.37343112,12.75
663,29,157.7307745,12.37343112,12.75
663,29,157.7307745,12.37343112,12.75
663,29,157.7307745,12.37343112,12.75
663,29,157.7307745,12.37343112,12.75
663,29,157.7307745,12.37343112,12.75
663,29,157.7307745,12.37343112,12.75
663,29,157.7307745,12.37343112,12.75
663,29,157.7307745,12.37343112,12.75
663,29,157.7307745,12.37343112,12.75
663,29,157.7307745,12.37343112,12.75
666,29,127.9903174,10.76990446,11.88
666,29,127.9903174,10.76990446,11.88
668,29,137.2118708,10.77554245,12.73
668,29,137.2118708,10.77554245,12.73
668,29,137.2118708,10.77554245,12.73
668,29,137.2118708,10.77554245,12.73
675,29,143.3512807,11.38810601,12.59
675,29,143.3512807,11.38810601,12.59
675,29,143.3512807,11.38810601,12.59
675,29,143.3512807,11.38810601,12.59
675,29,143.3512807,11.38810601,12.59
34,3,136.75,13.32803571,10.26
42,3,164.2277261,15.49029854,10.6
42,3,164.2277261,15.49029854,10.6
53,3,166.7409836,19.84047344,8.4
53,3,166.7409836,19.84047344,8.4
60,3,148.1702606,13.32267493,11.12
60,3,148.1702606,13.32267493,11.12
60,3,148.1702606,13.32267493,11.12
60,3,148.1702606,13.32267493,11.12
75,3,146.9471698,12.45780291,11.8
81,3,146.0604651,11.97062326,12.2
95,3,157.7890625,12.71941108,12.41
95,3,157.7890625,12.71941108,12.41
95,3,157.7890625,12.71941108,12.41
95,3,157.7890625,12.71941108,12.41
95,3,157.7890625,12.71941108,12.41
102,3,157.531537,14.04196424,11.22
102,3,157.531537,14.04196424,11.22
102,3,157.531537,14.04196424,11.22
106,3,165.5716895,12.14332603,13.63
106,3,165.5716895,12.14332603,13.63
210,3,146.3213744,12.49045403,11.71
210,3,146.3213744,12.49045403,11.71
210,3,146.3213744,12.49045403,11.71
210,3,146.3213744,12.49045403,11.71
210,3,146.3213744,12.49045403,11.71
210,3,146.3213744,12.49045403,11.71
210,3,146.3213744,12.49045403,11.71
212,3,154.0117754,13.01687772,11.83
212,3,154.0117754,13.01687772,11.83
233,3,151.3371721,13.25074834,11.42
233,3,151.3371721,13.25074834,11.42
233,3,151.3371721,13.25074834,11.42
236,3,151.2514286,13.91136136,10.87
236,3,151.2514286,13.91136136,10.87
236,3,151.2514286,13.91136136,10.87
236,3,151.2514286,13.91136136,10.87
236,3,151.2514286,13.91136136,10.87
236,3,151.2514286,13.91136136,10.87
236,3,151.2514286,13.91136136,10.87
236,3,151.2514286,13.91136136,10.87
236,3,151.2514286,13.91136136,10.87
236,3,151.2514286,13.91136136,10.87
236,3,151.2514286,13.91136136,10.87
236,3,151.2514286,13.91136136,10.87
236,3,151.2514286,13.91136136,10.87
259,3,162.4146341,15.08849447,10.76
259,3,162.4146341,15.08849447,10.76
259,3,162.4146341,15.08849447,10.76
259,3,162.4146341,15.08849447,10.76
259,3,162.4146341,15.08849447,10.76
259,3,162.4146341,15.08849447,10.76
260,3,152.1223502,12.73178309,11.95
260,3,152.1223502,12.73178309,11.95
260,3,152.1223502,12.73178309,11.95
260,3,152.1223502,12.73178309,11.95
260,3,152.1223502,12.73178309,11.95
260,3,152.1223502,12.73178309,11.95
260,3,152.1223502,12.73178309,11.95
260,3,152.1223502,12.73178309,11.95
260,3,152.1223502,12.73178309,11.95
454,3,144.9427046,11.92273943,12.16
454,3,144.9427046,11.92273943,12.16
454,3,144.9427046,11.92273943,12.16
454,3,144.9427046,11.92273943,12.16
454,3,144.9427046,11.92273943,12.16
454,3,144.9427046,11.92273943,12.16
454,3,144.9427046,11.92273943,12.16
454,3,144.9427046,11.92273943,12.16
454,3,144.9427046,11.92273943,12.16
454,3,144.9427046,11.92273943,12.16
454,3,144.9427046,11.92273943,12.16
465,3,132.7483547,11.49108041,11.55
465,3,132.7483547,11.49108041,11.55
465,3,132.7483547,11.49108041,11.55
465,3,132.7483547,11.49108041,11.55
468,3,139.6981379,11.27345822,12.39
475,3,137.0305677,13.4123738,10.22
475,3,137.0305677,13.4123738,10.22
475,3,137.0305677,13.4123738,10.22
476,3,139.2009536,12.12095616,11.48
476,3,139.2009536,12.12095616,11.48
476,3,139.2009536,12.12095616,11.48
476,3,139.2009536,12.12095616,11.48
476,3,139.2009536,12.12095616,11.48
476,3,139.2009536,12.12095616,11.48
476,3,139.2009536,12.12095616,11.48
476,3,139.2009536,12.12095616,11.48
476,3,139.2009536,12.12095616,11.48
476,3,139.2009536,12.12095616,11.48
476,3,139.2009536,12.12095616,11.48
476,3,139.2009536,12.12095616,11.48
493,3,145.5803903,11.84704294,12.29
493,3,145.5803903,11.84704294,12.29
493,3,145.5803903,11.84704294,12.29
493,3,145.5803903,11.84704294,12.29
493,3,145.5803903,11.84704294,12.29
493,3,145.5803903,11.84704294,12.29
493,3,145.5803903,11.84704294,12.29
493,3,145.5803903,11.84704294,12.29
494,3,135.9601617,11.70923903,11.61
533,3,158.5878824,13.82946587,11.47
533,3,158.5878824,13.82946587,11.47
533,3,158.5878824,13.82946587,11.47
533,3,158.5878824,13.82946587,11.47
535,3,140.9521853,10.95394701,12.87
535,3,140.9521853,10.95394701,12.87
535,3,140.9521853,10.95394701,12.87
535,3,140.9521853,10.95394701,12.87
535,3,140.9521853,10.95394701,12.87
535,3,140.9521853,10.95394701,12.87
535,3,140.9521853,10.95394701,12.87
535,3,140.9521853,10.95394701,12.87
714,3,152.0839895,12.9531225,11.74
714,3,152.0839895,12.9531225,11.74
714,3,152.0839895,12.9531225,11.74
714,3,152.0839895,12.9531225,11.74
715,3,145.5974106,12.3509053,11.79
715,3,145.5974106,12.3509053,11.79
717,3,142.2307025,11.71266025,12.14
717,3,142.2307025,11.71266025,12.14
717,3,142.2307025,11.71266025,12.14
717,3,142.2307025,11.71266025,12.14
749,3,144.087469,11.00955931,13.09
749,3,144.087469,11.00955931,13.09
767,3,138.8564488,11.83420813,11.73
767,3,138.8564488,11.83420813,11.73
767,3,138.8564488,11.83420813,11.73
767,3,138.8564488,11.83420813,11.73
767,3,138.8564488,11.83420813,11.73
767,3,138.8564488,11.83420813,11.73
785,3,145.611138,11.77943535,12.36
785,3,145.611138,11.77943535,12.36
785,3,145.611138,11.77943535,12.36
785,3,145.611138,11.77943535,12.36
786,3,154.5951009,12.9291769,11.96
786,3,154.5951009,12.9291769,11.96
807,3,144.3365931,12.68920505,11.37
807,3,144.3365931,12.68920505,11.37
807,3,144.3365931,12.68920505,11.37
807,3,144.3365931,12.68920505,11.37
147,30,168.9962121,14.63450568,11.55
147,30,168.9962121,14.63450568,11.55
147,30,168.9962121,14.63450568,11.55
147,30,168.9962121,14.63450568,11.55
151,30,158.156172,12.77093859,12.38
151,30,158.156172,12.77093859,12.38
151,30,158.156172,12.77093859,12.38
151,30,158.156172,12.77093859,12.38
151,30,158.156172,12.77093859,12.38
151,30,158.156172,12.77093859,12.38
161,30,164.6705927,12.94125435,12.72
161,30,164.6705927,12.94125435,12.72
161,30,164.6705927,12.94125435,12.72
161,30,164.6705927,12.94125435,12.72
161,30,164.6705927,12.94125435,12.72
161,30,164.6705927,12.94125435,12.72
161,30,164.6705927,12.94125435,12.72
161,30,164.6705927,12.94125435,12.72
161,30,164.6705927,12.94125435,12.72
161,30,164.6705927,12.94125435,12.72
161,30,164.6705927,12.94125435,12.72
161,30,164.6705927,12.94125435,12.72
161,30,164.6705927,12.94125435,12.72
161,30,164.6705927,12.94125435,12.72
161,30,164.6705927,12.94125435,12.72
161,30,164.6705927,12.94125435,12.72
161,30,164.6705927,12.94125435,12.72
371,30,137.5323569,12.34864601,11.14
371,30,137.5323569,12.34864601,11.14
371,30,137.5323569,12.34864601,11.14
371,30,137.5323569,12.34864601,11.14
371,30,137.5323569,12.34864601,11.14
371,30,137.5323569,12.34864601,11.14
381,30,133.1346633,11.5817968,11.5
381,30,133.1346633,11.5817968,11.5
381,30,133.1346633,11.5817968,11.5
381,30,133.1346633,11.5817968,11.5
381,30,133.1346633,11.5817968,11.5
381,30,133.1346633,11.5817968,11.5
381,30,133.1346633,11.5817968,11.5
381,30,133.1346633,11.5817968,11.5
381,30,133.1346633,11.5817968,11.5
381,30,133.1346633,11.5817968,11.5
381,30,133.1346633,11.5817968,11.5
381,30,133.1346633,11.5817968,11.5
381,30,133.1346633,11.5817968,11.5
381,30,133.1346633,11.5817968,11.5
381,30,133.1346633,11.5817968,11.5
383,30,145.4414081,13.67306975,10.64
383,30,145.4414081,13.67306975,10.64
383,30,145.4414081,13.67306975,10.64
383,30,145.4414081,13.67306975,10.64
393,30,143.0461049,12.49604833,11.45
393,30,143.0461049,12.49604833,11.45
393,30,143.0461049,12.49604833,11.45
393,30,143.0461049,12.49604833,11.45
393,30,143.0461049,12.49604833,11.45
393,30,143.0461049,12.49604833,11.45
393,30,143.0461049,12.49604833,11.45
393,30,143.0461049,12.49604833,11.45
393,30,143.0461049,12.49604833,11.45
393,30,143.0461049,12.49604833,11.45
393,30,143.0461049,12.49604833,11.45
393,30,143.0461049,12.49604833,11.45
617,30,148.2345854,11.00028567,13.48
617,30,148.2345854,11.00028567,13.48
617,30,148.2345854,11.00028567,13.48
617,30,148.2345854,11.00028567,13.48
617,30,148.2345854,11.00028567,13.48
617,30,148.2345854,11.00028567,13.48
617,30,148.2345854,11.00028567,13.48
617,30,148.2345854,11.00028567,13.48
617,30,148.2345854,11.00028567,13.48
617,30,148.2345854,11.00028567,13.48
617,30,148.2345854,11.00028567,13.48
617,30,148.2345854,11.00028567,13.48
617,30,148.2345854,11.00028567,13.48
617,30,148.2345854,11.00028567,13.48
617,30,148.2345854,11.00028567,13.48
617,30,148.2345854,11.00028567,13.48
617,30,148.2345854,11.00028567,13.48
617,30,148.2345854,11.00028567,13.48
617,30,148.2345854,11.00028567,13.48
617,30,148.2345854,11.00028567,13.48
617,30,148.2345854,11.00028567,13.48
617,30,148.2345854,11.00028567,13.48
617,30,148.2345854,11.00028567,13.48
617,30,148.2345854,11.00028567,13.48
623,30,139.0111871,11.44366613,12.15
623,30,139.0111871,11.44366613,12.15
623,30,139.0111871,11.44366613,12.15
626,30,154.7532391,12.24782259,12.64
626,30,154.7532391,12.24782259,12.64
626,30,154.7532391,12.24782259,12.64
626,30,154.7532391,12.24782259,12.64
626,30,154.7532391,12.24782259,12.64
657,30,148.8694648,11.7695663,12.65
657,30,148.8694648,11.7695663,12.65
657,30,148.8694648,11.7695663,12.65
657,30,148.8694648,11.7695663,12.65
657,30,148.8694648,11.7695663,12.65
657,30,148.8694648,11.7695663,12.65
657,30,148.8694648,11.7695663,12.65
657,30,148.8694648,11.7695663,12.65
657,30,148.8694648,11.7695663,12.65
657,30,148.8694648,11.7695663,12.65
657,30,148.8694648,11.7695663,12.65
657,30,148.8694648,11.7695663,12.65
657,30,148.8694648,11.7695663,12.65
657,30,148.8694648,11.7695663,12.65
657,30,148.8694648,11.7695663,12.65
657,30,148.8694648,11.7695663,12.65
657,30,148.8694648,11.7695663,12.65
657,30,148.8694648,11.7695663,12.65
169,31,153.4051095,12.41060528,12.36
169,31,153.4051095,12.41060528,12.36
169,31,153.4051095,12.41060528,12.36
368,31,143.8108242,13.43589533,10.7
368,31,143.8108242,13.43589533,10.7
368,31,143.8108242,13.43589533,10.7
368,31,143.8108242,13.43589533,10.7
368,31,143.8108242,13.43589533,10.7
368,31,143.8108242,13.43589533,10.7
590,31,152.2497663,11.60578486,13.12
590,31,152.2497663,11.60578486,13.12
590,31,152.2497663,11.60578486,13.12
590,31,152.2497663,11.60578486,13.12
590,31,152.2497663,11.60578486,13.12
590,31,152.2497663,11.60578486,13.12
590,31,152.2497663,11.60578486,13.12
590,31,152.2497663,11.60578486,13.12
590,31,152.2497663,11.60578486,13.12
590,31,152.2497663,11.60578486,13.12
590,31,152.2497663,11.60578486,13.12
590,31,152.2497663,11.60578486,13.12
590,31,152.2497663,11.60578486,13.12
611,31,139.5548545,11.06759033,12.61
611,31,139.5548545,11.06759033,12.61
611,31,139.5548545,11.06759033,12.61
611,31,139.5548545,11.06759033,12.61
611,31,139.5548545,11.06759033,12.61
611,31,139.5548545,11.06759033,12.61
611,31,139.5548545,11.06759033,12.61
611,31,139.5548545,11.06759033,12.61
611,31,139.5548545,11.06759033,12.61
611,31,139.5548545,11.06759033,12.61
651,31,146.0484689,11.14136702,13.11
651,31,146.0484689,11.14136702,13.11
651,31,146.0484689,11.14136702,13.11
651,31,146.0484689,11.14136702,13.11
651,31,146.0484689,11.14136702,13.11
128,32,166.6530899,13.02963876,12.79
128,32,166.6530899,13.02963876,12.79
128,32,166.6530899,13.02963876,12.79
128,32,166.6530899,13.02963876,12.79
128,32,166.6530899,13.02963876,12.79
128,32,166.6530899,13.02963876,12.79
128,32,166.6530899,13.02963876,12.79
128,32,166.6530899,13.02963876,12.79
128,32,166.6530899,13.02963876,12.79
128,32,166.6530899,13.02963876,12.79
128,32,166.6530899,13.02963876,12.79
134,32,152.8026735,12.44712914,12.28
134,32,152.8026735,12.44712914,12.28
134,32,152.8026735,12.44712914,12.28
134,32,152.8026735,12.44712914,12.28
134,32,152.8026735,12.44712914,12.28
620,32,163.6454821,13.72806381,11.92
620,32,163.6454821,13.72806381,11.92
620,32,163.6454821,13.72806381,11.92
620,32,163.6454821,13.72806381,11.92
620,32,163.6454821,13.72806381,11.92
620,32,163.6454821,13.72806381,11.92
366,33,151.6804295,13.28709472,11.42
366,33,151.6804295,13.28709472,11.42
366,33,151.6804295,13.28709472,11.42
366,33,151.6804295,13.28709472,11.42
366,33,151.6804295,13.28709472,11.42
366,33,151.6804295,13.28709472,11.42
366,33,151.6804295,13.28709472,11.42
366,33,151.6804295,13.28709472,11.42
366,33,151.6804295,13.28709472,11.42
366,33,151.6804295,13.28709472,11.42
632,33,159.4849878,12.54627363,12.71
632,33,159.4849878,12.54627363,12.71
632,33,159.4849878,12.54627363,12.71
632,33,159.4849878,12.54627363,12.71
632,33,159.4849878,12.54627363,12.71
632,33,159.4849878,12.54627363,12.71
632,33,159.4849878,12.54627363,12.71
632,33,159.4849878,12.54627363,12.71
632,33,159.4849878,12.54627363,12.71
650,33,164.8840125,19.24000251,8.57
122,34,164.7571885,13.2009634,12.48
122,34,164.7571885,13.2009634,12.48
122,34,164.7571885,13.2009634,12.48
129,34,156.5294118,12.28740477,12.74
129,34,156.5294118,12.28740477,12.74
372,34,140.7526602,12.38829208,11.36
372,34,140.7526602,12.38829208,11.36
372,34,140.7526602,12.38829208,11.36
372,34,140.7526602,12.38829208,11.36
372,34,140.7526602,12.38829208,11.36
372,34,140.7526602,12.38829208,11.36
372,34,140.7526602,12.38829208,11.36
372,34,140.7526602,12.38829208,11.36
637,34,140.8169811,11.06175849,12.73
637,34,140.8169811,11.06175849,12.73
637,34,140.8169811,11.06175849,12.73
637,34,140.8169811,11.06175849,12.73
596,35,147.7573681,11.60783605,12.73
596,35,147.7573681,11.60783605,12.73
596,35,147.7573681,11.60783605,12.73
33,4,171.3216561,14.32524459,11.96
39,4,153.7267809,14.22195361,10.81
39,4,153.7267809,14.22195361,10.81
39,4,153.7267809,14.22195361,10.81
39,4,153.7267809,14.22195361,10.81
39,4,153.7267809,14.22195361,10.81
39,4,153.7267809,14.22195361,10.81
39,4,153.7267809,14.22195361,10.81
43,4,154.2322893,12.37423998,12.46
43,4,154.2322893,12.37423998,12.46
43,4,154.2322893,12.37423998,12.46
43,4,154.2322893,12.37423998,12.46
43,4,154.2322893,12.37423998,12.46
43,4,154.2322893,12.37423998,12.46
43,4,154.2322893,12.37423998,12.46
43,4,154.2322893,12.37423998,12.46
43,4,154.2322893,12.37423998,12.46
43,4,154.2322893,12.37423998,12.46
43,4,154.2322893,12.37423998,12.46
43,4,154.2322893,12.37423998,12.46
43,4,154.2322893,12.37423998,12.46
43,4,154.2322893,12.37423998,12.46
43,4,154.2322893,12.37423998,12.46
43,4,154.2322893,12.37423998,12.46
43,4,154.2322893,12.37423998,12.46
49,4,167.9284369,16.93899661,9.91
67,4,155.0169122,12.71484255,12.19
67,4,155.0169122,12.71484255,12.19
67,4,155.0169122,12.71484255,12.19
86,4,156.4048641,13.65217854,11.46
86,4,156.4048641,13.65217854,11.46
86,4,156.4048641,13.65217854,11.46
86,4,156.4048641,13.65217854,11.46
86,4,156.4048641,13.65217854,11.46
86,4,156.4048641,13.65217854,11.46
97,4,156.0500272,12.56464013,12.42
97,4,156.0500272,12.56464013,12.42
104,4,161.4797868,14.23986637,11.34
104,4,161.4797868,14.23986637,11.34
105,4,161.3524664,12.00021094,13.45
105,4,161.3524664,12.00021094,13.45
105,4,161.3524664,12.00021094,13.45
199,4,159.6288574,12.20313109,13.08
201,4,150.1290163,12.54888641,11.96
201,4,150.1290163,12.54888641,11.96
201,4,150.1290163,12.54888641,11.96
215,4,151.8104396,12.71019956,11.94
215,4,151.8104396,12.71019956,11.94
235,4,162.9964758,15.58666385,10.46
235,4,162.9964758,15.58666385,10.46
235,4,162.9964758,15.58666385,10.46
261,4,162.8026549,15.77974938,10.32
261,4,162.8026549,15.77974938,10.32
265,4,149.8431973,14.19612598,10.56
265,4,149.8431973,14.19612598,10.56
265,4,149.8431973,14.19612598,10.56
265,4,149.8431973,14.19612598,10.56
265,4,149.8431973,14.19612598,10.56
265,4,149.8431973,14.19612598,10.56
265,4,149.8431973,14.19612598,10.56
283,4,156.2475655,15.77736404,9.9
283,4,156.2475655,15.77736404,9.9
283,4,156.2475655,15.77736404,9.9
283,4,156.2475655,15.77736404,9.9
283,4,156.2475655,15.77736404,9.9
283,4,156.2475655,15.77736404,9.9
283,4,156.2475655,15.77736404,9.9
283,4,156.2475655,15.77736404,9.9
283,4,156.2475655,15.77736404,9.9
283,4,156.2475655,15.77736404,9.9
283,4,156.2475655,15.77736404,9.9
283,4,156.2475655,15.77736404,9.9
283,4,156.2475655,15.77736404,9.9
451,4,145.9603524,13.35084978,10.93
462,4,137.5573277,12.08770637,11.38
462,4,137.5573277,12.08770637,11.38
462,4,137.5573277,12.08770637,11.38
462,4,137.5573277,12.08770637,11.38
462,4,137.5573277,12.08770637,11.38
513,4,149.0662177,13.03614686,11.43
513,4,149.0662177,13.03614686,11.43
513,4,149.0662177,13.03614686,11.43
513,4,149.0662177,13.03614686,11.43
513,4,149.0662177,13.03614686,11.43
513,4,149.0662177,13.03614686,11.43
513,4,149.0662177,13.03614686,11.43
513,4,149.0662177,13.03614686,11.43
516,4,163.1876241,15.22236175,10.72
523,4,155.1325681,13.32755587,11.64
523,4,155.1325681,13.32755587,11.64
562,4,146.4650073,12.95960657,11.3
562,4,146.4650073,12.95960657,11.3
562,4,146.4650073,12.95960657,11.3
562,4,146.4650073,12.95960657,11.3
562,4,146.4650073,12.95960657,11.3
562,4,146.4650073,12.95960657,11.3
562,4,146.4650073,12.95960657,11.3
562,4,146.4650073,12.95960657,11.3
562,4,146.4650073,12.95960657,11.3
738,4,151.986227,12.3798793,12.28
739,4,142.4615034,11.69695599,12.18
740,4,143.6016742,11.35486946,12.65
761,4,141.0386013,11.27674496,12.51
794,4,136.7301455,11.03329497,12.39
794,4,136.7301455,11.03329497,12.39
794,4,136.7301455,11.03329497,12.39
819,4,159.3449409,11.83145677,13.47
30,5,148.2611895,12.5410867,11.82
30,5,148.2611895,12.5410867,11.82
36,5,149.4401089,13.80828675,10.82
36,5,149.4401089,13.80828675,10.82
40,5,146.2391529,12.55996488,11.64
40,5,146.2391529,12.55996488,11.64
45,5,153.4091125,12.49329853,12.28
45,5,153.4091125,12.49329853,12.28
45,5,153.4091125,12.49329853,12.28
45,5,153.4091125,12.49329853,12.28
45,5,153.4091125,12.49329853,12.28
45,5,153.4091125,12.49329853,12.28
45,5,153.4091125,12.49329853,12.28
45,5,153.4091125,12.49329853,12.28
45,5,153.4091125,12.49329853,12.28
45,5,153.4091125,12.49329853,12.28
45,5,153.4091125,12.49329853,12.28
45,5,153.4091125,12.49329853,12.28
45,5,153.4091125,12.49329853,12.28
45,5,153.4091125,12.49329853,12.28
54,5,139.8948718,11.39803385,12.27
93,5,156.086785,12.89582485,12.1
93,5,156.086785,12.89582485,12.1
200,5,159.723779,13.1166,12.18
200,5,159.723779,13.1166,12.18
200,5,159.723779,13.1166,12.18
200,5,159.723779,13.1166,12.18
205,5,150.8678663,12.62670848,11.95
205,5,150.8678663,12.62670848,11.95
205,5,150.8678663,12.62670848,11.95
205,5,150.8678663,12.62670848,11.95
264,5,159.351341,16.0655131,9.92
264,5,159.351341,16.0655131,9.92
264,5,159.351341,16.0655131,9.92
264,5,159.351341,16.0655131,9.92
264,5,159.351341,16.0655131,9.92
264,5,159.351341,16.0655131,9.92
264,5,159.351341,16.0655131,9.92
264,5,159.351341,16.0655131,9.92
264,5,159.351341,16.0655131,9.92
264,5,159.351341,16.0655131,9.92
264,5,159.351341,16.0655131,9.92
264,5,159.351341,16.0655131,9.92
264,5,159.351341,16.0655131,9.92
264,5,159.351341,16.0655131,9.92
275,5,140.5686783,11.93234551,11.78
275,5,140.5686783,11.93234551,11.78
275,5,140.5686783,11.93234551,11.78
275,5,140.5686783,11.93234551,11.78
275,5,140.5686783,11.93234551,11.78
275,5,140.5686783,11.93234551,11.78
275,5,140.5686783,11.93234551,11.78
278,5,141.5782774,12.85951008,11.01
278,5,141.5782774,12.85951008,11.01
278,5,141.5782774,12.85951008,11.01
278,5,141.5782774,12.85951008,11.01
457,5,137.3216208,11.62555442,11.81
457,5,137.3216208,11.62555442,11.81
457,5,137.3216208,11.62555442,11.81
457,5,137.3216208,11.62555442,11.81
466,5,151.4891097,13.72228109,11.04
466,5,151.4891097,13.72228109,11.04
466,5,151.4891097,13.72228109,11.04
466,5,151.4891097,13.72228109,11.04
466,5,151.4891097,13.72228109,11.04
466,5,151.4891097,13.72228109,11.04
477,5,142.5822864,11.69710101,12.19
477,5,142.5822864,11.69710101,12.19
477,5,142.5822864,11.69710101,12.19
479,5,135.2358467,11.76294196,11.5
479,5,135.2358467,11.76294196,11.5
484,5,135.808958,11.43509726,11.88
484,5,135.808958,11.43509726,11.88
484,5,135.808958,11.43509726,11.88
484,5,135.808958,11.43509726,11.88
484,5,135.808958,11.43509726,11.88
484,5,135.808958,11.43509726,11.88
484,5,135.808958,11.43509726,11.88
484,5,135.808958,11.43509726,11.88
484,5,135.808958,11.43509726,11.88
484,5,135.808958,11.43509726,11.88
484,5,135.808958,11.43509726,11.88
484,5,135.808958,11.43509726,11.88
484,5,135.808958,11.43509726,11.88
484,5,135.808958,11.43509726,11.88
484,5,135.808958,11.43509726,11.88
484,5,135.808958,11.43509726,11.88
484,5,135.808958,11.43509726,11.88
484,5,135.808958,11.43509726,11.88
484,5,135.808958,11.43509726,11.88
489,5,146.5325325,11.97196036,12.24
489,5,146.5325325,11.97196036,12.24
511,5,148.0454387,12.68964676,11.67
511,5,148.0454387,12.68964676,11.67
511,5,148.0454387,12.68964676,11.67
511,5,148.0454387,12.68964676,11.67
546,5,149.9232448,12.69359745,11.81
548,5,141.6140896,12.05714685,11.75
556,5,142.2152847,11.99152638,11.86
556,5,142.2152847,11.99152638,11.86
556,5,142.2152847,11.99152638,11.86
556,5,142.2152847,11.99152638,11.86
556,5,142.2152847,11.99152638,11.86
556,5,142.2152847,11.99152638,11.86
556,5,142.2152847,11.99152638,11.86
556,5,142.2152847,11.99152638,11.86
556,5,142.2152847,11.99152638,11.86
567,5,140.1416838,12.12138577,11.56
567,5,140.1416838,12.12138577,11.56
567,5,140.1416838,12.12138577,11.56
567,5,140.1416838,12.12138577,11.56
567,5,140.1416838,12.12138577,11.56
567,5,140.1416838,12.12138577,11.56
567,5,140.1416838,12.12138577,11.56
567,5,140.1416838,12.12138577,11.56
567,5,140.1416838,12.12138577,11.56
567,5,140.1416838,12.12138577,11.56
567,5,140.1416838,12.12138577,11.56
567,5,140.1416838,12.12138577,11.56
567,5,140.1416838,12.12138577,11.56
567,5,140.1416838,12.12138577,11.56
741,5,149.398017,12.41116294,12.04
745,5,142.3355177,11.30020813,12.6
745,5,142.3355177,11.30020813,12.6
759,5,158.459354,12.82867555,12.35
788,5,154.0656852,13.69744417,11.25
788,5,154.0656852,13.69744417,11.25
797,5,147.2979777,12.02068675,12.25
797,5,147.2979777,12.02068675,12.25
797,5,147.2979777,12.02068675,12.25
797,5,147.2979777,12.02068675,12.25
797,5,147.2979777,12.02068675,12.25
797,5,147.2979777,12.02068675,12.25
798,5,137.8733333,11.8005888,11.68
802,5,139.5852824,11.33882533,12.31
802,5,139.5852824,11.33882533,12.31
806,5,151.1858072,12.47697031,12.12
806,5,151.1858072,12.47697031,12.12
31,6,156.5321285,12.36776024,12.66
31,6,156.5321285,12.36776024,12.66
35,6,141.7006481,12.15138275,11.66
35,6,141.7006481,12.15138275,11.66
35,6,141.7006481,12.15138275,11.66
35,6,141.7006481,12.15138275,11.66
35,6,141.7006481,12.15138275,11.66
35,6,141.7006481,12.15138275,11.66
35,6,141.7006481,12.15138275,11.66
35,6,141.7006481,12.15138275,11.66
35,6,141.7006481,12.15138275,11.66
35,6,141.7006481,12.15138275,11.66
35,6,141.7006481,12.15138275,11.66
35,6,141.7006481,12.15138275,11.66
35,6,141.7006481,12.15138275,11.66
35,6,141.7006481,12.15138275,11.66
48,6,170.8383838,15.59392727,10.96
50,6,150.2420382,12.97113529,11.58
50,6,150.2420382,12.97113529,11.58
61,6,165.848329,15.05960823,11.01
61,6,165.848329,15.05960823,11.01
61,6,165.848329,15.05960823,11.01
194,6,163.5526427,12.78700615,12.79
194,6,163.5526427,12.78700615,12.79
194,6,163.5526427,12.78700615,12.79
195,6,165.9437593,13.32884815,12.45
195,6,165.9437593,13.32884815,12.45
266,6,155.1522601,14.23370626,10.9
266,6,155.1522601,14.23370626,10.9
279,6,145.2683616,13.05604322,11.13
279,6,145.2683616,13.05604322,11.13
279,6,145.2683616,13.05604322,11.13
435,6,169.0320856,12.39204706,13.64
435,6,169.0320856,12.39204706,13.64
435,6,169.0320856,12.39204706,13.64
447,6,132.3478555,11.74058116,11.27
447,6,132.3478555,11.74058116,11.27
447,6,132.3478555,11.74058116,11.27
471,6,149.5601323,12.30951238,12.15
471,6,149.5601323,12.30951238,12.15
471,6,149.5601323,12.30951238,12.15
472,6,161.2582057,12.87400175,12.53
472,6,161.2582057,12.87400175,12.53
472,6,161.2582057,12.87400175,12.53
485,6,150.6505017,12.40069365,12.15
485,6,150.6505017,12.40069365,12.15
485,6,150.6505017,12.40069365,12.15
485,6,150.6505017,12.40069365,12.15
485,6,150.6505017,12.40069365,12.15
485,6,150.6505017,12.40069365,12.15
485,6,150.6505017,12.40069365,12.15
485,6,150.6505017,12.40069365,12.15
485,6,150.6505017,12.40069365,12.15
536,6,141.4592629,11.81709139,11.97
536,6,141.4592629,11.81709139,11.97
536,6,141.4592629,11.81709139,11.97
545,6,152.0648814,13.16030658,11.55
545,6,152.0648814,13.16030658,11.55
547,6,160.2321083,11.88356867,13.48
558,6,142.004771,11.40661546,12.45
558,6,142.004771,11.40661546,12.45
558,6,142.004771,11.40661546,12.45
558,6,142.004771,11.40661546,12.45
558,6,142.004771,11.40661546,12.45
561,6,148.3965368,12.80891065,11.59
561,6,148.3965368,12.80891065,11.59
561,6,148.3965368,12.80891065,11.59
561,6,148.3965368,12.80891065,11.59
561,6,148.3965368,12.80891065,11.59
561,6,148.3965368,12.80891065,11.59
564,6,146.8555766,12.53359469,11.72
564,6,146.8555766,12.53359469,11.72
564,6,146.8555766,12.53359469,11.72
564,6,146.8555766,12.53359469,11.72
564,6,146.8555766,12.53359469,11.72
564,6,146.8555766,12.53359469,11.72
564,6,146.8555766,12.53359469,11.72
564,6,146.8555766,12.53359469,11.72
564,6,146.8555766,12.53359469,11.72
564,6,146.8555766,12.53359469,11.72
564,6,146.8555766,12.53359469,11.72
564,6,146.8555766,12.53359469,11.72
708,6,138.7173469,11.70572557,11.85
708,6,138.7173469,11.70572557,11.85
708,6,138.7173469,11.70572557,11.85
708,6,138.7173469,11.70572557,11.85
708,6,138.7173469,11.70572557,11.85
708,6,138.7173469,11.70572557,11.85
724,6,145.2443268,11.81352018,12.29
727,6,137.8006536,11.06198487,12.46
727,6,137.8006536,11.06198487,12.46
728,6,149.3596533,11.47300241,13.02
728,6,149.3596533,11.47300241,13.02
734,6,147.6627191,12.52947172,11.79
748,6,150.2074468,12.52447755,11.99
748,6,150.2074468,12.52447755,11.99
748,6,150.2074468,12.52447755,11.99
815,6,145.9101924,12.25481281,11.91
44,7,156.3614953,14.42921688,10.84
44,7,156.3614953,14.42921688,10.84
44,7,156.3614953,14.42921688,10.84
44,7,156.3614953,14.42921688,10.84
44,7,156.3614953,14.42921688,10.84
44,7,156.3614953,14.42921688,10.84
89,7,154.0408822,12.72914879,12.1
89,7,154.0408822,12.72914879,12.1
89,7,154.0408822,12.72914879,12.1
89,7,154.0408822,12.72914879,12.1
94,7,158.6023529,13.83798155,11.46
94,7,158.6023529,13.83798155,11.46
94,7,158.6023529,13.83798155,11.46
111,7,164.2467153,13.16230161,12.48
111,7,164.2467153,13.16230161,12.48
202,7,158.759415,13.54352775,11.72
242,7,155.4660422,11.70505222,13.28
242,7,155.4660422,11.70505222,13.28
242,7,155.4660422,11.70505222,13.28
242,7,155.4660422,11.70505222,13.28
242,7,155.4660422,11.70505222,13.28
263,7,141.4714202,12.22440919,11.57
263,7,141.4714202,12.22440919,11.57
263,7,141.4714202,12.22440919,11.57
263,7,141.4714202,12.22440919,11.57
263,7,141.4714202,12.22440919,11.57
263,7,141.4714202,12.22440919,11.57
263,7,141.4714202,12.22440919,11.57
263,7,141.4714202,12.22440919,11.57
274,7,156.8457986,14.27637799,10.99
274,7,156.8457986,14.27637799,10.99
274,7,156.8457986,14.27637799,10.99
434,7,168.8210526,12.79868211,13.19
434,7,168.8210526,12.79868211,13.19
537,7,137.7089479,11.7396649,11.73
542,7,141.6970502,12.40585352,11.42
578,7,146.1303754,11.7712854,12.41
578,7,146.1303754,11.7712854,12.41
578,7,146.1303754,11.7712854,12.41
578,7,146.1303754,11.7712854,12.41
712,7,141.8499096,11.43291377,12.41
712,7,141.8499096,11.43291377,12.41
712,7,141.8499096,11.43291377,12.41
712,7,141.8499096,11.43291377,12.41
732,7,139.2453245,10.87986337,12.8
732,7,139.2453245,10.87986337,12.8
752,7,145.5150215,11.03408594,13.19
817,7,136.4993987,11.22162862,12.16
817,7,136.4993987,11.22162862,12.16
817,7,136.4993987,11.22162862,12.16
817,7,136.4993987,11.22162862,12.16
817,7,136.4993987,11.22162862,12.16
817,7,136.4993987,11.22162862,12.16
817,7,136.4993987,11.22162862,12.16
817,7,136.4993987,11.22162862,12.16
817,7,136.4993987,11.22162862,12.16
817,7,136.4993987,11.22162862,12.16
817,7,136.4993987,11.22162862,12.16
817,7,136.4993987,11.22162862,12.16
817,7,136.4993987,11.22162862,12.16
817,7,136.4993987,11.22162862,12.16
818,7,153.4772048,13.36745088,11.48
29,8,152.5630281,12.54418169,12.16
29,8,152.5630281,12.54418169,12.16
29,8,152.5630281,12.54418169,12.16
29,8,152.5630281,12.54418169,12.16
29,8,152.5630281,12.54418169,12.16
29,8,152.5630281,12.54418169,12.16
29,8,152.5630281,12.54418169,12.16
29,8,152.5630281,12.54418169,12.16
59,8,155.5665116,13.67797395,11.37
59,8,155.5665116,13.67797395,11.37
80,8,162.7320246,14.36619934,11.33
80,8,162.7320246,14.36619934,11.33
88,8,168.2782324,12.32521571,13.65
88,8,168.2782324,12.32521571,13.65
88,8,168.2782324,12.32521571,13.65
96,8,163.5007496,13.8260468,11.83
96,8,163.5007496,13.8260468,11.83
96,8,163.5007496,13.8260468,11.83
96,8,163.5007496,13.8260468,11.83
96,8,163.5007496,13.8260468,11.83
96,8,163.5007496,13.8260468,11.83
96,8,163.5007496,13.8260468,11.83
96,8,163.5007496,13.8260468,11.83
267,8,152.6960519,13.04170856,11.71
267,8,152.6960519,13.04170856,11.71
284,8,141.7720384,12.86020217,11.02
284,8,141.7720384,12.86020217,11.02
298,8,147.4982771,13.43258746,10.98
298,8,147.4982771,13.43258746,10.98
298,8,147.4982771,13.43258746,10.98
298,8,147.4982771,13.43258746,10.98
298,8,147.4982771,13.43258746,10.98
308,8,144.3101737,12.60303292,11.45
308,8,144.3101737,12.60303292,11.45
308,8,144.3101737,12.60303292,11.45
308,8,144.3101737,12.60303292,11.45
436,8,145.2131404,12.81763535,11.33
436,8,145.2131404,12.81763535,11.33
436,8,145.2131404,12.81763535,11.33
436,8,145.2131404,12.81763535,11.33
436,8,145.2131404,12.81763535,11.33
436,8,145.2131404,12.81763535,11.33
436,8,145.2131404,12.81763535,11.33
436,8,145.2131404,12.81763535,11.33
436,8,145.2131404,12.81763535,11.33
436,8,145.2131404,12.81763535,11.33
439,8,134.8931465,11.3505249,11.88
439,8,134.8931465,11.3505249,11.88
439,8,134.8931465,11.3505249,11.88
439,8,134.8931465,11.3505249,11.88
439,8,134.8931465,11.3505249,11.88
446,8,134.9049787,12.17770945,11.08
446,8,134.9049787,12.17770945,11.08
446,8,134.9049787,12.17770945,11.08
446,8,134.9049787,12.17770945,11.08
448,8,131.3169919,11.41928567,11.5
448,8,131.3169919,11.41928567,11.5
448,8,131.3169919,11.41928567,11.5
448,8,131.3169919,11.41928567,11.5
448,8,131.3169919,11.41928567,11.5
456,8,145.5489596,11.80942215,12.32
456,8,145.5489596,11.80942215,12.32
456,8,145.5489596,11.80942215,12.32
480,8,147.7496439,11.60891923,12.73
480,8,147.7496439,11.60891923,12.73
480,8,147.7496439,11.60891923,12.73
480,8,147.7496439,11.60891923,12.73
480,8,147.7496439,11.60891923,12.73
480,8,147.7496439,11.60891923,12.73
480,8,147.7496439,11.60891923,12.73
480,8,147.7496439,11.60891923,12.73
480,8,147.7496439,11.60891923,12.73
480,8,147.7496439,11.60891923,12.73
480,8,147.7496439,11.60891923,12.73
480,8,147.7496439,11.60891923,12.73
480,8,147.7496439,11.60891923,12.73
480,8,147.7496439,11.60891923,12.73
480,8,147.7496439,11.60891923,12.73
480,8,147.7496439,11.60891923,12.73
480,8,147.7496439,11.60891923,12.73
480,8,147.7496439,11.60891923,12.73
480,8,147.7496439,11.60891923,12.73
490,8,151.4542564,12.62012109,12
490,8,151.4542564,12.62012109,12
490,8,151.4542564,12.62012109,12
490,8,151.4542564,12.62012109,12
563,8,152.8030903,13.5358046,11.29
563,8,152.8030903,13.5358046,11.29
563,8,152.8030903,13.5358046,11.29
563,8,152.8030903,13.5358046,11.29
563,8,152.8030903,13.5358046,11.29
563,8,152.8030903,13.5358046,11.29
563,8,152.8030903,13.5358046,11.29
563,8,152.8030903,13.5358046,11.29
563,8,152.8030903,13.5358046,11.29
563,8,152.8030903,13.5358046,11.29
569,8,133.8945445,11.25614471,11.9
569,8,133.8945445,11.25614471,11.9
569,8,133.8945445,11.25614471,11.9
569,8,133.8945445,11.25614471,11.9
569,8,133.8945445,11.25614471,11.9
569,8,133.8945445,11.25614471,11.9
569,8,133.8945445,11.25614471,11.9
569,8,133.8945445,11.25614471,11.9
569,8,133.8945445,11.25614471,11.9
569,8,133.8945445,11.25614471,11.9
569,8,133.8945445,11.25614471,11.9
569,8,133.8945445,11.25614471,11.9
569,8,133.8945445,11.25614471,11.9
575,8,154.5339196,11.58307688,13.34
575,8,154.5339196,11.58307688,13.34
575,8,154.5339196,11.58307688,13.34
575,8,154.5339196,11.58307688,13.34
575,8,154.5339196,11.58307688,13.34
575,8,154.5339196,11.58307688,13.34
575,8,154.5339196,11.58307688,13.34
575,8,154.5339196,11.58307688,13.34
580,8,140.3149171,11.58190856,12.12
580,8,140.3149171,11.58190856,12.12
580,8,140.3149171,11.58190856,12.12
580,8,140.3149171,11.58190856,12.12
580,8,140.3149171,11.58190856,12.12
580,8,140.3149171,11.58190856,12.12
580,8,140.3149171,11.58190856,12.12
580,8,140.3149171,11.58190856,12.12
580,8,140.3149171,11.58190856,12.12
580,8,140.3149171,11.58190856,12.12
580,8,140.3149171,11.58190856,12.12
580,8,140.3149171,11.58190856,12.12
713,8,138.3207237,11.31661761,12.22
713,8,138.3207237,11.31661761,12.22
713,8,138.3207237,11.31661761,12.22
713,8,138.3207237,11.31661761,12.22
713,8,138.3207237,11.31661761,12.22
713,8,138.3207237,11.31661761,12.22
713,8,138.3207237,11.31661761,12.22
713,8,138.3207237,11.31661761,12.22
713,8,138.3207237,11.31661761,12.22
713,8,138.3207237,11.31661761,12.22
716,8,152.4681596,12.10371645,12.6
726,8,156.1892405,12.09760063,12.91
733,8,152.9987088,12.40384764,12.33
733,8,152.9987088,12.40384764,12.33
744,8,135.4580537,10.64903656,12.72
744,8,135.4580537,10.64903656,12.72
784,8,149.6263323,12.60163411,11.87
784,8,149.6263323,12.60163411,11.87
824,8,138.0920945,11.87232176,11.63
37,9,149.6513761,13.31589369,11.24
37,9,149.6513761,13.31589369,11.24
37,9,149.6513761,13.31589369,11.24
37,9,149.6513761,13.31589369,11.24
37,9,149.6513761,13.31589369,11.24
37,9,149.6513761,13.31589369,11.24
37,9,149.6513761,13.31589369,11.24
37,9,149.6513761,13.31589369,11.24
37,9,149.6513761,13.31589369,11.24
46,9,158.5007886,13.79728085,11.49
46,9,158.5007886,13.79728085,11.49
46,9,158.5007886,13.79728085,11.49
46,9,158.5007886,13.79728085,11.49
46,9,158.5007886,13.79728085,11.49
76,9,168.3818182,15.58146701,10.81
98,9,156.0903294,12.75455133,12.24
107,9,163.4945726,12.97775593,12.6
107,9,163.4945726,12.97775593,12.6
107,9,163.4945726,12.97775593,12.6
107,9,163.4945726,12.97775593,12.6
108,9,163.8978037,11.37052947,14.41
183,9,152.5792896,12.98946996,11.75
183,9,152.5792896,12.98946996,11.75
183,9,152.5792896,12.98946996,11.75
183,9,152.5792896,12.98946996,11.75
185,9,164.4760746,14.23734068,11.55
185,9,164.4760746,14.23734068,11.55
213,9,147.4979339,11.75777256,12.54
213,9,147.4979339,11.75777256,12.54
213,9,147.4979339,11.75777256,12.54
213,9,147.4979339,11.75777256,12.54
213,9,147.4979339,11.75777256,12.54
213,9,147.4979339,11.75777256,12.54
213,9,147.4979339,11.75777256,12.54
213,9,147.4979339,11.75777256,12.54
213,9,147.4979339,11.75777256,12.54
213,9,147.4979339,11.75777256,12.54
213,9,147.4979339,11.75777256,12.54
213,9,147.4979339,11.75777256,12.54
213,9,147.4979339,11.75777256,12.54
213,9,147.4979339,11.75777256,12.54
234,9,158.9641834,14.5399255,10.93
234,9,158.9641834,14.5399255,10.93
234,9,158.9641834,14.5399255,10.93
262,9,145.6017108,13.03849751,11.17
262,9,145.6017108,13.03849751,11.17
262,9,145.6017108,13.03849751,11.17
262,9,145.6017108,13.03849751,11.17
262,9,145.6017108,13.03849751,11.17
262,9,145.6017108,13.03849751,11.17
262,9,145.6017108,13.03849751,11.17
262,9,145.6017108,13.03849751,11.17
268,9,164.63,13.720212,12
268,9,164.63,13.720212,12
268,9,164.63,13.720212,12
276,9,144.846901,12.84752081,11.27
276,9,144.846901,12.84752081,11.27
276,9,144.846901,12.84752081,11.27
276,9,144.846901,12.84752081,11.27
276,9,144.846901,12.84752081,11.27
290,9,154.6904594,11.93482177,12.96
290,9,154.6904594,11.93482177,12.96
290,9,154.6904594,11.93482177,12.96
290,9,154.6904594,11.93482177,12.96
290,9,154.6904594,11.93482177,12.96
290,9,154.6904594,11.93482177,12.96
290,9,154.6904594,11.93482177,12.96
290,9,154.6904594,11.93482177,12.96
290,9,154.6904594,11.93482177,12.96
290,9,154.6904594,11.93482177,12.96
440,9,140.0800395,11.93315336,11.74
440,9,140.0800395,11.93315336,11.74
440,9,140.0800395,11.93315336,11.74
440,9,140.0800395,11.93315336,11.74
453,9,135.5776993,12.19491558,11.12
453,9,135.5776993,12.19491558,11.12
453,9,135.5776993,12.19491558,11.12
453,9,135.5776993,12.19491558,11.12
453,9,135.5776993,12.19491558,11.12
453,9,135.5776993,12.19491558,11.12
453,9,135.5776993,12.19491558,11.12
453,9,135.5776993,12.19491558,11.12
453,9,135.5776993,12.19491558,11.12
483,9,142.6484065,12.67416286,11.26
483,9,142.6484065,12.67416286,11.26
483,9,142.6484065,12.67416286,11.26
483,9,142.6484065,12.67416286,11.26
483,9,142.6484065,12.67416286,11.26
483,9,142.6484065,12.67416286,11.26
483,9,142.6484065,12.67416286,11.26
483,9,142.6484065,12.67416286,11.26
483,9,142.6484065,12.67416286,11.26
483,9,142.6484065,12.67416286,11.26
483,9,142.6484065,12.67416286,11.26
483,9,142.6484065,12.67416286,11.26
483,9,142.6484065,12.67416286,11.26
483,9,142.6484065,12.67416286,11.26
483,9,142.6484065,12.67416286,11.26
483,9,142.6484065,12.67416286,11.26
483,9,142.6484065,12.67416286,11.26
483,9,142.6484065,12.67416286,11.26
483,9,142.6484065,12.67416286,11.26
483,9,142.6484065,12.67416286,11.26
483,9,142.6484065,12.67416286,11.26
483,9,142.6484065,12.67416286,11.26
483,9,142.6484065,12.67416286,11.26
483,9,142.6484065,12.67416286,11.26
483,9,142.6484065,12.67416286,11.26
483,9,142.6484065,12.67416286,11.26
483,9,142.6484065,12.67416286,11.26
483,9,142.6484065,12.67416286,11.26
483,9,142.6484065,12.67416286,11.26
483,9,142.6484065,12.67416286,11.26
483,9,142.6484065,12.67416286,11.26
483,9,142.6484065,12.67416286,11.26
483,9,142.6484065,12.67416286,11.26
483,9,142.6484065,12.67416286,11.26
483,9,142.6484065,12.67416286,11.26
483,9,142.6484065,12.67416286,11.26
483,9,142.6484065,12.67416286,11.26
483,9,142.6484065,12.67416286,11.26
483,9,142.6484065,12.67416286,11.26
483,9,142.6484065,12.67416286,11.26
483,9,142.6484065,12.67416286,11.26
483,9,142.6484065,12.67416286,11.26
539,9,155.9655431,13.35438921,11.68
539,9,155.9655431,13.35438921,11.68
539,9,155.9655431,13.35438921,11.68
540,9,140.7291855,11.67673654,12.05
540,9,140.7291855,11.67673654,12.05
540,9,140.7291855,11.67673654,12.05
557,9,133.4164692,11.77501777,11.33
557,9,133.4164692,11.77501777,11.33
557,9,133.4164692,11.77501777,11.33
557,9,133.4164692,11.77501777,11.33
557,9,133.4164692,11.77501777,11.33
557,9,133.4164692,11.77501777,11.33
557,9,133.4164692,11.77501777,11.33
557,9,133.4164692,11.77501777,11.33
557,9,133.4164692,11.77501777,11.33
557,9,133.4164692,11.77501777,11.33
577,9,148.7532051,12.548362,11.85
577,9,148.7532051,12.548362,11.85
577,9,148.7532051,12.548362,11.85
577,9,148.7532051,12.548362,11.85
577,9,148.7532051,12.548362,11.85
577,9,148.7532051,12.548362,11.85
577,9,148.7532051,12.548362,11.85
577,9,148.7532051,12.548362,11.85
577,9,148.7532051,12.548362,11.85
577,9,148.7532051,12.548362,11.85
577,9,148.7532051,12.548362,11.85
581,9,141.8521303,12.46778256,11.38
581,9,141.8521303,12.46778256,11.38
581,9,141.8521303,12.46778256,11.38
581,9,141.8521303,12.46778256,11.38
581,9,141.8521303,12.46778256,11.38
581,9,141.8521303,12.46778256,11.38
581,9,141.8521303,12.46778256,11.38
581,9,141.8521303,12.46778256,11.38
581,9,141.8521303,12.46778256,11.38
581,9,141.8521303,12.46778256,11.38
581,9,141.8521303,12.46778256,11.38
581,9,141.8521303,12.46778256,11.38
581,9,141.8521303,12.46778256,11.38
581,9,141.8521303,12.46778256,11.38
581,9,141.8521303,12.46778256,11.38
581,9,141.8521303,12.46778256,11.38
581,9,141.8521303,12.46778256,11.38
581,9,141.8521303,12.46778256,11.38
581,9,141.8521303,12.46778256,11.38
581,9,141.8521303,12.46778256,11.38
581,9,141.8521303,12.46778256,11.38
718,9,159.2452147,12.76084159,12.48
718,9,159.2452147,12.76084159,12.48
718,9,159.2452147,12.76084159,12.48
718,9,159.2452147,12.76084159,12.48
718,9,159.2452147,12.76084159,12.48
718,9,159.2452147,12.76084159,12.48
725,9,145.6866644,11.88927117,12.25
816,9,131.4234069,10.68595147,12.3
816,9,131.4234069,10.68595147,12.3
816,9,131.4234069,10.68595147,12.3
816,9,131.4234069,10.68595147,12.3
