event_id,avg_speed,avg_hr,heart_rate_stop,cadence_stop
458,9.454793552,163.0935987,164,83
458,9.454793552,163.0935987,170,84
458,9.454793552,163.0935987,161,82
458,9.454793552,163.0935987,146,82
776,9.687229766,135.3754181,148,81
776,9.687229766,135.3754181,134,81
776,9.687229766,135.3754181,116,83
776,9.687229766,135.3754181,115,81
776,9.687229766,135.3754181,110,82
776,9.687229766,135.3754181,123,74
776,9.687229766,135.3754181,107,81
776,9.687229766,135.3754181,113,79
776,9.687229766,135.3754181,143,83
780,9.91761963,147.4907621,122,87
780,9.91761963,147.4907621,148,76
780,9.91761963,147.4907621,161,84
65,9.956165125,144.4270463,140,0
65,9.956165125,144.4270463,155,99
65,9.956165125,144.4270463,160,95
65,9.956165125,144.4270463,155,92
474,9.993264745,128.0783875,115,83
295,10.0733566,132.4790005,123,79
295,10.0733566,132.4790005,123,79
295,10.0733566,132.4790005,139,80
295,10.0733566,132.4790005,131,79
295,10.0733566,132.4790005,122,80
781,10.08919797,138.5284828,161,85
17,10.10541781,135.2583047,169,85
17,10.10541781,135.2583047,163,87
17,10.10541781,135.2583047,164,84
17,10.10541781,135.2583047,161,83
17,10.10541781,135.2583047,56,0
17,10.10541781,135.2583047,138,83
17,10.10541781,135.2583047,139,83
17,10.10541781,135.2583047,132,83
17,10.10541781,135.2583047,130,83
17,10.10541781,135.2583047,142,83
379,10.26521746,112.8872215,148,81
379,10.26521746,112.8872215,123,80
379,10.26521746,112.8872215,120,80
379,10.26521746,112.8872215,130,95
379,10.26521746,112.8872215,136,87
379,10.26521746,112.8872215,117,81
379,10.26521746,112.8872215,113,81
379,10.26521746,112.8872215,103,79
379,10.26521746,112.8872215,112,79
379,10.26521746,112.8872215,117,80
388,10.33265501,113.0173954,144,81
388,10.33265501,113.0173954,148,81
388,10.33265501,113.0173954,111,80
388,10.33265501,113.0173954,111,81
388,10.33265501,113.0173954,116,80
388,10.33265501,113.0173954,109,79
388,10.33265501,113.0173954,112,81
388,10.33265501,113.0173954,114,81
388,10.33265501,113.0173954,113,82
388,10.33265501,113.0173954,112,81
431,10.48406426,129.8381743,137,80
431,10.48406426,129.8381743,165,79
431,10.48406426,129.8381743,121,82
431,10.48406426,129.8381743,115,82
431,10.48406426,129.8381743,116,82
627,10.56816306,151.7778396,165,85
744,10.64903656,135.4580537,169,84
744,10.64903656,135.4580537,138,83
816,10.68595147,131.4234069,139,83
816,10.68595147,131.4234069,144,83
816,10.68595147,131.4234069,140,88
816,10.68595147,131.4234069,125,86
437,10.68763958,122.7234957,163,80
437,10.68763958,122.7234957,148,82
437,10.68763958,122.7234957,159,79
437,10.68763958,122.7234957,112,83
437,10.68763958,122.7234957,118,83
437,10.68763958,122.7234957,116,83
437,10.68763958,122.7234957,118,82
437,10.68763958,122.7234957,124,85
661,10.73866661,134.175117,125,84
661,10.73866661,134.175117,142,85
779,10.76938526,134.8043947,162,83
779,10.76938526,134.8043947,167,84
779,10.76938526,134.8043947,123,82
779,10.76938526,134.8043947,170,85
779,10.76938526,134.8043947,142,81
779,10.76938526,134.8043947,121,81
779,10.76938526,134.8043947,118,83
779,10.76938526,134.8043947,117,84
779,10.76938526,134.8043947,139,83
779,10.76938526,134.8043947,123,85
666,10.76990446,127.9903174,119,82
666,10.76990446,127.9903174,140,82
668,10.77554245,137.2118708,135,84
668,10.77554245,137.2118708,128,83
668,10.77554245,137.2118708,158,82
668,10.77554245,137.2118708,162,84
591,10.80352056,133.0942207,148,80
591,10.80352056,133.0942207,126,82
591,10.80352056,133.0942207,135,82
591,10.80352056,133.0942207,138,83
591,10.80352056,133.0942207,122,82
591,10.80352056,133.0942207,137,83
591,10.80352056,133.0942207,132,84
591,10.80352056,133.0942207,126,83
591,10.80352056,133.0942207,138,83
591,10.80352056,133.0942207,132,83
591,10.80352056,133.0942207,142,84
799,10.80830954,157.3251983,147,84
775,10.81514181,139.885486,136,83
662,10.84690157,127.1428073,161,84
662,10.84690157,127.1428073,115,84
662,10.84690157,127.1428073,121,84
662,10.84690157,127.1428073,125,83
662,10.84690157,127.1428073,132,84
662,10.84690157,127.1428073,134,84
662,10.84690157,127.1428073,148,84
742,10.87544916,141.0710688,150,83
732,10.87986337,139.2453245,167,77
732,10.87986337,139.2453245,135,80
803,10.88275905,135.4876777,130,85
803,10.88275905,135.4876777,135,83
803,10.88275905,135.4876777,133,84
803,10.88275905,135.4876777,132,84
803,10.88275905,135.4876777,128,84
803,10.88275905,135.4876777,151,85
679,10.91028217,136.9261201,135,84
679,10.91028217,136.9261201,134,87
281,10.94288724,126.4245283,147,83
281,10.94288724,126.4245283,152,82
281,10.94288724,126.4245283,137,83
281,10.94288724,126.4245283,131,84
281,10.94288724,126.4245283,121,81
281,10.94288724,126.4245283,123,83
281,10.94288724,126.4245283,136,83
281,10.94288724,126.4245283,133,82
281,10.94288724,126.4245283,129,81
535,10.95394701,140.9521853,190,83
535,10.95394701,140.9521853,166,83
535,10.95394701,140.9521853,156,84
535,10.95394701,140.9521853,156,82
535,10.95394701,140.9521853,126,82
535,10.95394701,140.9521853,153,83
535,10.95394701,140.9521853,121,82
535,10.95394701,140.9521853,129,83
323,10.9683792,166.176,160,83
702,10.98452428,139.7406699,141,84
702,10.98452428,139.7406699,132,83
702,10.98452428,139.7406699,123,83
702,10.98452428,139.7406699,124,82
702,10.98452428,139.7406699,140,85
702,10.98452428,139.7406699,116,86
702,10.98452428,139.7406699,141,84
702,10.98452428,139.7406699,151,85
702,10.98452428,139.7406699,147,84
702,10.98452428,139.7406699,151,85
702,10.98452428,139.7406699,156,84
702,10.98452428,139.7406699,142,87
702,10.98452428,139.7406699,148,86
702,10.98452428,139.7406699,158,87
648,10.98772784,124.3860252,168,84
648,10.98772784,124.3860252,165,85
648,10.98772784,124.3860252,115,83
648,10.98772784,124.3860252,122,83
648,10.98772784,124.3860252,123,84
648,10.98772784,124.3860252,120,84
648,10.98772784,124.3860252,131,83
648,10.98772784,124.3860252,133,82
648,10.98772784,124.3860252,139,83
608,10.9897652,133.2935022,129,84
608,10.9897652,133.2935022,123,83
608,10.9897652,133.2935022,119,83
608,10.9897652,133.2935022,131,85
608,10.9897652,133.2935022,131,83
608,10.9897652,133.2935022,145,83
619,10.99316375,139.8797771,163,82
619,10.99316375,139.8797771,129,83
619,10.99316375,139.8797771,124,83
619,10.99316375,139.8797771,136,83
619,10.99316375,139.8797771,135,83
619,10.99316375,139.8797771,138,83
619,10.99316375,139.8797771,138,85
619,10.99316375,139.8797771,140,84
619,10.99316375,139.8797771,159,85
628,10.99814806,134.6153846,166,87
628,10.99814806,134.6153846,124,87
628,10.99814806,134.6153846,136,83
617,11.00028567,148.2345854,167,83
617,11.00028567,148.2345854,133,83
617,11.00028567,148.2345854,142,87
617,11.00028567,148.2345854,138,88
617,11.00028567,148.2345854,151,83
617,11.00028567,148.2345854,173,82
617,11.00028567,148.2345854,154,85
617,11.00028567,148.2345854,138,84
617,11.00028567,148.2345854,154,83
617,11.00028567,148.2345854,152,86
617,11.00028567,148.2345854,151,83
617,11.00028567,148.2345854,151,83
617,11.00028567,148.2345854,156,83
617,11.00028567,148.2345854,142,88
617,11.00028567,148.2345854,152,85
617,11.00028567,148.2345854,153,85
617,11.00028567,148.2345854,156,87
617,11.00028567,148.2345854,154,85
617,11.00028567,148.2345854,156,86
617,11.00028567,148.2345854,158,88
617,11.00028567,148.2345854,154,87
617,11.00028567,148.2345854,157,85
617,11.00028567,148.2345854,156,85
617,11.00028567,148.2345854,154,92
405,11.00503162,124.305033,158,89
405,11.00503162,124.305033,151,80
405,11.00503162,124.305033,119,81
405,11.00503162,124.305033,121,83
405,11.00503162,124.305033,123,80
405,11.00503162,124.305033,122,81
405,11.00503162,124.305033,134,81
405,11.00503162,124.305033,137,86
749,11.00955931,144.087469,167,83
749,11.00955931,144.087469,147,84
618,11.02112814,135.9792403,158,83
618,11.02112814,135.9792403,129,81
618,11.02112814,135.9792403,120,82
618,11.02112814,135.9792403,136,83
618,11.02112814,135.9792403,145,83
232,11.02947718,144.615493,166,85
232,11.02947718,144.615493,156,85
232,11.02947718,144.615493,142,59
232,11.02947718,144.615493,148,81
232,11.02947718,144.615493,151,85
794,11.03329497,136.7301455,150,83
794,11.03329497,136.7301455,137,83
794,11.03329497,136.7301455,139,83
752,11.03408594,145.5150215,155,84
470,11.04198697,128.9831844,153,83
470,11.04198697,128.9831844,157,82
470,11.04198697,128.9831844,134,82
470,11.04198697,128.9831844,122,82
470,11.04198697,128.9831844,120,83
470,11.04198697,128.9831844,127,85
703,11.04527541,141.7186188,170,83
703,11.04527541,141.7186188,134,82
703,11.04527541,141.7186188,141,83
703,11.04527541,141.7186188,149,83
570,11.05964758,136.3950348,166,84
570,11.05964758,136.3950348,146,83
570,11.05964758,136.3950348,139,83
570,11.05964758,136.3950348,138,86
570,11.05964758,136.3950348,133,84
570,11.05964758,136.3950348,135,85
570,11.05964758,136.3950348,127,85
570,11.05964758,136.3950348,134,83
570,11.05964758,136.3950348,132,83
570,11.05964758,136.3950348,129,83
570,11.05964758,136.3950348,128,81
570,11.05964758,136.3950348,142,84
570,11.05964758,136.3950348,137,86
570,11.05964758,136.3950348,128,83
570,11.05964758,136.3950348,127,83
570,11.05964758,136.3950348,115,85
570,11.05964758,136.3950348,133,83
570,11.05964758,136.3950348,125,84
570,11.05964758,136.3950348,134,84
570,11.05964758,136.3950348,136,84
570,11.05964758,136.3950348,120,85
570,11.05964758,136.3950348,134,83
570,11.05964758,136.3950348,137,84
570,11.05964758,136.3950348,138,87
570,11.05964758,136.3950348,133,84
570,11.05964758,136.3950348,143,85
637,11.06175849,140.8169811,135,84
637,11.06175849,140.8169811,137,82
637,11.06175849,140.8169811,151,83
637,11.06175849,140.8169811,159,83
727,11.06198487,137.8006536,159,82
727,11.06198487,137.8006536,142,89
611,11.06759033,139.5548545,164,83
611,11.06759033,139.5548545,144,83
611,11.06759033,139.5548545,138,84
611,11.06759033,139.5548545,129,81
611,11.06759033,139.5548545,135,83
611,11.06759033,139.5548545,135,85
611,11.06759033,139.5548545,145,83
611,11.06759033,139.5548545,119,83
611,11.06759033,139.5548545,145,83
611,11.06759033,139.5548545,151,83
659,11.06816327,136.5868893,121,81
659,11.06816327,136.5868893,156,84
609,11.07445489,140.9433962,135,88
609,11.07445489,140.9433962,135,84
609,11.07445489,140.9433962,130,84
609,11.07445489,140.9433962,130,83
609,11.07445489,140.9433962,132,84
609,11.07445489,140.9433962,147,84
603,11.0924358,134.8995357,168,83
603,11.0924358,134.8995357,124,83
603,11.0924358,134.8995357,129,82
603,11.0924358,134.8995357,128,84
603,11.0924358,134.8995357,146,85
753,11.09317262,141.4077817,162,81
753,11.09317262,141.4077817,158,80
753,11.09317262,141.4077817,124,83
753,11.09317262,141.4077817,135,82
753,11.09317262,141.4077817,148,83
753,11.09317262,141.4077817,122,81
753,11.09317262,141.4077817,146,84
753,11.09317262,141.4077817,152,88
622,11.09991419,155.4139665,141,84
622,11.09991419,155.4139665,164,83
622,11.09991419,155.4139665,157,83
622,11.09991419,155.4139665,153,84
685,11.11982368,141.6434837,135,83
685,11.11982368,141.6434837,149,83
478,11.13113201,134.6162162,167,83
478,11.13113201,134.6162162,164,82
478,11.13113201,134.6162162,138,82
478,11.13113201,134.6162162,155,82
478,11.13113201,134.6162162,132,82
478,11.13113201,134.6162162,118,82
478,11.13113201,134.6162162,119,81
478,11.13113201,134.6162162,144,100
651,11.14136702,146.0484689,143,84
651,11.14136702,146.0484689,149,85
651,11.14136702,146.0484689,150,83
651,11.14136702,146.0484689,147,87
651,11.14136702,146.0484689,160,87
709,11.14782797,135.7735997,126,83
709,11.14782797,135.7735997,149,87
421,11.14819767,130.8985788,121,78
421,11.14819767,130.8985788,128,81
421,11.14819767,130.8985788,138,80
671,11.17135841,132.0570583,170,86
671,11.17135841,132.0570583,137,80
671,11.17135841,132.0570583,128,81
671,11.17135841,132.0570583,125,84
671,11.17135841,132.0570583,141,82
671,11.17135841,132.0570583,133,84
671,11.17135841,132.0570583,130,84
671,11.17135841,132.0570583,152,83
606,11.17817192,134.6039861,119,84
606,11.17817192,134.6039861,120,85
606,11.17817192,134.6039861,123,83
606,11.17817192,134.6039861,127,83
606,11.17817192,134.6039861,128,84
606,11.17817192,134.6039861,130,85
606,11.17817192,134.6039861,132,84
606,11.17817192,134.6039861,134,84
606,11.17817192,134.6039861,138,86
606,11.17817192,134.6039861,157,85
825,11.18817722,151.7671233,135,82
825,11.18817722,151.7671233,141,82
825,11.18817722,151.7671233,122,83
825,11.18817722,151.7671233,150,88
592,11.19528687,138.4963156,153,82
592,11.19528687,138.4963156,156,82
592,11.19528687,138.4963156,133,83
592,11.19528687,138.4963156,148,83
592,11.19528687,138.4963156,134,83
592,11.19528687,138.4963156,143,83
589,11.20080284,140.4366293,139,81
589,11.20080284,140.4366293,127,81
589,11.20080284,140.4366293,136,80
589,11.20080284,140.4366293,137,82
589,11.20080284,140.4366293,153,82
589,11.20080284,140.4366293,135,82
589,11.20080284,140.4366293,138,82
589,11.20080284,140.4366293,148,82
589,11.20080284,140.4366293,122,84
589,11.20080284,140.4366293,146,86
817,11.22162862,136.4993987,155,82
817,11.22162862,136.4993987,159,83
817,11.22162862,136.4993987,135,84
817,11.22162862,136.4993987,130,83
817,11.22162862,136.4993987,137,82
817,11.22162862,136.4993987,111,83
817,11.22162862,136.4993987,132,89
817,11.22162862,136.4993987,137,86
817,11.22162862,136.4993987,142,83
817,11.22162862,136.4993987,136,84
817,11.22162862,136.4993987,128,83
817,11.22162862,136.4993987,125,84
817,11.22162862,136.4993987,118,83
817,11.22162862,136.4993987,142,84
664,11.2361135,139.7860418,150,82
664,11.2361135,139.7860418,141,85
664,11.2361135,139.7860418,155,83
664,11.2361135,139.7860418,143,83
664,11.2361135,139.7860418,158,84
616,11.24920258,135.8327957,129,83
616,11.24920258,135.8327957,133,82
616,11.24920258,135.8327957,124,84
616,11.24920258,135.8327957,129,83
604,11.25432024,140.9186239,135,83
604,11.25432024,140.9186239,130,83
604,11.25432024,140.9186239,128,83
604,11.25432024,140.9186239,129,85
604,11.25432024,140.9186239,134,84
604,11.25432024,140.9186239,133,83
604,11.25432024,140.9186239,146,89
569,11.25614471,133.8945445,164,84
569,11.25614471,133.8945445,157,83
569,11.25614471,133.8945445,146,83
569,11.25614471,133.8945445,135,84
569,11.25614471,133.8945445,138,83
569,11.25614471,133.8945445,136,83
569,11.25614471,133.8945445,134,85
569,11.25614471,133.8945445,132,83
569,11.25614471,133.8945445,131,83
569,11.25614471,133.8945445,131,84
569,11.25614471,133.8945445,131,83
569,11.25614471,133.8945445,131,83
569,11.25614471,133.8945445,139,84
629,11.26131144,150.9587284,165,83
629,11.26131144,150.9587284,155,83
758,11.26230121,131.2171166,141,83
655,11.2655031,137.9701428,133,82
655,11.2655031,137.9701428,139,84
655,11.2655031,137.9701428,142,83
655,11.2655031,137.9701428,148,83
400,11.27125633,124.564346,160,80
400,11.27125633,124.564346,126,81
400,11.27125633,124.564346,125,79
400,11.27125633,124.564346,117,81
400,11.27125633,124.564346,136,81
400,11.27125633,124.564346,148,80
400,11.27125633,124.564346,145,86
766,11.27306411,145.498579,144,89
468,11.27345822,139.6981379,134,83
625,11.27346261,141.0831522,158,82
625,11.27346261,141.0831522,140,87
625,11.27346261,141.0831522,130,83
625,11.27346261,141.0831522,147,83
761,11.27674496,141.0386013,150,82
699,11.28956561,149.2358739,160,86
745,11.30020813,142.3355177,136,83
745,11.30020813,142.3355177,151,83
707,11.3032142,137.8327039,150,83
707,11.3032142,137.8327039,124,83
707,11.3032142,137.8327039,127,84
707,11.3032142,137.8327039,142,86
769,11.30669739,130.3586767,135,81
769,11.30669739,130.3586767,125,84
769,11.30669739,130.3586767,147,85
607,11.31168527,138.6397466,150,83
607,11.31168527,138.6397466,156,84
607,11.31168527,138.6397466,129,84
607,11.31168527,138.6397466,128,84
607,11.31168527,138.6397466,142,83
607,11.31168527,138.6397466,143,83
607,11.31168527,138.6397466,136,84
607,11.31168527,138.6397466,138,83
713,11.31661761,138.3207237,165,83
713,11.31661761,138.3207237,156,83
713,11.31661761,138.3207237,145,85
713,11.31661761,138.3207237,134,83
713,11.31661761,138.3207237,106,83
713,11.31661761,138.3207237,130,83
713,11.31661761,138.3207237,135,86
713,11.31661761,138.3207237,142,86
713,11.31661761,138.3207237,134,83
713,11.31661761,138.3207237,141,89
549,11.32200646,134.4587222,125,81
549,11.32200646,134.4587222,125,83
549,11.32200646,134.4587222,103,82
549,11.32200646,134.4587222,138,84
353,11.32606439,134.2844542,148,83
353,11.32606439,134.2844542,131,85
353,11.32606439,134.2844542,144,84
443,11.33681893,133.1828645,161,82
443,11.33681893,133.1828645,131,80
443,11.33681893,133.1828645,125,82
443,11.33681893,133.1828645,131,83
568,11.33732169,136.1166961,162,82
568,11.33732169,136.1166961,158,82
568,11.33732169,136.1166961,153,83
568,11.33732169,136.1166961,130,83
568,11.33732169,136.1166961,132,83
568,11.33732169,136.1166961,131,82
568,11.33732169,136.1166961,128,84
568,11.33732169,136.1166961,123,83
568,11.33732169,136.1166961,130,83
568,11.33732169,136.1166961,128,83
802,11.33882533,139.5852824,134,83
802,11.33882533,139.5852824,135,82
599,11.33928836,140.8831397,138,82
599,11.33928836,140.8831397,146,83
599,11.33928836,140.8831397,136,83
599,11.33928836,140.8831397,145,84
599,11.33928836,140.8831397,143,85
599,11.33928836,140.8831397,142,83
599,11.33928836,140.8831397,147,84
599,11.33928836,140.8831397,153,93
599,11.33928836,140.8831397,142,83
599,11.33928836,140.8831397,149,83
639,11.34375738,141.5268435,168,92
639,11.34375738,141.5268435,143,84
639,11.34375738,141.5268435,144,83
639,11.34375738,141.5268435,130,83
656,11.34577291,142.4051891,149,82
656,11.34577291,142.4051891,138,83
656,11.34577291,142.4051891,144,83
656,11.34577291,142.4051891,151,83
656,11.34577291,142.4051891,151,84
656,11.34577291,142.4051891,163,85
832,11.34720803,138.5223325,165,81
832,11.34720803,138.5223325,161,81
832,11.34720803,138.5223325,144,83
832,11.34720803,138.5223325,132,82
832,11.34720803,138.5223325,129,83
832,11.34720803,138.5223325,133,83
832,11.34720803,138.5223325,140,83
762,11.34937454,145.96875,147,82
439,11.3505249,134.8931465,162,83
439,11.3505249,134.8931465,152,83
439,11.3505249,134.8931465,125,83
439,11.3505249,134.8931465,131,85
439,11.3505249,134.8931465,135,84
692,11.351641,129.5729043,134,85
692,11.351641,129.5729043,132,84
692,11.351641,129.5729043,129,82
692,11.351641,129.5729043,130,84
692,11.351641,129.5729043,131,82
692,11.351641,129.5729043,133,87
692,11.351641,129.5729043,127,83
692,11.351641,129.5729043,151,83
740,11.35486946,143.6016742,139,82
774,11.35619574,140.6763314,152,82
774,11.35619574,140.6763314,150,84
700,11.36093856,143.8718549,171,82
700,11.36093856,143.8718549,145,83
310,11.3657009,131.5135422,152,83
310,11.3657009,131.5135422,159,82
310,11.3657009,131.5135422,131,84
310,11.3657009,131.5135422,132,81
310,11.3657009,131.5135422,126,83
310,11.3657009,131.5135422,128,79
310,11.3657009,131.5135422,131,78
310,11.3657009,131.5135422,131,83
310,11.3657009,131.5135422,104,84
310,11.3657009,131.5135422,142,81
310,11.3657009,131.5135422,146,79
310,11.3657009,131.5135422,125,80
108,11.37052947,163.8978037,153,85
768,11.37431528,143.459102,142,83
768,11.37431528,143.459102,131,83
768,11.37431528,143.459102,131,86
768,11.37431528,143.459102,134,85
768,11.37431528,143.459102,114,59
768,11.37431528,143.459102,147,84
706,11.37442695,138.0301825,167,83
706,11.37442695,138.0301825,169,82
706,11.37442695,138.0301825,163,83
706,11.37442695,138.0301825,132,83
706,11.37442695,138.0301825,132,82
706,11.37442695,138.0301825,135,83
706,11.37442695,138.0301825,130,83
706,11.37442695,138.0301825,134,83
706,11.37442695,138.0301825,141,83
706,11.37442695,138.0301825,142,84
706,11.37442695,138.0301825,143,83
706,11.37442695,138.0301825,138,88
750,11.38021398,146.7084779,171,85
750,11.38021398,146.7084779,166,82
750,11.38021398,146.7084779,163,82
750,11.38021398,146.7084779,135,83
750,11.38021398,146.7084779,152,83
675,11.38810601,143.3512807,142,84
675,11.38810601,143.3512807,141,85
675,11.38810601,143.3512807,135,83
675,11.38810601,143.3512807,167,83
675,11.38810601,143.3512807,164,83
613,11.38949786,140.6692876,130,83
613,11.38949786,140.6692876,143,82
613,11.38949786,140.6692876,137,83
613,11.38949786,140.6692876,126,82
613,11.38949786,140.6692876,139,86
613,11.38949786,140.6692876,132,88
613,11.38949786,140.6692876,148,84
613,11.38949786,140.6692876,147,85
54,11.39803385,139.8948718,148,82
558,11.40661546,142.004771,177,81
558,11.40661546,142.004771,136,81
558,11.40661546,142.004771,130,81
558,11.40661546,142.004771,142,82
558,11.40661546,142.004771,141,83
673,11.41544155,144.3865979,169,84
673,11.41544155,144.3865979,156,84
831,11.41569012,143.3188406,131,81
831,11.41569012,143.3188406,142,82
831,11.41569012,143.3188406,125,82
831,11.41569012,143.3188406,122,0
251,11.41667121,159.9406667,166,81
251,11.41667121,159.9406667,164,82
251,11.41667121,159.9406667,175,89
448,11.41928567,131.3169919,124,82
448,11.41928567,131.3169919,124,83
448,11.41928567,131.3169919,119,84
448,11.41928567,131.3169919,131,83
448,11.41928567,131.3169919,134,84
676,11.42385157,136.6160355,147,81
676,11.42385157,136.6160355,150,83
676,11.42385157,136.6160355,133,83
676,11.42385157,136.6160355,144,86
676,11.42385157,136.6160355,144,85
676,11.42385157,136.6160355,147,86
676,11.42385157,136.6160355,155,88
795,11.43082635,146.2261249,173,86
795,11.43082635,146.2261249,146,83
795,11.43082635,146.2261249,148,84
795,11.43082635,146.2261249,145,85
795,11.43082635,146.2261249,149,84
795,11.43082635,146.2261249,153,81
712,11.43291377,141.8499096,129,83
712,11.43291377,141.8499096,136,83
712,11.43291377,141.8499096,103,84
712,11.43291377,141.8499096,143,84
484,11.43509726,135.808958,177,86
484,11.43509726,135.808958,159,83
484,11.43509726,135.808958,153,85
484,11.43509726,135.808958,139,82
484,11.43509726,135.808958,162,82
484,11.43509726,135.808958,108,59
484,11.43509726,135.808958,161,82
484,11.43509726,135.808958,129,84
484,11.43509726,135.808958,137,82
484,11.43509726,135.808958,142,83
484,11.43509726,135.808958,130,83
484,11.43509726,135.808958,135,82
484,11.43509726,135.808958,131,85
484,11.43509726,135.808958,123,83
484,11.43509726,135.808958,133,84
484,11.43509726,135.808958,123,84
484,11.43509726,135.808958,127,84
484,11.43509726,135.808958,120,83
484,11.43509726,135.808958,101,84
623,11.44366613,139.0111871,135,82
623,11.44366613,139.0111871,129,81
623,11.44366613,139.0111871,150,83
408,11.44689004,146.8439292,161,83
408,11.44689004,146.8439292,146,83
32,11.45392983,154.3617443,154,82
624,11.45548291,137.5638186,121,83
624,11.45548291,137.5638186,137,83
624,11.45548291,137.5638186,145,83
624,11.45548291,137.5638186,144,83
624,11.45548291,137.5638186,138,83
624,11.45548291,137.5638186,136,83
624,11.45548291,137.5638186,133,84
624,11.45548291,137.5638186,149,86
644,11.46109976,134.0286275,131,82
644,11.46109976,134.0286275,138,83
644,11.46109976,134.0286275,136,83
644,11.46109976,134.0286275,138,84
644,11.46109976,134.0286275,137,84
644,11.46109976,134.0286275,137,84
644,11.46109976,134.0286275,134,83
644,11.46109976,134.0286275,135,83
644,11.46109976,134.0286275,116,87
644,11.46109976,134.0286275,137,83
644,11.46109976,134.0286275,139,83
791,11.46202888,142.149707,136,83
791,11.46202888,142.149707,133,84
791,11.46202888,142.149707,139,85
791,11.46202888,142.149707,151,85
728,11.47300241,149.3596533,167,83
728,11.47300241,149.3596533,155,84
403,11.47452658,147.4767559,147,83
403,11.47452658,147.4767559,147,83
403,11.47452658,147.4767559,147,84
403,11.47452658,147.4767559,139,82
403,11.47452658,147.4767559,153,85
403,11.47452658,147.4767559,143,85
403,11.47452658,147.4767559,119,84
403,11.47452658,147.4767559,147,86
757,11.47516384,143.7619048,143,81
757,11.47516384,143.7619048,136,82
757,11.47516384,143.7619048,170,89
574,11.47560906,136.1698915,153,84
574,11.47560906,136.1698915,133,83
574,11.47560906,136.1698915,128,83
574,11.47560906,136.1698915,133,85
574,11.47560906,136.1698915,133,85
574,11.47560906,136.1698915,133,83
574,11.47560906,136.1698915,135,85
574,11.47560906,136.1698915,133,84
574,11.47560906,136.1698915,134,86
574,11.47560906,136.1698915,141,86
756,11.49022669,150.0225779,160,85
756,11.49022669,150.0225779,150,83
756,11.49022669,150.0225779,143,86
756,11.49022669,150.0225779,143,82
756,11.49022669,150.0225779,143,82
756,11.49022669,150.0225779,156,86
526,11.4904006,163.1066176,174,86
526,11.4904006,163.1066176,148,83
526,11.4904006,163.1066176,155,84
610,11.49045653,144.8961749,148,83
610,11.49045653,144.8961749,144,83
610,11.49045653,144.8961749,145,84
610,11.49045653,144.8961749,151,83
610,11.49045653,144.8961749,147,86
465,11.49108041,132.7483547,178,80
465,11.49108041,132.7483547,120,86
465,11.49108041,132.7483547,125,83
465,11.49108041,132.7483547,128,84
594,11.49328746,150.4772932,168,84
594,11.49328746,150.4772932,148,86
594,11.49328746,150.4772932,164,85
594,11.49328746,150.4772932,159,83
594,11.49328746,150.4772932,157,83
594,11.49328746,150.4772932,165,83
594,11.49328746,150.4772932,142,85
594,11.49328746,150.4772932,149,85
594,11.49328746,150.4772932,142,83
594,11.49328746,150.4772932,160,85
551,11.49736365,139.232229,171,86
551,11.49736365,139.232229,138,83
770,11.51102663,148.2014828,148,85
770,11.51102663,148.2014828,144,83
689,11.52142543,144.0797571,168,84
689,11.52142543,144.0797571,154,84
689,11.52142543,144.0797571,138,82
689,11.52142543,144.0797571,146,82
689,11.52142543,144.0797571,157,83
444,11.52190075,127.3329601,130,81
444,11.52190075,127.3329601,142,82
444,11.52190075,127.3329601,138,80
444,11.52190075,127.3329601,124,83
444,11.52190075,127.3329601,124,82
444,11.52190075,127.3329601,123,80
444,11.52190075,127.3329601,121,83
444,11.52190075,127.3329601,124,81
444,11.52190075,127.3329601,151,80
688,11.53261943,148.2147947,155,80
688,11.53261943,148.2147947,150,83
688,11.53261943,148.2147947,153,83
688,11.53261943,148.2147947,144,79
688,11.53261943,148.2147947,148,83
688,11.53261943,148.2147947,149,84
688,11.53261943,148.2147947,146,85
688,11.53261943,148.2147947,139,81
688,11.53261943,148.2147947,148,84
615,11.53285722,141.8532533,167,83
615,11.53285722,141.8532533,161,83
615,11.53285722,141.8532533,136,82
615,11.53285722,141.8532533,134,83
615,11.53285722,141.8532533,131,82
615,11.53285722,141.8532533,133,82
615,11.53285722,141.8532533,129,84
615,11.53285722,141.8532533,134,82
615,11.53285722,141.8532533,138,85
615,11.53285722,141.8532533,137,83
615,11.53285722,141.8532533,147,82
615,11.53285722,141.8532533,150,83
377,11.53318565,136.8225299,166,83
377,11.53318565,136.8225299,127,79
377,11.53318565,136.8225299,132,80
301,11.53964017,141.4507175,173,88
301,11.53964017,141.4507175,169,86
301,11.53964017,141.4507175,160,86
301,11.53964017,141.4507175,157,86
301,11.53964017,141.4507175,182,86
301,11.53964017,141.4507175,168,92
301,11.53964017,141.4507175,143,85
301,11.53964017,141.4507175,138,85
301,11.53964017,141.4507175,134,84
301,11.53964017,141.4507175,138,87
301,11.53964017,141.4507175,136,85
301,11.53964017,141.4507175,143,86
301,11.53964017,141.4507175,137,86
301,11.53964017,141.4507175,138,88
301,11.53964017,141.4507175,134,93
301,11.53964017,141.4507175,150,94
301,11.53964017,141.4507175,149,93
682,11.54548503,144.9135063,158,85
682,11.54548503,144.9135063,147,86
682,11.54548503,144.9135063,150,82
682,11.54548503,144.9135063,147,86
504,11.55778199,137.494998,134,83
504,11.55778199,137.494998,142,83
576,11.56513179,147.4588071,177,87
576,11.56513179,147.4588071,164,83
576,11.56513179,147.4588071,153,83
576,11.56513179,147.4588071,161,83
576,11.56513179,147.4588071,139,83
576,11.56513179,147.4588071,157,83
576,11.56513179,147.4588071,150,83
576,11.56513179,147.4588071,153,82
576,11.56513179,147.4588071,141,82
576,11.56513179,147.4588071,142,82
576,11.56513179,147.4588071,132,83
576,11.56513179,147.4588071,141,84
576,11.56513179,147.4588071,147,84
576,11.56513179,147.4588071,145,83
576,11.56513179,147.4588071,136,83
576,11.56513179,147.4588071,149,83
576,11.56513179,147.4588071,142,83
576,11.56513179,147.4588071,143,83
576,11.56513179,147.4588071,139,83
381,11.5817968,133.1346633,143,80
381,11.5817968,133.1346633,137,82
381,11.5817968,133.1346633,137,80
381,11.5817968,133.1346633,143,81
381,11.5817968,133.1346633,134,0
381,11.5817968,133.1346633,149,80
381,11.5817968,133.1346633,131,80
381,11.5817968,133.1346633,132,80
381,11.5817968,133.1346633,122,82
381,11.5817968,133.1346633,131,79
381,11.5817968,133.1346633,126,82
381,11.5817968,133.1346633,124,79
381,11.5817968,133.1346633,158,81
381,11.5817968,133.1346633,154,83
381,11.5817968,133.1346633,149,83
580,11.58190856,140.3149171,175,86
580,11.58190856,140.3149171,169,83
580,11.58190856,140.3149171,183,84
580,11.58190856,140.3149171,164,83
580,11.58190856,140.3149171,141,82
580,11.58190856,140.3149171,131,85
580,11.58190856,140.3149171,139,81
580,11.58190856,140.3149171,133,82
580,11.58190856,140.3149171,137,83
580,11.58190856,140.3149171,133,84
580,11.58190856,140.3149171,136,83
580,11.58190856,140.3149171,139,81
575,11.58307688,154.5339196,163,82
575,11.58307688,154.5339196,161,82
575,11.58307688,154.5339196,165,81
575,11.58307688,154.5339196,149,84
575,11.58307688,154.5339196,146,84
575,11.58307688,154.5339196,155,84
575,11.58307688,154.5339196,150,83
575,11.58307688,154.5339196,163,83
658,11.58462727,140.3690023,138,83
658,11.58462727,140.3690023,132,84
658,11.58462727,140.3690023,153,83
672,11.58851653,142.270775,133,82
672,11.58851653,142.270775,132,83
672,11.58851653,142.270775,137,83
672,11.58851653,142.270775,156,82
672,11.58851653,142.270775,143,84
554,11.59079733,134.6983169,164,80
554,11.59079733,134.6983169,162,80
554,11.59079733,134.6983169,131,80
554,11.59079733,134.6983169,138,83
554,11.59079733,134.6983169,120,83
554,11.59079733,134.6983169,162,83
746,11.59539897,147.9982818,137,81
590,11.60578486,152.2497663,164,82
590,11.60578486,152.2497663,152,83
590,11.60578486,152.2497663,151,82
590,11.60578486,152.2497663,151,83
590,11.60578486,152.2497663,142,82
590,11.60578486,152.2497663,153,82
590,11.60578486,152.2497663,156,83
590,11.60578486,152.2497663,151,83
590,11.60578486,152.2497663,158,83
590,11.60578486,152.2497663,146,83
590,11.60578486,152.2497663,156,83
590,11.60578486,152.2497663,152,83
590,11.60578486,152.2497663,163,84
596,11.60783605,147.7573681,162,81
596,11.60783605,147.7573681,145,81
596,11.60783605,147.7573681,163,82
480,11.60891923,147.7496439,178,88
480,11.60891923,147.7496439,172,87
480,11.60891923,147.7496439,166,86
480,11.60891923,147.7496439,150,85
480,11.60891923,147.7496439,153,85
480,11.60891923,147.7496439,136,86
480,11.60891923,147.7496439,147,84
480,11.60891923,147.7496439,139,82
480,11.60891923,147.7496439,117,88
480,11.60891923,147.7496439,141,82
480,11.60891923,147.7496439,164,82
480,11.60891923,147.7496439,153,85
480,11.60891923,147.7496439,152,85
480,11.60891923,147.7496439,163,85
480,11.60891923,147.7496439,156,82
480,11.60891923,147.7496439,163,83
480,11.60891923,147.7496439,127,83
480,11.60891923,147.7496439,128,83
480,11.60891923,147.7496439,119,84
457,11.62555442,137.3216208,170,84
457,11.62555442,137.3216208,163,83
457,11.62555442,137.3216208,119,84
457,11.62555442,137.3216208,140,84
694,11.63201914,141.2464205,169,84
694,11.63201914,141.2464205,139,82
694,11.63201914,141.2464205,132,85
694,11.63201914,141.2464205,139,84
522,11.63644116,141.2027266,153,83
522,11.63644116,141.2027266,141,84
723,11.64771456,145.0860821,160,83
723,11.64771456,145.0860821,156,83
723,11.64771456,145.0860821,142,80
701,11.64809701,139.4565842,132,86
701,11.64809701,139.4565842,142,85
701,11.64809701,139.4565842,137,84
701,11.64809701,139.4565842,142,83
701,11.64809701,139.4565842,140,86
701,11.64809701,139.4565842,128,84
701,11.64809701,139.4565842,153,84
572,11.65189091,139.7391823,169,84
572,11.65189091,139.7391823,162,82
572,11.65189091,139.7391823,161,84
572,11.65189091,139.7391823,141,83
572,11.65189091,139.7391823,148,84
572,11.65189091,139.7391823,150,82
572,11.65189091,139.7391823,142,83
572,11.65189091,139.7391823,142,82
572,11.65189091,139.7391823,117,60
572,11.65189091,139.7391823,149,81
572,11.65189091,139.7391823,149,83
572,11.65189091,139.7391823,143,85
572,11.65189091,139.7391823,138,85
572,11.65189091,139.7391823,142,84
572,11.65189091,139.7391823,135,84
572,11.65189091,139.7391823,130,83
572,11.65189091,139.7391823,128,85
572,11.65189091,139.7391823,147,84
572,11.65189091,139.7391823,138,83
572,11.65189091,139.7391823,144,83
572,11.65189091,139.7391823,135,83
572,11.65189091,139.7391823,131,83
572,11.65189091,139.7391823,128,82
572,11.65189091,139.7391823,131,82
250,11.653187,175.8231047,182,85
250,11.653187,175.8231047,170,47
250,11.653187,175.8231047,180,46
586,11.65649789,136.4125619,159,83
586,11.65649789,136.4125619,172,84
586,11.65649789,136.4125619,155,82
586,11.65649789,136.4125619,126,83
586,11.65649789,136.4125619,134,84
586,11.65649789,136.4125619,135,83
586,11.65649789,136.4125619,133,79
586,11.65649789,136.4125619,127,85
586,11.65649789,136.4125619,128,84
586,11.65649789,136.4125619,135,82
586,11.65649789,136.4125619,134,83
586,11.65649789,136.4125619,137,83
586,11.65649789,136.4125619,133,84
586,11.65649789,136.4125619,130,83
586,11.65649789,136.4125619,131,83
586,11.65649789,136.4125619,149,86
614,11.66404127,136.1401548,130,83
614,11.66404127,136.1401548,135,83
614,11.66404127,136.1401548,132,83
614,11.66404127,136.1401548,139,84
614,11.66404127,136.1401548,140,85
614,11.66404127,136.1401548,156,85
636,11.6657568,137.8762353,140,83
636,11.6657568,137.8762353,121,83
636,11.6657568,137.8762353,140,84
374,11.67059848,124.0124429,135,83
374,11.67059848,124.0124429,151,81
374,11.67059848,124.0124429,137,82
374,11.67059848,124.0124429,117,80
374,11.67059848,124.0124429,121,79
374,11.67059848,124.0124429,115,82
374,11.67059848,124.0124429,120,81
374,11.67059848,124.0124429,132,81
374,11.67059848,124.0124429,162,48
585,11.67174989,138.4226295,171,86
585,11.67174989,138.4226295,170,85
585,11.67174989,138.4226295,148,83
585,11.67174989,138.4226295,132,87
585,11.67174989,138.4226295,134,84
585,11.67174989,138.4226295,122,83
585,11.67174989,138.4226295,128,83
585,11.67174989,138.4226295,114,85
585,11.67174989,138.4226295,133,84
585,11.67174989,138.4226295,138,83
585,11.67174989,138.4226295,133,83
585,11.67174989,138.4226295,131,87
585,11.67174989,138.4226295,135,83
585,11.67174989,138.4226295,140,83
585,11.67174989,138.4226295,128,87
585,11.67174989,138.4226295,136,85
585,11.67174989,138.4226295,131,86
585,11.67174989,138.4226295,136,83
585,11.67174989,138.4226295,139,83
585,11.67174989,138.4226295,137,84
585,11.67174989,138.4226295,132,85
585,11.67174989,138.4226295,135,83
585,11.67174989,138.4226295,138,87
585,11.67174989,138.4226295,140,84
585,11.67174989,138.4226295,136,85
585,11.67174989,138.4226295,150,84
585,11.67174989,138.4226295,137,84
585,11.67174989,138.4226295,142,85
585,11.67174989,138.4226295,142,85
585,11.67174989,138.4226295,145,84
585,11.67174989,138.4226295,145,84
585,11.67174989,138.4226295,145,84
461,11.67475304,141.7818182,155,83
461,11.67475304,141.7818182,130,81
461,11.67475304,141.7818182,129,80
540,11.67673654,140.7291855,172,89
540,11.67673654,140.7291855,127,86
540,11.67673654,140.7291855,131,85
520,11.6771367,137.3152031,129,84
829,11.68778841,138.7577065,165,83
829,11.68778841,138.7577065,165,83
829,11.68778841,138.7577065,136,85
829,11.68778841,138.7577065,130,83
90,11.6968875,151.6328125,155,79
90,11.6968875,151.6328125,160,80
90,11.6968875,151.6328125,147,81
90,11.6968875,151.6328125,169,83
739,11.69695599,142.4615034,136,85
477,11.69710101,142.5822864,138,83
477,11.69710101,142.5822864,151,83
477,11.69710101,142.5822864,139,84
242,11.70505222,155.4660422,166,83
242,11.70505222,155.4660422,167,82
242,11.70505222,155.4660422,151,81
242,11.70505222,155.4660422,155,84
242,11.70505222,155.4660422,161,87
647,11.70552419,137.2684373,131,81
647,11.70552419,137.2684373,135,83
647,11.70552419,137.2684373,150,84
647,11.70552419,137.2684373,148,85
647,11.70552419,137.2684373,138,84
647,11.70552419,137.2684373,136,86
647,11.70552419,137.2684373,149,83
708,11.70572557,138.7173469,170,87
708,11.70572557,138.7173469,143,83
708,11.70572557,138.7173469,138,86
708,11.70572557,138.7173469,136,85
708,11.70572557,138.7173469,143,84
708,11.70572557,138.7173469,144,86
494,11.70923903,135.9601617,129,85
641,11.71085955,134.0667441,125,83
641,11.71085955,134.0667441,127,83
641,11.71085955,134.0667441,135,85
641,11.71085955,134.0667441,134,84
641,11.71085955,134.0667441,138,83
641,11.71085955,134.0667441,145,83
641,11.71085955,134.0667441,148,85
717,11.71266025,142.2307025,141,83
717,11.71266025,142.2307025,134,83
717,11.71266025,142.2307025,135,83
717,11.71266025,142.2307025,152,84
325,11.72351957,145.1473936,140,86
325,11.72351957,145.1473936,150,86
325,11.72351957,145.1473936,159,86
773,11.729196,147.7922581,136,83
773,11.729196,147.7922581,147,84
537,11.7396649,137.7089479,131,83
447,11.74058116,132.3478555,170,82
447,11.74058116,132.3478555,128,83
447,11.74058116,132.3478555,126,83
425,11.74841523,126.7937086,139,81
425,11.74841523,126.7937086,140,82
425,11.74841523,126.7937086,128,82
425,11.74841523,126.7937086,128,83
425,11.74841523,126.7937086,125,82
213,11.75777256,147.4979339,165,84
213,11.75777256,147.4979339,167,83
213,11.75777256,147.4979339,141,83
213,11.75777256,147.4979339,135,81
213,11.75777256,147.4979339,114,101
213,11.75777256,147.4979339,106,103
213,11.75777256,147.4979339,133,109
213,11.75777256,147.4979339,172,103
213,11.75777256,147.4979339,170,106
213,11.75777256,147.4979339,154,108
213,11.75777256,147.4979339,166,83
213,11.75777256,147.4979339,156,82
213,11.75777256,147.4979339,150,81
213,11.75777256,147.4979339,161,83
343,11.7593512,136.7149497,160,82
343,11.7593512,136.7149497,132,80
343,11.7593512,136.7149497,132,82
343,11.7593512,136.7149497,139,83
343,11.7593512,136.7149497,134,81
343,11.7593512,136.7149497,143,81
506,11.76096629,147.2384519,169,81
506,11.76096629,147.2384519,164,82
506,11.76096629,147.2384519,133,83
506,11.76096629,147.2384519,132,82
506,11.76096629,147.2384519,132,83
506,11.76096629,147.2384519,135,83
506,11.76096629,147.2384519,165,89
479,11.76294196,135.2358467,140,84
479,11.76294196,135.2358467,130,84
657,11.7695663,148.8694648,170,87
657,11.7695663,148.8694648,137,84
657,11.7695663,148.8694648,143,84
657,11.7695663,148.8694648,141,84
657,11.7695663,148.8694648,156,85
657,11.7695663,148.8694648,147,86
657,11.7695663,148.8694648,138,88
657,11.7695663,148.8694648,149,84
657,11.7695663,148.8694648,148,84
657,11.7695663,148.8694648,141,89
657,11.7695663,148.8694648,142,87
657,11.7695663,148.8694648,149,85
657,11.7695663,148.8694648,146,83
657,11.7695663,148.8694648,151,84
657,11.7695663,148.8694648,147,86
657,11.7695663,148.8694648,156,85
657,11.7695663,148.8694648,162,84
657,11.7695663,148.8694648,170,83
578,11.7712854,146.1303754,147,83
578,11.7712854,146.1303754,138,87
578,11.7712854,146.1303754,139,83
578,11.7712854,146.1303754,154,88
652,11.77471978,149.296372,161,83
652,11.77471978,149.296372,147,84
652,11.77471978,149.296372,149,83
652,11.77471978,149.296372,145,85
652,11.77471978,149.296372,148,83
652,11.77471978,149.296372,148,84
652,11.77471978,149.296372,161,85
557,11.77501777,133.4164692,160,83
557,11.77501777,133.4164692,123,82
557,11.77501777,133.4164692,158,82
557,11.77501777,133.4164692,123,83
557,11.77501777,133.4164692,124,82
557,11.77501777,133.4164692,130,83
557,11.77501777,133.4164692,129,86
557,11.77501777,133.4164692,137,83
557,11.77501777,133.4164692,130,83
557,11.77501777,133.4164692,133,84
785,11.77943535,145.611138,178,92
785,11.77943535,145.611138,138,81
785,11.77943535,145.611138,144,81
785,11.77943535,145.611138,134,87
530,11.77965333,142.1497076,149,82
530,11.77965333,142.1497076,129,83
530,11.77965333,142.1497076,134,83
530,11.77965333,142.1497076,147,84
273,11.78018117,142.8680053,166,84
273,11.78018117,142.8680053,130,83
273,11.78018117,142.8680053,144,83
273,11.78018117,142.8680053,142,85
678,11.78029613,139.8629168,165,84
678,11.78029613,139.8629168,134,83
678,11.78029613,139.8629168,132,86
678,11.78029613,139.8629168,142,84
678,11.78029613,139.8629168,134,84
678,11.78029613,139.8629168,134,85
678,11.78029613,139.8629168,140,84
300,11.78774508,146.0566887,140,83
300,11.78774508,146.0566887,138,86
300,11.78774508,146.0566887,152,85
792,11.78911978,144.8352043,141,83
792,11.78911978,144.8352043,127,85
792,11.78911978,144.8352043,150,83
25,11.79161629,136.8131289,136,84
25,11.79161629,136.8131289,137,81
25,11.79161629,136.8131289,142,82
25,11.79161629,136.8131289,141,81
25,11.79161629,136.8131289,142,80
798,11.8005888,137.8733333,142,83
690,11.80258488,140.9237231,161,81
690,11.80258488,140.9237231,135,82
690,11.80258488,140.9237231,129,83
690,11.80258488,140.9237231,145,82
690,11.80258488,140.9237231,146,83
690,11.80258488,140.9237231,144,83
690,11.80258488,140.9237231,148,83
830,11.80350145,145.3846463,166,84
830,11.80350145,145.3846463,139,83
830,11.80350145,145.3846463,143,83
735,11.80352408,150.1109906,166,83
735,11.80352408,150.1109906,164,83
735,11.80352408,150.1109906,163,84
735,11.80352408,150.1109906,154,85
821,11.80433966,138.7921609,162,82
821,11.80433966,138.7921609,154,82
821,11.80433966,138.7921609,140,83
821,11.80433966,138.7921609,143,85
821,11.80433966,138.7921609,139,84
821,11.80433966,138.7921609,144,91
821,11.80433966,138.7921609,112,85
821,11.80433966,138.7921609,138,84
821,11.80433966,138.7921609,136,82
821,11.80433966,138.7921609,133,84
821,11.80433966,138.7921609,142,83
793,11.80650494,143.5754829,166,85
793,11.80650494,143.5754829,136,82
793,11.80650494,143.5754829,138,82
793,11.80650494,143.5754829,154,83
793,11.80650494,143.5754829,160,85
467,11.80783495,144.3100102,168,83
467,11.80783495,144.3100102,140,82
456,11.80942215,145.5489596,133,85
456,11.80942215,145.5489596,149,84
456,11.80942215,145.5489596,154,87
724,11.81352018,145.2443268,135,83
536,11.81709139,141.4592629,166,84
536,11.81709139,141.4592629,115,83
536,11.81709139,141.4592629,111,85
764,11.82033961,145.877836,147,84
764,11.82033961,145.877836,153,85
19,11.82261848,147.1717105,158,83
19,11.82261848,147.1717105,122,80
19,11.82261848,147.1717105,102,0
19,11.82261848,147.1717105,130,79
19,11.82261848,147.1717105,144,83
612,11.82362162,152.6090555,137,86
612,11.82362162,152.6090555,143,83
612,11.82362162,152.6090555,154,83
612,11.82362162,152.6090555,155,84
612,11.82362162,152.6090555,142,86
612,11.82362162,152.6090555,115,60
612,11.82362162,152.6090555,152,84
612,11.82362162,152.6090555,151,85
612,11.82362162,152.6090555,161,86
612,11.82362162,152.6090555,164,86
612,11.82362162,152.6090555,165,84
612,11.82362162,152.6090555,159,85
612,11.82362162,152.6090555,152,85
612,11.82362162,152.6090555,156,86
612,11.82362162,152.6090555,159,84
612,11.82362162,152.6090555,167,83
612,11.82362162,152.6090555,163,84
612,11.82362162,152.6090555,158,84
612,11.82362162,152.6090555,163,85
416,11.82878073,127.1783701,127,81
416,11.82878073,127.1783701,135,82
416,11.82878073,127.1783701,135,82
819,11.83145677,159.3449409,155,83
525,11.83179622,136.505753,173,84
525,11.83179622,136.505753,136,82
525,11.83179622,136.505753,125,83
767,11.83420813,138.8564488,149,83
767,11.83420813,138.8564488,107,81
767,11.83420813,138.8564488,154,84
767,11.83420813,138.8564488,153,83
767,11.83420813,138.8564488,118,82
767,11.83420813,138.8564488,148,84
571,11.83610958,147.063004,172,84
571,11.83610958,147.063004,168,84
571,11.83610958,147.063004,150,84
571,11.83610958,147.063004,142,82
571,11.83610958,147.063004,137,82
571,11.83610958,147.063004,134,83
571,11.83610958,147.063004,144,83
571,11.83610958,147.063004,143,83
571,11.83610958,147.063004,143,86
571,11.83610958,147.063004,141,82
571,11.83610958,147.063004,148,85
571,11.83610958,147.063004,145,83
571,11.83610958,147.063004,142,83
571,11.83610958,147.063004,153,85
730,11.83667143,141.4448854,160,81
730,11.83667143,141.4448854,148,77
730,11.83667143,141.4448854,139,83
730,11.83667143,141.4448854,140,81
493,11.84704294,145.5803903,162,81
493,11.84704294,145.5803903,154,84
493,11.84704294,145.5803903,144,82
493,11.84704294,145.5803903,136,82
493,11.84704294,145.5803903,145,83
493,11.84704294,145.5803903,146,81
493,11.84704294,145.5803903,123,86
493,11.84704294,145.5803903,164,87
593,11.85406865,139.5662898,145,81
593,11.85406865,139.5662898,136,82
593,11.85406865,139.5662898,147,84
593,11.85406865,139.5662898,140,83
593,11.85406865,139.5662898,147,82
593,11.85406865,139.5662898,139,83
593,11.85406865,139.5662898,150,83
593,11.85406865,139.5662898,138,0
593,11.85406865,139.5662898,130,81
593,11.85406865,139.5662898,160,86
312,11.85785319,136.8146311,138,83
312,11.85785319,136.8146311,133,81
312,11.85785319,136.8146311,132,80
312,11.85785319,136.8146311,142,81
312,11.85785319,136.8146311,148,83
139,11.86575628,144.840143,149,82
139,11.86575628,144.840143,153,83
763,11.87127384,141.7130435,155,86
763,11.87127384,141.7130435,140,84
763,11.87127384,141.7130435,134,82
763,11.87127384,141.7130435,140,82
763,11.87127384,141.7130435,144,82
763,11.87127384,141.7130435,149,84
763,11.87127384,141.7130435,143,86
763,11.87127384,141.7130435,150,84
763,11.87127384,141.7130435,148,85
805,11.87186092,139.9891447,138,82
805,11.87186092,139.9891447,140,83
805,11.87186092,139.9891447,142,83
824,11.87232176,138.0920945,136,82
500,11.87614065,141.2747902,152,83
500,11.87614065,141.2747902,149,83
500,11.87614065,141.2747902,148,88
500,11.87614065,141.2747902,138,87
500,11.87614065,141.2747902,142,83
500,11.87614065,141.2747902,135,85
547,11.88356867,160.2321083,138,83
725,11.88927117,145.6866644,156,85
646,11.89295583,136.4680015,174,98
646,11.89295583,136.4680015,133,83
646,11.89295583,136.4680015,138,84
646,11.89295583,136.4680015,148,85
646,11.89295583,136.4680015,146,84
687,11.90535939,143.0897803,170,82
687,11.90535939,143.0897803,139,82
687,11.90535939,143.0897803,147,85
687,11.90535939,143.0897803,147,83
687,11.90535939,143.0897803,141,86
687,11.90535939,143.0897803,142,84
687,11.90535939,143.0897803,143,86
687,11.90535939,143.0897803,142,85
687,11.90535939,143.0897803,138,84
687,11.90535939,143.0897803,155,85
598,11.91046388,154.2317808,171,86
598,11.91046388,154.2317808,144,81
598,11.91046388,154.2317808,176,81
598,11.91046388,154.2317808,147,82
598,11.91046388,154.2317808,147,81
710,11.91775053,139.8891844,167,83
710,11.91775053,139.8891844,163,81
710,11.91775053,139.8891844,97,59
710,11.91775053,139.8891844,148,83
710,11.91775053,139.8891844,136,83
710,11.91775053,139.8891844,159,84
424,11.91873469,133.2035637,159,80
424,11.91873469,133.2035637,146,83
424,11.91873469,133.2035637,138,81
424,11.91873469,133.2035637,112,81
424,11.91873469,133.2035637,135,82
424,11.91873469,133.2035637,134,82
424,11.91873469,133.2035637,137,82
424,11.91873469,133.2035637,126,82
424,11.91873469,133.2035637,133,80
424,11.91873469,133.2035637,148,81
454,11.92273943,144.9427046,169,82
454,11.92273943,144.9427046,162,82
454,11.92273943,144.9427046,164,82
454,11.92273943,144.9427046,159,82
454,11.92273943,144.9427046,156,80
454,11.92273943,144.9427046,159,82
454,11.92273943,144.9427046,142,82
454,11.92273943,144.9427046,124,82
454,11.92273943,144.9427046,137,82
454,11.92273943,144.9427046,136,82
454,11.92273943,144.9427046,137,82
136,11.92417143,136.8065476,140,81
136,11.92417143,136.8065476,144,83
822,11.9294511,142.1102842,136,84
822,11.9294511,142.1102842,137,82
822,11.9294511,142.1102842,146,82
275,11.93234551,140.5686783,167,83
275,11.93234551,140.5686783,131,81
275,11.93234551,140.5686783,139,79
275,11.93234551,140.5686783,145,84
275,11.93234551,140.5686783,138,83
275,11.93234551,140.5686783,143,83
440,11.93315336,140.0800395,166,83
440,11.93315336,140.0800395,135,81
440,11.93315336,140.0800395,123,82
440,11.93315336,140.0800395,133,81
338,11.93398419,139.7032622,124,82
338,11.93398419,139.7032622,120,81
338,11.93398419,139.7032622,128,82
338,11.93398419,139.7032622,111,83
338,11.93398419,139.7032622,131,82
338,11.93398419,139.7032622,142,82
820,11.93404661,142.6821809,165,83
820,11.93404661,142.6821809,132,83
820,11.93404661,142.6821809,138,83
820,11.93404661,142.6821809,133,83
820,11.93404661,142.6821809,144,85
582,11.93411586,141.53125,180,83
582,11.93411586,141.53125,168,83
582,11.93411586,141.53125,143,83
582,11.93411586,141.53125,133,83
582,11.93411586,141.53125,138,83
582,11.93411586,141.53125,130,83
582,11.93411586,141.53125,136,84
582,11.93411586,141.53125,142,85
582,11.93411586,141.53125,138,84
582,11.93411586,141.53125,145,84
290,11.93482177,154.6904594,174,87
290,11.93482177,154.6904594,164,82
290,11.93482177,154.6904594,167,86
290,11.93482177,154.6904594,158,83
290,11.93482177,154.6904594,159,86
290,11.93482177,154.6904594,155,83
290,11.93482177,154.6904594,158,84
290,11.93482177,154.6904594,146,83
290,11.93482177,154.6904594,134,83
290,11.93482177,154.6904594,158,83
698,11.93931818,146.005604,163,87
698,11.93931818,146.005604,149,86
737,11.9531027,153.8271908,157,87
654,11.95366601,143.2450871,167,84
654,11.95366601,143.2450871,145,84
654,11.95366601,143.2450871,132,83
654,11.95366601,143.2450871,139,86
654,11.95366601,143.2450871,138,84
654,11.95366601,143.2450871,141,84
654,11.95366601,143.2450871,133,84
654,11.95366601,143.2450871,141,84
654,11.95366601,143.2450871,142,87
654,11.95366601,143.2450871,141,83
654,11.95366601,143.2450871,146,83
654,11.95366601,143.2450871,144,84
654,11.95366601,143.2450871,154,86
584,11.9700973,135.7148453,130,81
584,11.9700973,135.7148453,138,82
584,11.9700973,135.7148453,142,82
584,11.9700973,135.7148453,137,82
584,11.9700973,135.7148453,139,81
584,11.9700973,135.7148453,139,81
584,11.9700973,135.7148453,130,82
584,11.9700973,135.7148453,145,82
584,11.9700973,135.7148453,148,84
747,11.97043289,145.3297521,138,84
747,11.97043289,145.3297521,136,83
747,11.97043289,145.3297521,148,82
747,11.97043289,145.3297521,128,85
747,11.97043289,145.3297521,148,84
747,11.97043289,145.3297521,157,87
81,11.97062326,146.0604651,155,84
489,11.97196036,146.5325325,145,82
489,11.97196036,146.5325325,148,84
683,11.9734306,142.2087576,147,83
683,11.9734306,142.2087576,141,83
683,11.9734306,142.2087576,135,84
683,11.9734306,142.2087576,138,82
683,11.9734306,142.2087576,140,84
683,11.9734306,142.2087576,145,83
683,11.9734306,142.2087576,153,84
255,11.98050231,165.6633958,167,84
255,11.98050231,165.6633958,168,84
255,11.98050231,165.6633958,167,84
255,11.98050231,165.6633958,166,86
255,11.98050231,165.6633958,178,83
255,11.98050231,165.6633958,167,84
255,11.98050231,165.6633958,144,91
255,11.98050231,165.6633958,170,90
87,11.98197697,150.8888154,148,81
538,11.98583588,153.9642737,151,82
538,11.98583588,153.9642737,143,82
538,11.98583588,153.9642737,163,82
600,11.98896098,154.9724016,169,83
600,11.98896098,154.9724016,158,82
600,11.98896098,154.9724016,155,82
556,11.99152638,142.2152847,153,87
556,11.99152638,142.2152847,175,83
556,11.99152638,142.2152847,174,82
556,11.99152638,142.2152847,152,83
556,11.99152638,142.2152847,134,83
556,11.99152638,142.2152847,139,83
556,11.99152638,142.2152847,152,83
556,11.99152638,142.2152847,127,83
556,11.99152638,142.2152847,133,85
642,11.999831,150.8884688,142,82
105,12.00021094,161.3524664,165,82
105,12.00021094,161.3524664,159,81
105,12.00021094,161.3524664,161,81
531,12.00121892,141.9485522,126,82
317,12.00831255,135.8016194,152,82
317,12.00831255,135.8016194,132,85
317,12.00831255,135.8016194,138,83
317,12.00831255,135.8016194,138,86
317,12.00831255,135.8016194,144,84
445,12.01349353,136.8441128,163,81
445,12.01349353,136.8441128,136,81
445,12.01349353,136.8441128,137,82
445,12.01349353,136.8441128,127,84
445,12.01349353,136.8441128,122,81
445,12.01349353,136.8441128,131,83
445,12.01349353,136.8441128,126,83
445,12.01349353,136.8441128,143,80
812,12.01709112,138.2446853,136,83
812,12.01709112,138.2446853,155,86
812,12.01709112,138.2446853,132,83
812,12.01709112,138.2446853,161,84
797,12.02068675,147.2979777,166,85
797,12.02068675,147.2979777,163,83
797,12.02068675,147.2979777,174,88
797,12.02068675,147.2979777,144,84
797,12.02068675,147.2979777,144,81
797,12.02068675,147.2979777,137,83
376,12.0217684,129.845187,160,83
376,12.0217684,129.845187,130,83
376,12.0217684,129.845187,135,83
376,12.0217684,129.845187,132,84
376,12.0217684,129.845187,120,84
376,12.0217684,129.845187,118,83
376,12.0217684,129.845187,135,83
653,12.02216288,139.5637229,142,83
653,12.02216288,139.5637229,148,83
11,12.024105,138.4541667,114,83
11,12.024105,138.4541667,143,83
521,12.02496475,140.9851485,169,83
521,12.02496475,140.9851485,173,84
521,12.02496475,140.9851485,138,85
731,12.03456661,148.5152542,151,88
601,12.03512281,151.5185766,151,83
601,12.03512281,151.5185766,145,81
601,12.03512281,151.5185766,149,83
601,12.03512281,151.5185766,150,83
601,12.03512281,151.5185766,145,83
601,12.03512281,151.5185766,151,83
601,12.03512281,151.5185766,151,83
601,12.03512281,151.5185766,139,81
601,12.03512281,151.5185766,140,82
601,12.03512281,151.5185766,159,87
601,12.03512281,151.5185766,147,84
601,12.03512281,151.5185766,159,85
601,12.03512281,151.5185766,155,83
601,12.03512281,151.5185766,156,83
601,12.03512281,151.5185766,161,83
601,12.03512281,151.5185766,165,84
695,12.03821431,146.3031693,151,81
695,12.03821431,146.3031693,143,85
695,12.03821431,146.3031693,139,83
695,12.03821431,146.3031693,149,83
695,12.03821431,146.3031693,152,84
297,12.03950819,148.6532731,165,83
297,12.03950819,148.6532731,165,83
297,12.03950819,148.6532731,148,83
297,12.03950819,148.6532731,150,83
14,12.03967713,133.5092177,70,0
14,12.03967713,133.5092177,113,0
14,12.03967713,133.5092177,132,82
14,12.03967713,133.5092177,84,61
14,12.03967713,133.5092177,136,84
14,12.03967713,133.5092177,140,81
14,12.03967713,133.5092177,138,82
560,12.04383926,148.804205,145,83
560,12.04383926,148.804205,142,82
560,12.04383926,148.804205,142,81
560,12.04383926,148.804205,147,82
560,12.04383926,148.804205,156,83
560,12.04383926,148.804205,143,80
560,12.04383926,148.804205,161,82
560,12.04383926,148.804205,150,84
560,12.04383926,148.804205,158,83
560,12.04383926,148.804205,143,84
560,12.04383926,148.804205,149,84
560,12.04383926,148.804205,152,84
560,12.04383926,148.804205,161,83
527,12.04734128,161.3211009,168,84
527,12.04734128,161.3211009,147,83
237,12.05199956,138.6553641,165,82
237,12.05199956,138.6553641,154,82
237,12.05199956,138.6553641,144,0
237,12.05199956,138.6553641,129,85
237,12.05199956,138.6553641,145,83
237,12.05199956,138.6553641,145,84
237,12.05199956,138.6553641,142,86
237,12.05199956,138.6553641,148,87
237,12.05199956,138.6553641,145,84
237,12.05199956,138.6553641,141,83
237,12.05199956,138.6553641,154,83
237,12.05199956,138.6553641,147,84
237,12.05199956,138.6553641,150,83
548,12.05714685,141.6140896,127,83
321,12.05732392,137.5649251,127,81
321,12.05732392,137.5649251,149,83
123,12.0574571,143.6781726,118,81
123,12.0574571,143.6781726,140,82
123,12.0574571,143.6781726,138,79
123,12.0574571,143.6781726,164,83
123,12.0574571,143.6781726,150,84
9,12.05757559,153.6259887,148,83
9,12.05757559,153.6259887,148,82
9,12.05757559,153.6259887,145,86
9,12.05757559,153.6259887,147,81
9,12.05757559,153.6259887,141,81
704,12.06206525,140.293653,179,86
704,12.06206525,140.293653,142,81
704,12.06206525,140.293653,149,84
704,12.06206525,140.293653,170,82
704,12.06206525,140.293653,154,86
373,12.06299561,132.5454545,164,83
373,12.06299561,132.5454545,136,80
373,12.06299561,132.5454545,135,83
373,12.06299561,132.5454545,142,83
638,12.06376095,133.9193217,139,83
638,12.06376095,133.9193217,128,83
638,12.06376095,133.9193217,134,84
638,12.06376095,133.9193217,156,83
257,12.0639828,147.5862228,170,0
257,12.0639828,147.5862228,165,84
257,12.0639828,147.5862228,169,83
257,12.0639828,147.5862228,149,86
257,12.0639828,147.5862228,135,83
257,12.0639828,147.5862228,144,84
257,12.0639828,147.5862228,150,84
257,12.0639828,147.5862228,147,83
257,12.0639828,147.5862228,149,81
257,12.0639828,147.5862228,157,83
389,12.06581364,141.4928297,158,82
389,12.06581364,141.4928297,139,81
389,12.06581364,141.4928297,140,83
209,12.07064157,154.1025595,165,83
209,12.07064157,154.1025595,163,83
209,12.07064157,154.1025595,164,83
209,12.07064157,154.1025595,158,81
209,12.07064157,154.1025595,162,84
209,12.07064157,154.1025595,161,82
209,12.07064157,154.1025595,154,85
209,12.07064157,154.1025595,159,83
209,12.07064157,154.1025595,163,84
209,12.07064157,154.1025595,146,84
209,12.07064157,154.1025595,155,84
209,12.07064157,154.1025595,137,84
209,12.07064157,154.1025595,152,85
209,12.07064157,154.1025595,153,85
209,12.07064157,154.1025595,146,84
209,12.07064157,154.1025595,161,83
209,12.07064157,154.1025595,157,80
209,12.07064157,154.1025595,162,85
209,12.07064157,154.1025595,156,87
209,12.07064157,154.1025595,156,86
209,12.07064157,154.1025595,159,86
209,12.07064157,154.1025595,140,87
209,12.07064157,154.1025595,160,85
209,12.07064157,154.1025595,159,85
209,12.07064157,154.1025595,161,87
209,12.07064157,154.1025595,165,87
209,12.07064157,154.1025595,160,86
529,12.07114039,150.0365051,168,85
529,12.07114039,150.0365051,155,83
529,12.07114039,150.0365051,129,83
826,12.08379631,141.0436469,145,84
826,12.08379631,141.0436469,143,82
826,12.08379631,141.0436469,147,83
350,12.08442408,134.3880699,159,80
350,12.08442408,134.3880699,148,80
350,12.08442408,134.3880699,139,81
350,12.08442408,134.3880699,119,82
350,12.08442408,134.3880699,135,80
350,12.08442408,134.3880699,138,81
350,12.08442408,134.3880699,139,81
350,12.08442408,134.3880699,133,81
350,12.08442408,134.3880699,139,83
350,12.08442408,134.3880699,136,83
350,12.08442408,134.3880699,138,81
350,12.08442408,134.3880699,133,81
350,12.08442408,134.3880699,141,82
350,12.08442408,134.3880699,137,82
350,12.08442408,134.3880699,119,83
350,12.08442408,134.3880699,137,84
350,12.08442408,134.3880699,144,83
350,12.08442408,134.3880699,127,83
350,12.08442408,134.3880699,134,83
350,12.08442408,134.3880699,138,82
350,12.08442408,134.3880699,143,84
350,12.08442408,134.3880699,138,82
350,12.08442408,134.3880699,103,84
350,12.08442408,134.3880699,139,84
350,12.08442408,134.3880699,141,83
808,12.0847347,148.3564785,167,83
808,12.0847347,148.3564785,156,83
808,12.0847347,148.3564785,144,83
808,12.0847347,148.3564785,104,87
808,12.0847347,148.3564785,147,83
808,12.0847347,148.3564785,126,87
808,12.0847347,148.3564785,145,83
808,12.0847347,148.3564785,146,84
808,12.0847347,148.3564785,145,83
808,12.0847347,148.3564785,157,84
808,12.0847347,148.3564785,153,83
808,12.0847347,148.3564785,158,85
823,12.08530976,138.5452236,132,84
823,12.08530976,138.5452236,137,82
823,12.08530976,138.5452236,152,84
462,12.08770637,137.5573277,133,82
462,12.08770637,137.5573277,126,83
462,12.08770637,137.5573277,110,84
462,12.08770637,137.5573277,142,83
462,12.08770637,137.5573277,140,83
726,12.09760063,156.1892405,154,84
716,12.10371645,152.4681596,156,83
387,12.10413353,136.7578046,135,84
387,12.10413353,136.7578046,136,81
387,12.10413353,136.7578046,134,81
387,12.10413353,136.7578046,138,83
387,12.10413353,136.7578046,143,82
417,12.10536233,136.3214719,162,80
417,12.10536233,136.3214719,158,81
417,12.10536233,136.3214719,150,82
417,12.10536233,136.3214719,123,80
417,12.10536233,136.3214719,153,83
417,12.10536233,136.3214719,148,81
417,12.10536233,136.3214719,148,80
417,12.10536233,136.3214719,146,89
13,12.11354875,143.8639944,156,82
13,12.11354875,143.8639944,151,81
13,12.11354875,143.8639944,73,0
13,12.11354875,143.8639944,170,95
13,12.11354875,143.8639944,175,109
13,12.11354875,143.8639944,143,83
411,12.11841755,126.723487,156,80
411,12.11841755,126.723487,137,80
411,12.11841755,126.723487,127,79
411,12.11841755,126.723487,119,79
411,12.11841755,126.723487,140,82
411,12.11841755,126.723487,164,85
411,12.11841755,126.723487,147,91
476,12.12095616,139.2009536,132,59
476,12.12095616,139.2009536,107,83
476,12.12095616,139.2009536,151,84
476,12.12095616,139.2009536,154,85
476,12.12095616,139.2009536,136,78
476,12.12095616,139.2009536,133,87
476,12.12095616,139.2009536,146,86
476,12.12095616,139.2009536,144,87
476,12.12095616,139.2009536,134,87
476,12.12095616,139.2009536,132,83
476,12.12095616,139.2009536,140,84
476,12.12095616,139.2009536,144,84
777,12.12130647,147.4284826,162,88
567,12.12138577,140.1416838,162,83
567,12.12138577,140.1416838,141,83
567,12.12138577,140.1416838,144,80
567,12.12138577,140.1416838,132,83
567,12.12138577,140.1416838,142,83
567,12.12138577,140.1416838,135,84
567,12.12138577,140.1416838,134,84
567,12.12138577,140.1416838,139,83
567,12.12138577,140.1416838,130,83
567,12.12138577,140.1416838,129,85
567,12.12138577,140.1416838,136,83
567,12.12138577,140.1416838,140,83
567,12.12138577,140.1416838,135,83
567,12.12138577,140.1416838,137,87
640,12.12308369,146.7283455,134,84
640,12.12308369,146.7283455,137,83
640,12.12308369,146.7283455,139,84
640,12.12308369,146.7283455,135,83
640,12.12308369,146.7283455,153,86
640,12.12308369,146.7283455,164,85
249,12.12632741,147.6396166,159,83
249,12.12632741,147.6396166,159,82
249,12.12632741,147.6396166,103,84
249,12.12632741,147.6396166,147,86
249,12.12632741,147.6396166,145,79
249,12.12632741,147.6396166,149,88
249,12.12632741,147.6396166,147,86
249,12.12632741,147.6396166,156,89
359,12.13536281,144.0622407,177,83
359,12.13536281,144.0622407,139,78
359,12.13536281,144.0622407,143,82
359,12.13536281,144.0622407,145,82
359,12.13536281,144.0622407,150,84
359,12.13536281,144.0622407,147,80
359,12.13536281,144.0622407,143,80
359,12.13536281,144.0622407,122,81
359,12.13536281,144.0622407,152,81
359,12.13536281,144.0622407,146,83
359,12.13536281,144.0622407,142,83
359,12.13536281,144.0622407,141,83
359,12.13536281,144.0622407,146,82
359,12.13536281,144.0622407,157,83
359,12.13536281,144.0622407,135,82
359,12.13536281,144.0622407,153,81
359,12.13536281,144.0622407,139,83
359,12.13536281,144.0622407,146,82
359,12.13536281,144.0622407,143,82
359,12.13536281,144.0622407,142,84
359,12.13536281,144.0622407,148,82
359,12.13536281,144.0622407,148,83
359,12.13536281,144.0622407,146,83
359,12.13536281,144.0622407,147,82
359,12.13536281,144.0622407,145,82
359,12.13536281,144.0622407,146,82
359,12.13536281,144.0622407,145,83
359,12.13536281,144.0622407,147,84
359,12.13536281,144.0622407,149,83
359,12.13536281,144.0622407,147,83
359,12.13536281,144.0622407,153,82
359,12.13536281,144.0622407,146,83
359,12.13536281,144.0622407,159,82
24,12.14122743,154.3619925,175,85
24,12.14122743,154.3619925,185,82
24,12.14122743,154.3619925,165,85
24,12.14122743,154.3619925,152,78
24,12.14122743,154.3619925,120,0
24,12.14122743,154.3619925,148,81
24,12.14122743,154.3619925,144,80
24,12.14122743,154.3619925,154,83
319,12.14284781,139.4069952,171,83
319,12.14284781,139.4069952,164,82
319,12.14284781,139.4069952,159,83
319,12.14284781,139.4069952,162,80
319,12.14284781,139.4069952,125,79
319,12.14284781,139.4069952,115,80
319,12.14284781,139.4069952,141,81
319,12.14284781,139.4069952,146,83
106,12.14332603,165.5716895,165,83
106,12.14332603,165.5716895,166,82
35,12.15138275,141.7006481,139,81
35,12.15138275,141.7006481,133,82
35,12.15138275,141.7006481,144,81
35,12.15138275,141.7006481,161,82
35,12.15138275,141.7006481,129,81
35,12.15138275,141.7006481,124,81
35,12.15138275,141.7006481,145,81
35,12.15138275,141.7006481,135,76
35,12.15138275,141.7006481,148,81
35,12.15138275,141.7006481,147,81
35,12.15138275,141.7006481,147,81
35,12.15138275,141.7006481,149,81
35,12.15138275,141.7006481,145,81
35,12.15138275,141.7006481,150,81
550,12.15409778,145.0559918,160,82
550,12.15409778,145.0559918,136,83
430,12.15925569,133.4275643,136,80
430,12.15925569,133.4275643,122,81
430,12.15925569,133.4275643,126,82
430,12.15925569,133.4275643,148,82
351,12.159984,162.3053333,162,83
351,12.159984,162.3053333,110,82
351,12.159984,162.3053333,180,84
351,12.159984,162.3053333,165,81
351,12.159984,162.3053333,143,92
351,12.159984,162.3053333,156,93
398,12.16203495,151.7238112,162,82
398,12.16203495,151.7238112,152,81
398,12.16203495,151.7238112,145,82
398,12.16203495,151.7238112,152,83
398,12.16203495,151.7238112,167,86
398,12.16203495,151.7238112,149,82
398,12.16203495,151.7238112,137,83
398,12.16203495,151.7238112,149,84
398,12.16203495,151.7238112,151,88
398,12.16203495,151.7238112,157,88
398,12.16203495,151.7238112,146,93
398,12.16203495,151.7238112,142,91
398,12.16203495,151.7238112,160,94
398,12.16203495,151.7238112,164,89
508,12.1743753,146.6828074,145,91
508,12.1743753,146.6828074,145,85
508,12.1743753,146.6828074,144,86
125,12.17706216,157.0535588,206,82
125,12.17706216,157.0535588,155,83
125,12.17706216,157.0535588,142,80
125,12.17706216,157.0535588,157,82
125,12.17706216,157.0535588,160,83
446,12.17770945,134.9049787,156,82
446,12.17770945,134.9049787,134,80
446,12.17770945,134.9049787,123,83
446,12.17770945,134.9049787,135,83
486,12.18002195,145.8768376,168,84
486,12.18002195,145.8768376,164,82
486,12.18002195,145.8768376,129,82
486,12.18002195,145.8768376,142,84
486,12.18002195,145.8768376,155,82
667,12.18129512,148.4574326,128,85
667,12.18129512,148.4574326,150,84
667,12.18129512,148.4574326,138,84
667,12.18129512,148.4574326,139,81
667,12.18129512,148.4574326,163,82
667,12.18129512,148.4574326,163,83
667,12.18129512,148.4574326,162,84
667,12.18129512,148.4574326,165,84
667,12.18129512,148.4574326,172,85
27,12.18187442,142.3197851,160,81
27,12.18187442,142.3197851,138,80
27,12.18187442,142.3197851,137,83
27,12.18187442,142.3197851,147,81
27,12.18187442,142.3197851,137,82
27,12.18187442,142.3197851,152,81
27,12.18187442,142.3197851,143,78
27,12.18187442,142.3197851,150,83
27,12.18187442,142.3197851,146,82
27,12.18187442,142.3197851,151,81
27,12.18187442,142.3197851,156,80
27,12.18187442,142.3197851,146,80
27,12.18187442,142.3197851,146,79
27,12.18187442,142.3197851,156,81
649,12.18564142,141.6891534,145,87
469,12.18831993,141.9426434,131,84
469,12.18831993,141.9426434,141,84
453,12.19491558,135.5776993,142,83
453,12.19491558,135.5776993,111,82
453,12.19491558,135.5776993,128,82
453,12.19491558,135.5776993,136,81
453,12.19491558,135.5776993,132,82
453,12.19491558,135.5776993,133,81
453,12.19491558,135.5776993,130,82
453,12.19491558,135.5776993,136,82
453,12.19491558,135.5776993,165,85
674,12.19855193,141.4364833,140,83
674,12.19855193,141.4364833,133,85
674,12.19855193,141.4364833,141,84
674,12.19855193,141.4364833,140,84
674,12.19855193,141.4364833,144,84
674,12.19855193,141.4364833,150,87
674,12.19855193,141.4364833,150,86
674,12.19855193,141.4364833,151,86
674,12.19855193,141.4364833,166,85
605,12.20021799,142.2888889,136,83
605,12.20021799,142.2888889,139,83
605,12.20021799,142.2888889,139,83
605,12.20021799,142.2888889,138,83
605,12.20021799,142.2888889,133,84
605,12.20021799,142.2888889,140,84
605,12.20021799,142.2888889,141,83
605,12.20021799,142.2888889,132,85
605,12.20021799,142.2888889,143,84
605,12.20021799,142.2888889,141,83
605,12.20021799,142.2888889,146,85
605,12.20021799,142.2888889,157,85
605,12.20021799,142.2888889,149,85
605,12.20021799,142.2888889,159,85
605,12.20021799,142.2888889,158,83
697,12.20242137,147.764148,170,85
697,12.20242137,147.764148,147,83
697,12.20242137,147.764148,153,89
697,12.20242137,147.764148,145,85
510,12.20306044,151.6854589,174,87
510,12.20306044,151.6854589,127,85
510,12.20306044,151.6854589,152,88
199,12.20313109,159.6288574,161,81
154,12.2053919,141.1230931,122,80
154,12.2053919,141.1230931,156,82
602,12.20600078,153.4196429,148,83
602,12.20600078,153.4196429,159,85
602,12.20600078,153.4196429,163,83
602,12.20600078,153.4196429,157,86
602,12.20600078,153.4196429,166,83
602,12.20600078,153.4196429,173,84
602,12.20600078,153.4196429,163,84
814,12.20904568,147.1752632,166,85
814,12.20904568,147.1752632,147,83
684,12.21068708,139.8482232,173,83
684,12.21068708,139.8482232,132,85
684,12.21068708,139.8482232,134,82
684,12.21068708,139.8482232,92,84
684,12.21068708,139.8482232,134,85
684,12.21068708,139.8482232,155,83
684,12.21068708,139.8482232,148,84
684,12.21068708,139.8482232,144,83
684,12.21068708,139.8482232,157,85
460,12.21654086,142.0472279,135,84
765,12.21837032,151.8333906,146,83
765,12.21837032,151.8333906,153,85
263,12.22440919,141.4714202,160,82
263,12.22440919,141.4714202,135,81
263,12.22440919,141.4714202,138,83
263,12.22440919,141.4714202,137,85
263,12.22440919,141.4714202,144,83
263,12.22440919,141.4714202,140,83
263,12.22440919,141.4714202,132,83
263,12.22440919,141.4714202,145,83
367,12.23394552,145.1557377,144,84
367,12.23394552,145.1557377,152,83
367,12.23394552,145.1557377,154,82
367,12.23394552,145.1557377,161,84
367,12.23394552,145.1557377,163,81
115,12.2393317,155.465225,155,81
115,12.2393317,155.465225,162,81
626,12.24782259,154.7532391,138,85
626,12.24782259,154.7532391,139,82
626,12.24782259,154.7532391,96,0
626,12.24782259,154.7532391,102,71
626,12.24782259,154.7532391,158,82
789,12.25068871,155.7987382,156,84
331,12.25198697,144.6890424,155,82
331,12.25198697,144.6890424,143,83
331,12.25198697,144.6890424,141,82
331,12.25198697,144.6890424,149,83
331,12.25198697,144.6890424,142,84
331,12.25198697,144.6890424,151,83
331,12.25198697,144.6890424,149,83
815,12.25481281,145.9101924,145,84
621,12.25613666,164.7966448,161,82
621,12.25613666,164.7966448,164,83
621,12.25613666,164.7966448,165,83
790,12.26387529,144.8881154,158,87
790,12.26387529,144.8881154,135,82
790,12.26387529,144.8881154,144,84
790,12.26387529,144.8881154,132,86
254,12.26502353,159.852289,165,84
254,12.26502353,159.852289,161,86
418,12.26532172,132.6454462,143,81
418,12.26532172,132.6454462,142,81
418,12.26532172,132.6454462,136,81
418,12.26532172,132.6454462,155,83
686,12.26827182,143.1550305,171,82
686,12.26827182,143.1550305,141,76
686,12.26827182,143.1550305,136,82
686,12.26827182,143.1550305,151,84
686,12.26827182,143.1550305,141,86
686,12.26827182,143.1550305,143,85
686,12.26827182,143.1550305,126,83
686,12.26827182,143.1550305,149,82
686,12.26827182,143.1550305,149,85
686,12.26827182,143.1550305,136,82
686,12.26827182,143.1550305,135,81
686,12.26827182,143.1550305,153,84
514,12.27525977,139.5167611,140,84
514,12.27525977,139.5167611,144,86
760,12.28244882,144.4695777,158,89
129,12.28740477,156.5294118,164,82
129,12.28740477,156.5294118,167,82
796,12.28794706,153.608076,154,84
635,12.29004624,144.6788775,163,83
635,12.29004624,144.6788775,149,84
635,12.29004624,144.6788775,147,87
635,12.29004624,144.6788775,153,86
635,12.29004624,144.6788775,163,88
422,12.29049542,131.2356091,129,80
422,12.29049542,131.2356091,124,81
422,12.29049542,131.2356091,123,84
422,12.29049542,131.2356091,141,83
336,12.29114446,138.2307692,142,82
336,12.29114446,138.2307692,135,83
336,12.29114446,138.2307692,141,82
336,12.29114446,138.2307692,140,82
336,12.29114446,138.2307692,144,81
597,12.2914424,147.3165171,160,85
597,12.2914424,147.3165171,158,81
597,12.2914424,147.3165171,105,83
597,12.2914424,147.3165171,139,82
597,12.2914424,147.3165171,146,82
597,12.2914424,147.3165171,144,82
597,12.2914424,147.3165171,136,84
597,12.2914424,147.3165171,143,83
597,12.2914424,147.3165171,147,83
597,12.2914424,147.3165171,155,81
597,12.2914424,147.3165171,156,83
597,12.2914424,147.3165171,149,81
597,12.2914424,147.3165171,145,83
597,12.2914424,147.3165171,148,83
597,12.2914424,147.3165171,140,83
597,12.2914424,147.3165171,145,83
597,12.2914424,147.3165171,150,84
15,12.30299178,135.6187215,143,81
532,12.30621232,159.0066086,172,84
532,12.30621232,159.0066086,165,84
471,12.30951238,149.5601323,169,85
471,12.30951238,149.5601323,165,82
471,12.30951238,149.5601323,163,92
665,12.3166114,143.5741643,161,82
665,12.3166114,143.5741643,135,81
665,12.3166114,143.5741643,136,84
665,12.3166114,143.5741643,145,83
665,12.3166114,143.5741643,143,83
665,12.3166114,143.5741643,148,84
665,12.3166114,143.5741643,149,83
665,12.3166114,143.5741643,162,83
565,12.31715324,143.8994073,161,81
565,12.31715324,143.8994073,149,82
565,12.31715324,143.8994073,144,83
565,12.31715324,143.8994073,148,83
565,12.31715324,143.8994073,140,78
565,12.31715324,143.8994073,144,83
565,12.31715324,143.8994073,149,84
565,12.31715324,143.8994073,142,83
565,12.31715324,143.8994073,145,83
565,12.31715324,143.8994073,149,83
565,12.31715324,143.8994073,141,0
565,12.31715324,143.8994073,138,83
565,12.31715324,143.8994073,143,83
565,12.31715324,143.8994073,133,83
565,12.31715324,143.8994073,141,83
565,12.31715324,143.8994073,145,84
565,12.31715324,143.8994073,147,83
565,12.31715324,143.8994073,142,85
565,12.31715324,143.8994073,147,84
565,12.31715324,143.8994073,148,86
565,12.31715324,143.8994073,139,59
565,12.31715324,143.8994073,158,85
755,12.32377449,143.8334201,132,84
755,12.32377449,143.8334201,137,85
755,12.32377449,143.8334201,170,93
88,12.32521571,168.2782324,163,80
88,12.32521571,168.2782324,168,84
88,12.32521571,168.2782324,141,59
696,12.32862888,147.1171623,135,84
696,12.32862888,147.1171623,139,82
696,12.32862888,147.1171623,163,85
696,12.32862888,147.1171623,147,84
696,12.32862888,147.1171623,150,82
680,12.32863616,141.4230977,145,83
680,12.32863616,141.4230977,148,83
680,12.32863616,141.4230977,138,83
680,12.32863616,141.4230977,147,80
680,12.32863616,141.4230977,149,90
109,12.33787658,156.8921371,161,83
109,12.33787658,156.8921371,161,80
109,12.33787658,156.8921371,171,84
109,12.33787658,156.8921371,118,83
109,12.33787658,156.8921371,163,83
371,12.34864601,137.5323569,160,84
371,12.34864601,137.5323569,142,83
371,12.34864601,137.5323569,137,83
371,12.34864601,137.5323569,123,87
371,12.34864601,137.5323569,147,82
371,12.34864601,137.5323569,146,81
715,12.3509053,145.5974106,148,83
715,12.3509053,145.5974106,150,84
432,12.3591359,136.4604701,162,81
432,12.3591359,136.4604701,168,83
432,12.3591359,136.4604701,134,83
432,12.3591359,136.4604701,134,83
378,12.36014669,132.073571,140,79
378,12.36014669,132.073571,136,80
378,12.36014669,132.073571,125,83
378,12.36014669,132.073571,132,82
31,12.36776024,156.5321285,162,80
31,12.36776024,156.5321285,160,79
663,12.37343112,157.7307745,111,84
663,12.37343112,157.7307745,141,83
663,12.37343112,157.7307745,162,84
663,12.37343112,157.7307745,156,84
663,12.37343112,157.7307745,137,84
663,12.37343112,157.7307745,136,84
663,12.37343112,157.7307745,162,85
663,12.37343112,157.7307745,168,83
663,12.37343112,157.7307745,171,83
663,12.37343112,157.7307745,170,83
663,12.37343112,157.7307745,171,86
663,12.37343112,157.7307745,169,83
663,12.37343112,157.7307745,156,85
663,12.37343112,157.7307745,168,83
43,12.37423998,154.2322893,163,85
43,12.37423998,154.2322893,152,82
43,12.37423998,154.2322893,139,82
43,12.37423998,154.2322893,150,79
43,12.37423998,154.2322893,164,83
43,12.37423998,154.2322893,154,85
43,12.37423998,154.2322893,142,82
43,12.37423998,154.2322893,156,81
43,12.37423998,154.2322893,154,82
43,12.37423998,154.2322893,153,83
43,12.37423998,154.2322893,165,83
43,12.37423998,154.2322893,157,83
43,12.37423998,154.2322893,156,81
43,12.37423998,154.2322893,146,82
43,12.37423998,154.2322893,157,82
43,12.37423998,154.2322893,162,83
43,12.37423998,154.2322893,162,83
20,12.37443076,135.8560121,127,81
20,12.37443076,135.8560121,146,83
103,12.3746761,155.8267148,145,82
103,12.3746761,155.8267148,153,83
193,12.37472425,161.2054846,160,79
193,12.37472425,161.2054846,159,82
193,12.37472425,161.2054846,163,83
193,12.37472425,161.2054846,164,83
193,12.37472425,161.2054846,162,82
193,12.37472425,161.2054846,159,82
193,12.37472425,161.2054846,163,83
193,12.37472425,161.2054846,164,84
193,12.37472425,161.2054846,161,83
360,12.37743243,136.7178453,165,82
360,12.37743243,136.7178453,159,82
360,12.37743243,136.7178453,141,83
360,12.37743243,136.7178453,128,85
360,12.37743243,136.7178453,144,83
360,12.37743243,136.7178453,127,82
360,12.37743243,136.7178453,138,86
738,12.3798793,151.986227,167,88
253,12.38155031,155.6612815,169,84
253,12.38155031,155.6612815,156,82
253,12.38155031,155.6612815,165,83
253,12.38155031,155.6612815,152,84
253,12.38155031,155.6612815,162,83
253,12.38155031,155.6612815,168,86
253,12.38155031,155.6612815,157,87
253,12.38155031,155.6612815,163,92
253,12.38155031,155.6612815,169,86
253,12.38155031,155.6612815,80,0
224,12.3825441,162.8968354,167,83
224,12.3825441,162.8968354,158,81
224,12.3825441,162.8968354,160,81
224,12.3825441,162.8968354,177,88
224,12.3825441,162.8968354,158,78
355,12.38773078,135.5260516,147,81
355,12.38773078,135.5260516,142,81
355,12.38773078,135.5260516,146,80
355,12.38773078,135.5260516,151,81
355,12.38773078,135.5260516,130,83
355,12.38773078,135.5260516,141,82
355,12.38773078,135.5260516,131,81
355,12.38773078,135.5260516,135,80
355,12.38773078,135.5260516,130,82
355,12.38773078,135.5260516,133,83
355,12.38773078,135.5260516,134,82
355,12.38773078,135.5260516,150,83
372,12.38829208,140.7526602,134,82
372,12.38829208,140.7526602,143,80
372,12.38829208,140.7526602,156,81
372,12.38829208,140.7526602,141,82
372,12.38829208,140.7526602,149,83
372,12.38829208,140.7526602,145,82
372,12.38829208,140.7526602,149,83
372,12.38829208,140.7526602,164,84
595,12.38963134,148.6330325,157,84
595,12.38963134,148.6330325,143,82
595,12.38963134,148.6330325,143,83
595,12.38963134,148.6330325,142,83
595,12.38963134,148.6330325,148,86
595,12.38963134,148.6330325,140,85
595,12.38963134,148.6330325,144,85
595,12.38963134,148.6330325,147,84
595,12.38963134,148.6330325,160,90
72,12.39081336,158.3687104,159,84
435,12.39204706,169.0320856,180,89
435,12.39204706,169.0320856,167,87
435,12.39204706,169.0320856,181,89
271,12.39227317,164.1253223,166,84
271,12.39227317,164.1253223,168,84
271,12.39227317,164.1253223,170,85
394,12.39664191,131.0369108,139,80
394,12.39664191,131.0369108,139,81
394,12.39664191,131.0369108,145,78
394,12.39664191,131.0369108,125,79
394,12.39664191,131.0369108,129,81
394,12.39664191,131.0369108,140,82
394,12.39664191,131.0369108,133,81
394,12.39664191,131.0369108,149,84
498,12.39915579,152.8504519,155,84
485,12.40069365,150.6505017,131,86
485,12.40069365,150.6505017,144,84
485,12.40069365,150.6505017,144,84
485,12.40069365,150.6505017,134,84
485,12.40069365,150.6505017,158,85
485,12.40069365,150.6505017,157,84
485,12.40069365,150.6505017,143,83
485,12.40069365,150.6505017,161,82
485,12.40069365,150.6505017,156,84
559,12.40170968,151.0621741,155,81
559,12.40170968,151.0621741,147,82
559,12.40170968,151.0621741,143,83
573,12.40211712,152.611755,167,83
573,12.40211712,152.611755,165,83
573,12.40211712,152.611755,139,86
573,12.40211712,152.611755,135,83
573,12.40211712,152.611755,144,83
573,12.40211712,152.611755,151,84
573,12.40211712,152.611755,156,87
573,12.40211712,152.611755,155,84
573,12.40211712,152.611755,145,83
573,12.40211712,152.611755,137,83
573,12.40211712,152.611755,167,83
573,12.40211712,152.611755,159,83
733,12.40384764,152.9987088,152,83
733,12.40384764,152.9987088,160,84
91,12.40552632,159.5377558,181,83
91,12.40552632,159.5377558,156,84
542,12.40585352,141.6970502,142,84
169,12.41060528,153.4051095,157,79
169,12.41060528,153.4051095,144,82
169,12.41060528,153.4051095,161,83
741,12.41116294,149.398017,155,84
499,12.4185558,144.4975978,155,82
499,12.4185558,144.4975978,142,84
499,12.4185558,144.4975978,153,84
499,12.4185558,144.4975978,131,83
499,12.4185558,144.4975978,146,84
409,12.41955081,137.4721323,136,82
409,12.41955081,137.4721323,129,81
409,12.41955081,137.4721323,145,83
631,12.42157846,145.8332621,169,84
631,12.42157846,145.8332621,144,83
631,12.42157846,145.8332621,150,83
631,12.42157846,145.8332621,139,85
631,12.42157846,145.8332621,159,83
645,12.42341305,144.8565084,161,81
645,12.42341305,144.8565084,165,82
645,12.42341305,144.8565084,140,83
645,12.42341305,144.8565084,142,85
645,12.42341305,144.8565084,154,80
140,12.4245157,149.2883379,160,81
140,12.4245157,149.2883379,153,83
720,12.42664138,163.2158365,144,85
720,12.42664138,163.2158365,165,83
720,12.42664138,163.2158365,164,83
720,12.42664138,163.2158365,170,85
720,12.42664138,163.2158365,169,85
801,12.43561383,151.4146341,150,84
801,12.43561383,151.4146341,170,85
134,12.44712914,152.8026735,156,81
134,12.44712914,152.8026735,155,80
134,12.44712914,152.8026735,151,80
134,12.44712914,152.8026735,152,79
134,12.44712914,152.8026735,156,80
399,12.45351504,154.0680152,153,80
399,12.45351504,154.0680152,166,87
399,12.45351504,154.0680152,122,54
399,12.45351504,154.0680152,144,84
399,12.45351504,154.0680152,153,83
307,12.4572761,143.5063902,156,82
307,12.4572761,143.5063902,140,83
307,12.4572761,143.5063902,140,82
307,12.4572761,143.5063902,143,83
307,12.4572761,143.5063902,122,84
307,12.4572761,143.5063902,144,83
307,12.4572761,143.5063902,147,82
307,12.4572761,143.5063902,154,83
75,12.45780291,146.9471698,144,80
555,12.46288405,144.8224058,137,82
555,12.46288405,144.8224058,136,87
581,12.46778256,141.8521303,165,83
581,12.46778256,141.8521303,165,84
581,12.46778256,141.8521303,147,83
581,12.46778256,141.8521303,147,83
581,12.46778256,141.8521303,149,83
581,12.46778256,141.8521303,145,82
581,12.46778256,141.8521303,149,83
581,12.46778256,141.8521303,144,83
581,12.46778256,141.8521303,146,83
581,12.46778256,141.8521303,152,83
581,12.46778256,141.8521303,142,87
581,12.46778256,141.8521303,137,83
581,12.46778256,141.8521303,141,84
581,12.46778256,141.8521303,142,83
581,12.46778256,141.8521303,143,86
581,12.46778256,141.8521303,138,83
581,12.46778256,141.8521303,132,83
581,12.46778256,141.8521303,83,85
581,12.46778256,141.8521303,146,84
581,12.46778256,141.8521303,143,83
581,12.46778256,141.8521303,162,86
491,12.47223097,147.0936566,164,82
491,12.47223097,147.0936566,147,85
206,12.47342941,152.0646617,167,84
206,12.47342941,152.0646617,153,83
206,12.47342941,152.0646617,158,83
206,12.47342941,152.0646617,147,83
206,12.47342941,152.0646617,153,84
206,12.47342941,152.0646617,158,84
71,12.47578994,158.3722067,158,81
71,12.47578994,158.3722067,154,80
71,12.47578994,158.3722067,167,81
806,12.47697031,151.1858072,148,83
806,12.47697031,151.1858072,147,85
743,12.4796703,154.1082949,152,82
743,12.4796703,154.1082949,153,85
210,12.49045403,146.3213744,154,81
210,12.49045403,146.3213744,145,83
210,12.49045403,146.3213744,155,84
210,12.49045403,146.3213744,152,85
210,12.49045403,146.3213744,151,84
210,12.49045403,146.3213744,152,84
210,12.49045403,146.3213744,153,83
363,12.49158788,155.973672,135,80
363,12.49158788,155.973672,165,83
363,12.49158788,155.973672,167,83
363,12.49158788,155.973672,156,83
363,12.49158788,155.973672,129,0
363,12.49158788,155.973672,164,84
45,12.49329853,153.4091125,156,81
45,12.49329853,153.4091125,157,80
45,12.49329853,153.4091125,153,80
45,12.49329853,153.4091125,154,80
45,12.49329853,153.4091125,154,81
45,12.49329853,153.4091125,150,81
45,12.49329853,153.4091125,164,83
45,12.49329853,153.4091125,160,78
45,12.49329853,153.4091125,151,80
45,12.49329853,153.4091125,153,80
45,12.49329853,153.4091125,159,83
45,12.49329853,153.4091125,155,82
45,12.49329853,153.4091125,160,82
45,12.49329853,153.4091125,153,82
393,12.49604833,143.0461049,145,79
393,12.49604833,143.0461049,152,84
393,12.49604833,143.0461049,145,85
393,12.49604833,143.0461049,138,82
393,12.49604833,143.0461049,143,83
393,12.49604833,143.0461049,143,83
393,12.49604833,143.0461049,125,83
393,12.49604833,143.0461049,149,84
393,12.49604833,143.0461049,148,83
393,12.49604833,143.0461049,146,83
393,12.49604833,143.0461049,137,83
393,12.49604833,143.0461049,146,84
502,12.50144424,146.8860927,166,83
502,12.50144424,146.8860927,171,86
502,12.50144424,146.8860927,146,83
502,12.50144424,146.8860927,144,87
502,12.50144424,146.8860927,147,83
502,12.50144424,146.8860927,147,83
502,12.50144424,146.8860927,162,84
502,12.50144424,146.8860927,163,84
502,12.50144424,146.8860927,100,85
502,12.50144424,146.8860927,158,86
502,12.50144424,146.8860927,148,87
502,12.50144424,146.8860927,166,86
588,12.50280721,143.8118514,152,84
588,12.50280721,143.8118514,140,85
588,12.50280721,143.8118514,142,84
588,12.50280721,143.8118514,142,84
588,12.50280721,143.8118514,120,85
588,12.50280721,143.8118514,141,85
588,12.50280721,143.8118514,147,85
588,12.50280721,143.8118514,136,83
588,12.50280721,143.8118514,151,83
588,12.50280721,143.8118514,154,84
428,12.51455469,142.9906617,141,81
428,12.51455469,142.9906617,145,83
428,12.51455469,142.9906617,153,82
428,12.51455469,142.9906617,171,83
428,12.51455469,142.9906617,149,86
428,12.51455469,142.9906617,135,81
428,12.51455469,142.9906617,133,82
428,12.51455469,142.9906617,134,81
428,12.51455469,142.9906617,134,80
428,12.51455469,142.9906617,150,82
428,12.51455469,142.9906617,166,83
4,12.51918142,149.4106115,155,82
4,12.51918142,149.4106115,146,82
4,12.51918142,149.4106115,156,81
4,12.51918142,149.4106115,162,81
4,12.51918142,149.4106115,151,84
4,12.51918142,149.4106115,148,82
4,12.51918142,149.4106115,145,82
21,12.52254888,134.9046653,144,80
21,12.52254888,134.9046653,142,78
21,12.52254888,134.9046653,126,83
21,12.52254888,134.9046653,137,56
21,12.52254888,134.9046653,141,82
501,12.52319431,153.0338288,146,87
322,12.52358974,144.7227969,139,81
322,12.52358974,144.7227969,141,83
322,12.52358974,144.7227969,99,83
322,12.52358974,144.7227969,153,84
322,12.52358974,144.7227969,148,83
322,12.52358974,144.7227969,160,83
748,12.52447755,150.2074468,158,83
748,12.52447755,150.2074468,139,83
748,12.52447755,150.2074468,170,84
734,12.52947172,147.6627191,164,83
564,12.53359469,146.8555766,163,83
564,12.53359469,146.8555766,150,82
564,12.53359469,146.8555766,149,81
564,12.53359469,146.8555766,135,81
564,12.53359469,146.8555766,143,82
564,12.53359469,146.8555766,143,80
564,12.53359469,146.8555766,147,81
564,12.53359469,146.8555766,148,83
564,12.53359469,146.8555766,141,84
564,12.53359469,146.8555766,138,83
564,12.53359469,146.8555766,148,83
564,12.53359469,146.8555766,158,83
30,12.5410867,148.2611895,166,83
30,12.5410867,148.2611895,141,0
41,12.54318397,147.227519,161,81
41,12.54318397,147.227519,149,82
41,12.54318397,147.227519,152,81
41,12.54318397,147.227519,154,80
29,12.54418169,152.5630281,164,81
29,12.54418169,152.5630281,154,80
29,12.54418169,152.5630281,124,78
29,12.54418169,152.5630281,109,78
29,12.54418169,152.5630281,116,0
29,12.54418169,152.5630281,165,83
29,12.54418169,152.5630281,145,84
29,12.54418169,152.5630281,153,83
632,12.54627363,159.4849878,138,83
632,12.54627363,159.4849878,148,82
632,12.54627363,159.4849878,157,83
632,12.54627363,159.4849878,149,81
632,12.54627363,159.4849878,165,82
632,12.54627363,159.4849878,169,82
632,12.54627363,159.4849878,175,82
632,12.54627363,159.4849878,176,83
632,12.54627363,159.4849878,178,86
577,12.548362,148.7532051,163,83
577,12.548362,148.7532051,142,83
577,12.548362,148.7532051,149,82
577,12.548362,148.7532051,138,84
577,12.548362,148.7532051,135,83
577,12.548362,148.7532051,155,85
577,12.548362,148.7532051,141,83
577,12.548362,148.7532051,102,85
577,12.548362,148.7532051,140,86
577,12.548362,148.7532051,150,83
577,12.548362,148.7532051,142,85
201,12.54888641,150.1290163,160,83
201,12.54888641,150.1290163,160,81
201,12.54888641,150.1290163,156,82
705,12.55562097,144.3242718,151,82
705,12.55562097,144.3242718,130,82
705,12.55562097,144.3242718,148,83
299,12.55786018,153.7496635,156,85
299,12.55786018,153.7496635,158,82
299,12.55786018,153.7496635,164,86
299,12.55786018,153.7496635,163,84
299,12.55786018,153.7496635,158,87
299,12.55786018,153.7496635,125,85
299,12.55786018,153.7496635,162,89
503,12.55989872,142.2708694,167,83
503,12.55989872,142.2708694,138,83
40,12.55996488,146.2391529,164,83
40,12.55996488,146.2391529,149,80
97,12.56464013,156.0500272,149,84
97,12.56464013,156.0500272,155,83
482,12.56726017,145.0674258,137,83
482,12.56726017,145.0674258,129,83
482,12.56726017,145.0674258,137,82
482,12.56726017,145.0674258,134,82
828,12.57369894,146.9105004,146,82
63,12.5771192,154.2356784,165,83
63,12.5771192,154.2356784,142,82
63,12.5771192,154.2356784,154,79
634,12.5807642,144.26726,146,83
634,12.5807642,144.26726,147,84
634,12.5807642,144.26726,156,86
16,12.58336786,143.0171329,125,81
16,12.58336786,143.0171329,110,82
16,12.58336786,143.0171329,131,83
16,12.58336786,143.0171329,134,79
16,12.58336786,143.0171329,140,82
16,12.58336786,143.0171329,149,82
16,12.58336786,143.0171329,160,81
16,12.58336786,143.0171329,158,81
16,12.58336786,143.0171329,157,82
587,12.59395687,147.4953429,168,85
587,12.59395687,147.4953429,162,83
587,12.59395687,147.4953429,148,82
587,12.59395687,147.4953429,155,83
587,12.59395687,147.4953429,145,83
587,12.59395687,147.4953429,144,83
587,12.59395687,147.4953429,159,86
179,12.59766673,153.1774621,173,89
77,12.59838964,150.9856074,141,81
77,12.59838964,150.9856074,148,83
392,12.60016104,152.5569704,147,80
392,12.60016104,152.5569704,154,84
392,12.60016104,152.5569704,157,83
392,12.60016104,152.5569704,155,83
392,12.60016104,152.5569704,164,85
392,12.60016104,152.5569704,168,83
392,12.60016104,152.5569704,161,83
784,12.60163411,149.6263323,153,83
784,12.60163411,149.6263323,158,83
308,12.60303292,144.3101737,162,81
308,12.60303292,144.3101737,136,84
308,12.60303292,144.3101737,145,83
308,12.60303292,144.3101737,145,85
68,12.60342742,153.1324742,156,81
68,12.60342742,153.1324742,157,82
285,12.60415667,139.1203501,185,81
285,12.60415667,139.1203501,143,83
285,12.60415667,139.1203501,128,83
285,12.60415667,139.1203501,132,83
285,12.60415667,139.1203501,142,83
833,12.60455975,150.154239,166,86
833,12.60455975,150.154239,153,82
289,12.60505609,143.3810538,161,82
289,12.60505609,143.3810538,143,84
289,12.60505609,143.3810538,149,83
289,12.60505609,143.3810538,151,85
289,12.60505609,143.3810538,147,85
289,12.60505609,143.3810538,146,84
289,12.60505609,143.3810538,149,83
329,12.60700519,138.1370034,145,83
329,12.60700519,138.1370034,131,85
329,12.60700519,138.1370034,138,83
329,12.60700519,138.1370034,135,83
12,12.61257074,146.0817464,136,81
12,12.61257074,146.0817464,154,83
252,12.61661597,142.3891695,166,84
252,12.61661597,142.3891695,140,82
252,12.61661597,142.3891695,142,84
252,12.61661597,142.3891695,139,86
722,12.6176407,143.6810176,149,88
722,12.6176407,143.6810176,151,83
517,12.61819785,143.3679171,170,86
517,12.61819785,143.3679171,140,85
517,12.61819785,143.3679171,135,86
517,12.61819785,143.3679171,132,84
517,12.61819785,143.3679171,144,85
517,12.61819785,143.3679171,157,87
490,12.62012109,151.4542564,172,83
490,12.62012109,151.4542564,151,81
490,12.62012109,151.4542564,152,83
490,12.62012109,151.4542564,147,83
449,12.62140087,147.0018645,162,83
449,12.62140087,147.0018645,171,83
449,12.62140087,147.0018645,133,0
449,12.62140087,147.0018645,155,82
449,12.62140087,147.0018645,139,82
449,12.62140087,147.0018645,165,83
449,12.62140087,147.0018645,147,83
449,12.62140087,147.0018645,141,85
449,12.62140087,147.0018645,142,83
449,12.62140087,147.0018645,154,83
449,12.62140087,147.0018645,151,83
449,12.62140087,147.0018645,141,83
449,12.62140087,147.0018645,160,88
449,12.62140087,147.0018645,139,86
449,12.62140087,147.0018645,160,83
449,12.62140087,147.0018645,125,83
449,12.62140087,147.0018645,129,80
449,12.62140087,147.0018645,157,82
449,12.62140087,147.0018645,150,83
449,12.62140087,147.0018645,116,83
449,12.62140087,147.0018645,149,82
449,12.62140087,147.0018645,150,86
449,12.62140087,147.0018645,140,83
449,12.62140087,147.0018645,153,85
449,12.62140087,147.0018645,151,84
449,12.62140087,147.0018645,161,85
205,12.62670848,150.8678663,166,83
205,12.62670848,150.8678663,166,83
205,12.62670848,150.8678663,143,83
205,12.62670848,150.8678663,157,83
771,12.62976578,152.0386213,139,92
771,12.62976578,152.0386213,159,84
441,12.63057863,138.5281583,145,82
441,12.63057863,138.5281583,133,83
441,12.63057863,138.5281583,134,82
441,12.63057863,138.5281583,167,87
83,12.64283739,151.7964149,156,83
754,12.64456618,149.1051931,149,82
754,12.64456618,149.1051931,156,87
544,12.65257103,145.5403138,150,83
544,12.65257103,145.5403138,132,85
544,12.65257103,145.5403138,142,85
191,12.6548161,152.7274011,162,81
191,12.6548161,152.7274011,148,83
191,12.6548161,152.7274011,149,81
191,12.6548161,152.7274011,158,84
303,12.66235112,149.6460797,144,83
303,12.66235112,149.6460797,156,87
303,12.66235112,149.6460797,163,92
483,12.67416286,142.6484065,88,82
483,12.67416286,142.6484065,161,81
483,12.67416286,142.6484065,157,82
483,12.67416286,142.6484065,149,80
483,12.67416286,142.6484065,144,81
483,12.67416286,142.6484065,155,81
483,12.67416286,142.6484065,146,84
483,12.67416286,142.6484065,157,84
483,12.67416286,142.6484065,142,83
483,12.67416286,142.6484065,124,81
483,12.67416286,142.6484065,143,83
483,12.67416286,142.6484065,135,84
483,12.67416286,142.6484065,150,83
483,12.67416286,142.6484065,143,82
483,12.67416286,142.6484065,155,83
483,12.67416286,142.6484065,149,82
483,12.67416286,142.6484065,141,82
483,12.67416286,142.6484065,141,80
483,12.67416286,142.6484065,138,84
483,12.67416286,142.6484065,145,84
483,12.67416286,142.6484065,133,83
483,12.67416286,142.6484065,135,85
483,12.67416286,142.6484065,137,82
483,12.67416286,142.6484065,131,85
483,12.67416286,142.6484065,128,82
483,12.67416286,142.6484065,113,83
483,12.67416286,142.6484065,104,86
483,12.67416286,142.6484065,129,77
483,12.67416286,142.6484065,124,87
483,12.67416286,142.6484065,163,83
483,12.67416286,142.6484065,142,83
483,12.67416286,142.6484065,158,82
483,12.67416286,142.6484065,142,85
483,12.67416286,142.6484065,140,84
483,12.67416286,142.6484065,147,83
483,12.67416286,142.6484065,150,83
483,12.67416286,142.6484065,121,86
483,12.67416286,142.6484065,148,83
483,12.67416286,142.6484065,138,84
483,12.67416286,142.6484065,136,85
483,12.67416286,142.6484065,151,84
483,12.67416286,142.6484065,140,84
395,12.67752791,139.4363434,162,81
395,12.67752791,139.4363434,151,80
395,12.67752791,139.4363434,143,81
395,12.67752791,139.4363434,139,81
395,12.67752791,139.4363434,137,81
811,12.67819929,147.9395589,160,83
811,12.67819929,147.9395589,160,83
811,12.67819929,147.9395589,166,83
811,12.67819929,147.9395589,146,86
811,12.67819929,147.9395589,147,83
811,12.67819929,147.9395589,142,84
811,12.67819929,147.9395589,145,84
528,12.68231285,145.0233062,140,85
528,12.68231285,145.0233062,143,83
528,12.68231285,145.0233062,134,82
528,12.68231285,145.0233062,126,83
528,12.68231285,145.0233062,142,84
528,12.68231285,145.0233062,152,83
528,12.68231285,145.0233062,144,85
528,12.68231285,145.0233062,163,85
807,12.68920505,144.3365931,174,83
807,12.68920505,144.3365931,138,83
807,12.68920505,144.3365931,118,85
807,12.68920505,144.3365931,150,83
511,12.68964676,148.0454387,141,82
511,12.68964676,148.0454387,139,84
511,12.68964676,148.0454387,91,88
511,12.68964676,148.0454387,154,86
546,12.69359745,149.9232448,133,82
171,12.69442753,141.1032468,129,78
171,12.69442753,141.1032468,145,79
171,12.69442753,141.1032468,140,79
171,12.69442753,141.1032468,148,81
171,12.69442753,141.1032468,154,82
171,12.69442753,141.1032468,152,52
507,12.69866466,153.3786107,170,86
507,12.69866466,153.3786107,129,84
507,12.69866466,153.3786107,151,84
207,12.70128778,157.676485,158,85
207,12.70128778,157.676485,158,85
256,12.70206,140.150771,166,84
256,12.70206,140.150771,157,84
256,12.70206,140.150771,163,83
256,12.70206,140.150771,154,83
256,12.70206,140.150771,147,84
256,12.70206,140.150771,129,88
256,12.70206,140.150771,134,85
256,12.70206,140.150771,134,88
256,12.70206,140.150771,129,83
256,12.70206,140.150771,129,83
256,12.70206,140.150771,130,87
256,12.70206,140.150771,136,84
256,12.70206,140.150771,152,86
204,12.70579812,162.9767313,157,81
204,12.70579812,162.9767313,162,83
215,12.71019956,151.8104396,145,84
215,12.71019956,151.8104396,154,84
452,12.71025961,141.8966725,177,85
452,12.71025961,141.8966725,138,82
452,12.71025961,141.8966725,133,82
452,12.71025961,141.8966725,155,85
419,12.714673,133.3709199,138,81
419,12.714673,133.3709199,146,83
419,12.714673,133.3709199,150,101
67,12.71484255,155.0169122,162,82
67,12.71484255,155.0169122,154,81
67,12.71484255,155.0169122,159,81
95,12.71941108,157.7890625,162,83
95,12.71941108,157.7890625,145,82
95,12.71941108,157.7890625,154,81
95,12.71941108,157.7890625,168,87
95,12.71941108,157.7890625,165,82
370,12.72839071,137.6782462,132,82
370,12.72839071,137.6782462,140,83
370,12.72839071,137.6782462,142,83
370,12.72839071,137.6782462,142,83
370,12.72839071,137.6782462,143,82
370,12.72839071,137.6782462,134,83
370,12.72839071,137.6782462,139,84
89,12.72914879,154.0408822,141,82
89,12.72914879,154.0408822,134,80
89,12.72914879,154.0408822,137,80
89,12.72914879,154.0408822,139,82
260,12.73178309,152.1223502,178,85
260,12.73178309,152.1223502,163,83
260,12.73178309,152.1223502,166,84
260,12.73178309,152.1223502,166,83
260,12.73178309,152.1223502,152,84
260,12.73178309,152.1223502,151,84
260,12.73178309,152.1223502,139,83
260,12.73178309,152.1223502,143,83
260,12.73178309,152.1223502,146,81
181,12.73259322,148.3735882,154,80
181,12.73259322,148.3735882,147,80
181,12.73259322,148.3735882,150,81
181,12.73259322,148.3735882,137,81
181,12.73259322,148.3735882,156,84
57,12.73277814,143.8517499,149,83
57,12.73277814,143.8517499,136,80
57,12.73277814,143.8517499,128,80
57,12.73277814,143.8517499,141,81
57,12.73277814,143.8517499,110,83
57,12.73277814,143.8517499,157,82
64,12.74811506,163.6643157,177,0
98,12.75455133,156.0903294,148,83
718,12.76084159,159.2452147,176,93
718,12.76084159,159.2452147,169,85
718,12.76084159,159.2452147,176,90
718,12.76084159,159.2452147,162,81
718,12.76084159,159.2452147,170,85
718,12.76084159,159.2452147,170,83
146,12.76258142,143.9933628,149,83
146,12.76258142,143.9933628,155,83
327,12.76870674,142.4539326,158,80
327,12.76870674,142.4539326,129,79
327,12.76870674,142.4539326,122,81
327,12.76870674,142.4539326,122,83
327,12.76870674,142.4539326,112,83
327,12.76870674,142.4539326,138,81
327,12.76870674,142.4539326,146,82
327,12.76870674,142.4539326,142,81
327,12.76870674,142.4539326,152,83
327,12.76870674,142.4539326,154,82
327,12.76870674,142.4539326,151,82
327,12.76870674,142.4539326,163,106
327,12.76870674,142.4539326,146,82
241,12.76949372,162.3443332,163,83
241,12.76949372,162.3443332,163,81
241,12.76949372,162.3443332,165,82
241,12.76949372,162.3443332,170,84
241,12.76949372,162.3443332,164,84
241,12.76949372,162.3443332,166,83
241,12.76949372,162.3443332,170,85
241,12.76949372,162.3443332,151,86
241,12.76949372,162.3443332,154,86
349,12.77072926,137.3125972,127,80
349,12.77072926,137.3125972,144,80
349,12.77072926,137.3125972,129,80
349,12.77072926,137.3125972,137,82
349,12.77072926,137.3125972,141,81
151,12.77093859,158.156172,161,80
151,12.77093859,158.156172,156,81
151,12.77093859,158.156172,142,81
151,12.77093859,158.156172,163,83
151,12.77093859,158.156172,164,83
151,12.77093859,158.156172,148,83
192,12.7731827,153.0833768,160,82
293,12.77916716,154.1002132,166,82
293,12.77916716,154.1002132,165,80
293,12.77916716,154.1002132,144,83
293,12.77916716,154.1002132,141,103
293,12.77916716,154.1002132,154,99
293,12.77916716,154.1002132,141,81
293,12.77916716,154.1002132,155,83
218,12.78503533,163.6212858,165,83
218,12.78503533,163.6212858,170,85
218,12.78503533,163.6212858,169,84
194,12.78700615,163.5526427,163,82
194,12.78700615,163.5526427,167,84
518,12.78853216,140.3242291,140,83
162,12.78939831,155.0155211,160,82
711,12.79303556,149.8503903,138,84
711,12.79303556,149.8503903,151,83
711,12.79303556,149.8503903,159,89
509,12.79447331,159.5567686,170,85
509,12.79447331,159.5567686,169,84
509,12.79447331,159.5567686,156,84
509,12.79447331,159.5567686,155,85
509,12.79447331,159.5567686,154,84
509,12.79447331,159.5567686,165,86
509,12.79447331,159.5567686,170,86
434,12.79868211,168.8210526,172,83
434,12.79868211,168.8210526,162,83
561,12.80891065,148.3965368,158,80
561,12.80891065,148.3965368,140,82
561,12.80891065,148.3965368,135,83
561,12.80891065,148.3965368,143,81
561,12.80891065,148.3965368,137,83
561,12.80891065,148.3965368,147,83
150,12.81181611,145.2134213,151,81
150,12.81181611,145.2134213,161,83
835,12.8137994,154.8328321,158,84
835,12.8137994,154.8328321,139,81
835,12.8137994,154.8328321,146,81
835,12.8137994,154.8328321,152,83
835,12.8137994,154.8328321,88,83
835,12.8137994,154.8328321,140,82
835,12.8137994,154.8328321,153,83
835,12.8137994,154.8328321,156,83
835,12.8137994,154.8328321,160,86
835,12.8137994,154.8328321,164,89
835,12.8137994,154.8328321,165,84
835,12.8137994,154.8328321,155,83
436,12.81763535,145.2131404,169,81
436,12.81763535,145.2131404,136,81
436,12.81763535,145.2131404,148,82
436,12.81763535,145.2131404,139,82
436,12.81763535,145.2131404,165,99
436,12.81763535,145.2131404,100,0
436,12.81763535,145.2131404,153,107
436,12.81763535,145.2131404,137,112
436,12.81763535,145.2131404,140,81
436,12.81763535,145.2131404,144,81
681,12.82400132,150.8111965,147,82
681,12.82400132,150.8111965,143,83
681,12.82400132,150.8111965,152,84
681,12.82400132,150.8111965,155,90
681,12.82400132,150.8111965,150,84
681,12.82400132,150.8111965,154,85
681,12.82400132,150.8111965,175,85
736,12.82462408,160.1608911,171,92
488,12.82628121,152.340274,154,83
488,12.82628121,152.340274,108,84
488,12.82628121,152.340274,144,83
782,12.82674331,155.4073084,164,82
782,12.82674331,155.4073084,169,87
782,12.82674331,155.4073084,148,84
759,12.82867555,158.459354,160,88
800,12.84634902,153.1344095,144,83
800,12.84634902,153.1344095,165,81
800,12.84634902,153.1344095,164,81
800,12.84634902,153.1344095,151,84
800,12.84634902,153.1344095,146,84
800,12.84634902,153.1344095,148,83
800,12.84634902,153.1344095,169,85
276,12.84752081,144.846901,140,82
276,12.84752081,144.846901,137,80
276,12.84752081,144.846901,144,84
276,12.84752081,144.846901,146,84
276,12.84752081,144.846901,161,84
302,12.84908264,146.9779769,166,83
302,12.84908264,146.9779769,133,84
302,12.84908264,146.9779769,145,84
302,12.84908264,146.9779769,150,82
302,12.84908264,146.9779769,73,61
302,12.84908264,146.9779769,126,83
302,12.84908264,146.9779769,132,84
302,12.84908264,146.9779769,163,81
415,12.85513448,164.3565072,159,82
415,12.85513448,164.3565072,173,83
415,12.85513448,164.3565072,168,84
415,12.85513448,164.3565072,162,83
630,12.85647982,146.3974215,134,85
630,12.85647982,146.3974215,161,83
630,12.85647982,146.3974215,156,83
492,12.85785341,151.0400209,139,83
492,12.85785341,151.0400209,141,82
492,12.85785341,151.0400209,158,86
278,12.85951008,141.5782774,138,86
278,12.85951008,141.5782774,136,87
278,12.85951008,141.5782774,132,84
278,12.85951008,141.5782774,141,86
284,12.86020217,141.7720384,140,82
284,12.86020217,141.7720384,140,84
583,12.86167968,150.2539219,162,83
583,12.86167968,150.2539219,172,84
583,12.86167968,150.2539219,158,85
583,12.86167968,150.2539219,170,84
583,12.86167968,150.2539219,167,83
583,12.86167968,150.2539219,150,83
583,12.86167968,150.2539219,148,84
583,12.86167968,150.2539219,125,84
583,12.86167968,150.2539219,152,84
583,12.86167968,150.2539219,160,84
583,12.86167968,150.2539219,149,83
583,12.86167968,150.2539219,141,84
583,12.86167968,150.2539219,165,85
583,12.86167968,150.2539219,166,82
566,12.86458501,147.3796664,153,83
566,12.86458501,147.3796664,161,80
566,12.86458501,147.3796664,163,82
566,12.86458501,147.3796664,150,81
566,12.86458501,147.3796664,143,83
566,12.86458501,147.3796664,154,81
566,12.86458501,147.3796664,150,86
566,12.86458501,147.3796664,149,81
566,12.86458501,147.3796664,143,81
566,12.86458501,147.3796664,144,84
566,12.86458501,147.3796664,158,81
326,12.86466709,152.5339151,162,82
326,12.86466709,152.5339151,161,82
326,12.86466709,152.5339151,158,83
326,12.86466709,152.5339151,144,83
326,12.86466709,152.5339151,144,82
326,12.86466709,152.5339151,151,82
326,12.86466709,152.5339151,142,83
326,12.86466709,152.5339151,134,81
326,12.86466709,152.5339151,150,83
326,12.86466709,152.5339151,142,82
318,12.86701838,146.0843069,142,83
318,12.86701838,146.0843069,131,85
318,12.86701838,146.0843069,125,82
318,12.86701838,146.0843069,144,84
318,12.86701838,146.0843069,149,82
318,12.86701838,146.0843069,157,84
804,12.86792754,149.7258111,147,83
804,12.86792754,149.7258111,145,84
472,12.87400175,161.2582057,170,87
472,12.87400175,161.2582057,161,89
472,12.87400175,161.2582057,160,82
721,12.87415599,160.2190444,235,86
721,12.87415599,160.2190444,154,82
721,12.87415599,160.2190444,149,84
721,12.87415599,160.2190444,160,82
721,12.87415599,160.2190444,162,83
51,12.88471643,149.4088617,139,82
51,12.88471643,149.4088617,152,82
772,12.89047388,159.2233989,151,86
772,12.89047388,159.2233989,152,83
772,12.89047388,159.2233989,151,84
772,12.89047388,159.2233989,142,83
772,12.89047388,159.2233989,168,86
772,12.89047388,159.2233989,167,83
772,12.89047388,159.2233989,160,83
772,12.89047388,159.2233989,162,84
112,12.89270859,155.995481,166,87
112,12.89270859,155.995481,150,87
112,12.89270859,155.995481,161,82
112,12.89270859,155.995481,161,83
93,12.89582485,156.086785,162,82
93,12.89582485,156.086785,160,85
334,12.89844293,144.7770545,170,83
334,12.89844293,144.7770545,146,79
334,12.89844293,144.7770545,147,83
334,12.89844293,144.7770545,145,83
334,12.89844293,144.7770545,145,83
334,12.89844293,144.7770545,145,83
344,12.9096,141.5603472,142,83
344,12.9096,141.5603472,138,82
344,12.9096,141.5603472,136,83
344,12.9096,141.5603472,150,85
159,12.91908798,148.991606,137,81
159,12.91908798,148.991606,150,81
159,12.91908798,148.991606,149,82
159,12.91908798,148.991606,156,83
433,12.92139126,143.9187675,141,83
433,12.92139126,143.9187675,150,84
719,12.92465054,155.1047516,178,93
719,12.92465054,155.1047516,186,90
719,12.92465054,155.1047516,175,88
719,12.92465054,155.1047516,155,88
719,12.92465054,155.1047516,171,85
719,12.92465054,155.1047516,168,84
719,12.92465054,155.1047516,162,83
719,12.92465054,155.1047516,159,82
719,12.92465054,155.1047516,152,85
719,12.92465054,155.1047516,139,83
719,12.92465054,155.1047516,159,86
719,12.92465054,155.1047516,151,84
719,12.92465054,155.1047516,166,83
719,12.92465054,155.1047516,157,83
786,12.9291769,154.5951009,169,84
786,12.9291769,154.5951009,166,86
272,12.93716407,141.2669718,167,84
272,12.93716407,141.2669718,165,83
272,12.93716407,141.2669718,138,82
272,12.93716407,141.2669718,134,83
272,12.93716407,141.2669718,134,83
272,12.93716407,141.2669718,139,83
161,12.94125435,164.6705927,155,82
161,12.94125435,164.6705927,161,83
161,12.94125435,164.6705927,168,81
161,12.94125435,164.6705927,167,83
161,12.94125435,164.6705927,174,80
161,12.94125435,164.6705927,174,81
161,12.94125435,164.6705927,180,83
161,12.94125435,164.6705927,167,84
161,12.94125435,164.6705927,169,82
161,12.94125435,164.6705927,166,83
161,12.94125435,164.6705927,166,83
161,12.94125435,164.6705927,166,82
161,12.94125435,164.6705927,165,82
161,12.94125435,164.6705927,158,83
161,12.94125435,164.6705927,165,81
161,12.94125435,164.6705927,166,82
161,12.94125435,164.6705927,171,80
101,12.94325956,169.8038741,234,83
101,12.94325956,169.8038741,210,80
101,12.94325956,169.8038741,160,83
101,12.94325956,169.8038741,154,83
101,12.94325956,169.8038741,144,83
714,12.9531225,152.0839895,162,83
714,12.9531225,152.0839895,159,80
714,12.9531225,152.0839895,145,84
714,12.9531225,152.0839895,152,83
459,12.95406223,149.1891206,181,86
459,12.95406223,149.1891206,140,83
459,12.95406223,149.1891206,135,86
459,12.95406223,149.1891206,133,83
258,12.95713501,142.3249391,147,84
258,12.95713501,142.3249391,152,84
258,12.95713501,142.3249391,137,83
258,12.95713501,142.3249391,132,83
258,12.95713501,142.3249391,132,83
258,12.95713501,142.3249391,157,83
258,12.95713501,142.3249391,150,83
258,12.95713501,142.3249391,146,83
258,12.95713501,142.3249391,141,87
258,12.95713501,142.3249391,139,87
258,12.95713501,142.3249391,153,84
258,12.95713501,142.3249391,147,86
258,12.95713501,142.3249391,126,83
258,12.95713501,142.3249391,136,83
258,12.95713501,142.3249391,150,83
223,12.9575128,149.686976,165,82
223,12.9575128,149.686976,149,83
223,12.9575128,149.686976,133,83
223,12.9575128,149.686976,146,84
223,12.9575128,149.686976,149,84
339,12.95794179,139.6171783,169,82
339,12.95794179,139.6171783,162,81
339,12.95794179,139.6171783,133,81
339,12.95794179,139.6171783,156,80
339,12.95794179,139.6171783,141,81
339,12.95794179,139.6171783,117,84
339,12.95794179,139.6171783,145,82
339,12.95794179,139.6171783,138,84
339,12.95794179,139.6171783,143,81
339,12.95794179,139.6171783,149,83
339,12.95794179,139.6171783,156,85
339,12.95794179,139.6171783,129,82
339,12.95794179,139.6171783,132,83
339,12.95794179,139.6171783,132,81
339,12.95794179,139.6171783,139,81
197,12.95919866,160.8180272,162,81
197,12.95919866,160.8180272,165,83
562,12.95960657,146.4650073,164,83
562,12.95960657,146.4650073,153,82
562,12.95960657,146.4650073,152,82
562,12.95960657,146.4650073,143,84
562,12.95960657,146.4650073,102,78
562,12.95960657,146.4650073,143,83
562,12.95960657,146.4650073,143,81
562,12.95960657,146.4650073,146,83
562,12.95960657,146.4650073,150,85
50,12.97113529,150.2420382,155,82
50,12.97113529,150.2420382,92,0
455,12.97530064,149.2405154,142,81
455,12.97530064,149.2405154,137,82
455,12.97530064,149.2405154,145,82
455,12.97530064,149.2405154,150,85
107,12.97775593,163.4945726,160,81
107,12.97775593,163.4945726,163,83
107,12.97775593,163.4945726,163,85
107,12.97775593,163.4945726,174,84
92,12.98193407,155.2954823,175,82
92,12.98193407,155.2954823,156,84
92,12.98193407,155.2954823,157,84
183,12.98946996,152.5792896,150,80
183,12.98946996,152.5792896,157,81
183,12.98946996,152.5792896,161,81
305,12.98997345,145.2950474,154,83
305,12.98997345,145.2950474,147,83
305,12.98997345,145.2950474,137,82
305,12.98997345,145.2950474,147,83
160,12.99154185,153.7111018,159,82
160,12.99154185,153.7111018,166,83
337,12.99541862,148.3453423,154,82
337,12.99541862,148.3453423,147,83
337,12.99541862,148.3453423,155,84
337,12.99541862,148.3453423,160,82
337,12.99541862,148.3453423,144,83
337,12.99541862,148.3453423,141,83
337,12.99541862,148.3453423,160,83
414,12.99864268,137.0905365,160,81
414,12.99864268,137.0905365,134,81
414,12.99864268,137.0905365,131,83
414,12.99864268,137.0905365,132,81
414,12.99864268,137.0905365,134,81
414,12.99864268,137.0905365,146,83
495,13.00137217,152.7092248,170,86
495,13.00137217,152.7092248,162,86
158,13.00288563,142.5225989,153,81
78,13.00911345,161.5697108,167,84
78,13.00911345,161.5697108,164,83
212,13.01687772,154.0117754,165,82
212,13.01687772,154.0117754,152,84
208,13.01731447,156.0059484,158,84
128,13.02963876,166.6530899,156,81
128,13.02963876,166.6530899,173,77
128,13.02963876,166.6530899,168,81
128,13.02963876,166.6530899,178,81
128,13.02963876,166.6530899,165,81
128,13.02963876,166.6530899,171,81
128,13.02963876,166.6530899,165,81
128,13.02963876,166.6530899,172,83
128,13.02963876,166.6530899,171,82
128,13.02963876,166.6530899,177,82
128,13.02963876,166.6530899,180,83
66,13.02983737,151.6160584,154,80
66,13.02983737,151.6160584,150,80
66,13.02983737,151.6160584,154,82
66,13.02983737,151.6160584,154,82
66,13.02983737,151.6160584,160,81
244,13.03189448,150.1240135,159,86
244,13.03189448,150.1240135,164,84
244,13.03189448,150.1240135,158,84
244,13.03189448,150.1240135,150,87
244,13.03189448,150.1240135,146,84
244,13.03189448,150.1240135,152,84
244,13.03189448,150.1240135,155,84
244,13.03189448,150.1240135,155,87
244,13.03189448,150.1240135,160,84
330,13.03356688,149.8450106,166,82
330,13.03356688,149.8450106,163,82
330,13.03356688,149.8450106,133,83
330,13.03356688,149.8450106,159,83
513,13.03614686,149.0662177,162,85
513,13.03614686,149.0662177,135,86
513,13.03614686,149.0662177,164,83
513,13.03614686,149.0662177,148,83
513,13.03614686,149.0662177,150,85
513,13.03614686,149.0662177,137,83
513,13.03614686,149.0662177,147,83
513,13.03614686,149.0662177,160,88
262,13.03849751,145.6017108,168,83
262,13.03849751,145.6017108,169,82
262,13.03849751,145.6017108,147,85
262,13.03849751,145.6017108,143,82
262,13.03849751,145.6017108,144,83
262,13.03849751,145.6017108,140,83
262,13.03849751,145.6017108,141,84
262,13.03849751,145.6017108,144,83
2,13.04024715,155.442131,156,82
2,13.04024715,155.442131,166,81
267,13.04170856,152.6960519,152,82
267,13.04170856,152.6960519,156,84
220,13.04444446,146.5896657,154,84
220,13.04444446,146.5896657,153,83
357,13.0507545,152.4189935,157,83
357,13.0507545,152.4189935,159,83
357,13.0507545,152.4189935,167,83
357,13.0507545,152.4189935,156,82
357,13.0507545,152.4189935,155,82
357,13.0507545,152.4189935,154,83
357,13.0507545,152.4189935,165,83
362,13.05230734,136.1409266,137,82
362,13.05230734,136.1409266,148,81
180,13.05411875,157.0405503,158,82
180,13.05411875,157.0405503,153,81
180,13.05411875,157.0405503,160,82
279,13.05604322,145.2683616,169,83
279,13.05604322,145.2683616,140,83
279,13.05604322,145.2683616,142,86
691,13.05931359,154.3849733,155,82
691,13.05931359,154.3849733,146,81
691,13.05931359,154.3849733,147,84
691,13.05931359,154.3849733,159,84
691,13.05931359,154.3849733,154,86
691,13.05931359,154.3849733,151,85
691,13.05931359,154.3849733,157,85
691,13.05931359,154.3849733,148,85
691,13.05931359,154.3849733,156,84
691,13.05931359,154.3849733,153,83
691,13.05931359,154.3849733,164,83
82,13.07001332,155.2078327,157,82
82,13.07001332,155.2078327,148,84
82,13.07001332,155.2078327,162,82
82,13.07001332,155.2078327,154,82
412,13.07706943,144.6958002,141,82
412,13.07706943,144.6958002,146,83
412,13.07706943,144.6958002,129,82
412,13.07706943,144.6958002,135,82
412,13.07706943,144.6958002,142,82
412,13.07706943,144.6958002,164,83
227,13.07918894,147.4470046,143,83
227,13.07918894,147.4470046,142,83
227,13.07918894,147.4470046,109,0
230,13.08640199,155.7287523,156,80
230,13.08640199,155.7287523,158,80
230,13.08640199,155.7287523,157,83
230,13.08640199,155.7287523,164,81
56,13.09210304,153.9415496,153,80
56,13.09210304,153.9415496,154,81
56,13.09210304,153.9415496,154,82
56,13.09210304,153.9415496,151,82
56,13.09210304,153.9415496,154,83
56,13.09210304,153.9415496,161,83
633,13.09309408,149.6162676,150,82
633,13.09309408,149.6162676,139,83
633,13.09309408,149.6162676,132,83
633,13.09309408,149.6162676,152,83
633,13.09309408,149.6162676,162,84
633,13.09309408,149.6162676,171,85
211,13.09466901,152.9886493,164,83
211,13.09466901,152.9886493,146,82
211,13.09466901,152.9886493,147,81
211,13.09466901,152.9886493,160,83
5,13.0988873,158.4160679,162,84
5,13.0988873,158.4160679,144,80
5,13.0988873,158.4160679,161,83
693,13.10092004,150.4574468,152,87
153,13.10153853,160.5744417,170,81
153,13.10153853,160.5744417,162,81
153,13.10153853,160.5744417,157,83
153,13.10153853,160.5744417,166,83
153,13.10153853,160.5744417,147,81
153,13.10153853,160.5744417,154,83
153,13.10153853,160.5744417,162,85
153,13.10153853,160.5744417,161,83
153,13.10153853,160.5744417,160,83
153,13.10153853,160.5744417,161,83
153,13.10153853,160.5744417,160,83
153,13.10153853,160.5744417,166,83
153,13.10153853,160.5744417,163,83
153,13.10153853,160.5744417,163,82
153,13.10153853,160.5744417,164,83
153,13.10153853,160.5744417,165,83
153,13.10153853,160.5744417,166,82
296,13.10634239,151.6664204,170,85
296,13.10634239,151.6664204,180,86
296,13.10634239,151.6664204,153,81
296,13.10634239,151.6664204,137,85
296,13.10634239,151.6664204,147,83
296,13.10634239,151.6664204,171,83
200,13.1166,159.723779,162,79
200,13.1166,159.723779,156,81
200,13.1166,159.723779,163,82
200,13.1166,159.723779,163,83
248,13.12178698,145.9598863,163,81
248,13.12178698,145.9598863,146,82
248,13.12178698,145.9598863,142,85
248,13.12178698,145.9598863,117,85
248,13.12178698,145.9598863,137,84
248,13.12178698,145.9598863,126,83
248,13.12178698,145.9598863,83,59
248,13.12178698,145.9598863,138,82
248,13.12178698,145.9598863,117,59
248,13.12178698,145.9598863,126,83
248,13.12178698,145.9598863,159,83
248,13.12178698,145.9598863,151,87
248,13.12178698,145.9598863,152,88
248,13.12178698,145.9598863,129,84
248,13.12178698,145.9598863,147,85
346,13.12989136,152.111976,164,83
346,13.12989136,152.111976,143,81
346,13.12989136,152.111976,153,83
157,13.13309456,157.4129646,140,81
157,13.13309456,157.4129646,61,0
157,13.13309456,157.4129646,168,81
157,13.13309456,157.4129646,162,81
157,13.13309456,157.4129646,162,82
157,13.13309456,157.4129646,164,82
157,13.13309456,157.4129646,166,82
157,13.13309456,157.4129646,162,82
99,13.13780462,156.295082,149,83
99,13.13780462,156.295082,162,83
99,13.13780462,156.295082,164,83
99,13.13780462,156.295082,161,83
99,13.13780462,156.295082,149,82
99,13.13780462,156.295082,152,83
174,13.14627218,162.3820173,162,83
174,13.14627218,162.3820173,161,83
131,13.15786673,153.9189679,150,80
131,13.15786673,153.9189679,157,83
131,13.15786673,153.9189679,160,81
131,13.15786673,153.9189679,163,83
545,13.16030658,152.0648814,174,84
545,13.16030658,152.0648814,165,90
111,13.16230161,164.2467153,169,83
111,13.16230161,164.2467153,162,81
783,13.19400739,154.7712056,162,84
783,13.19400739,154.7712056,157,83
783,13.19400739,154.7712056,164,88
358,13.19570136,146.8983532,129,80
358,13.19570136,146.8983532,149,82
358,13.19570136,146.8983532,154,80
358,13.19570136,146.8983532,150,82
358,13.19570136,146.8983532,152,83
778,13.1992143,161.2481457,157,86
122,13.2009634,164.7571885,159,81
122,13.2009634,164.7571885,169,83
122,13.2009634,164.7571885,179,83
184,13.20138921,158.9580654,164,80
184,13.20138921,158.9580654,161,81
184,13.20138921,158.9580654,159,81
184,13.20138921,158.9580654,161,82
184,13.20138921,158.9580654,155,83
184,13.20138921,158.9580654,166,83
118,13.20297638,159.7467199,160,83
369,13.21641813,149.1462552,141,82
369,13.21641813,149.1462552,141,82
369,13.21641813,149.1462552,138,83
369,13.21641813,149.1462552,137,84
288,13.21799453,162.7692892,162,83
288,13.21799453,162.7692892,147,81
288,13.21799453,162.7692892,163,83
291,13.22159099,165.6520651,157,84
291,13.22159099,165.6520651,170,85
291,13.22159099,165.6520651,163,85
291,13.22159099,165.6520651,159,87
291,13.22159099,165.6520651,169,84
543,13.22597744,149.6042201,144,83
239,13.2274198,143.7649805,157,87
239,13.2274198,143.7649805,144,84
239,13.2274198,143.7649805,155,83
239,13.2274198,143.7649805,127,84
239,13.2274198,143.7649805,89,83
239,13.2274198,143.7649805,110,84
239,13.2274198,143.7649805,149,82
239,13.2274198,143.7649805,154,84
239,13.2274198,143.7649805,156,84
239,13.2274198,143.7649805,147,83
239,13.2274198,143.7649805,161,81
239,13.2274198,143.7649805,161,83
239,13.2274198,143.7649805,158,85
239,13.2274198,143.7649805,138,84
239,13.2274198,143.7649805,120,80
239,13.2274198,143.7649805,152,84
239,13.2274198,143.7649805,155,84
239,13.2274198,143.7649805,136,87
239,13.2274198,143.7649805,152,84
239,13.2274198,143.7649805,161,82
239,13.2274198,143.7649805,154,84
239,13.2274198,143.7649805,150,86
239,13.2274198,143.7649805,149,83
239,13.2274198,143.7649805,143,0
239,13.2274198,143.7649805,152,84
239,13.2274198,143.7649805,154,84
239,13.2274198,143.7649805,144,85
239,13.2274198,143.7649805,125,0
239,13.2274198,143.7649805,144,85
239,13.2274198,143.7649805,162,85
239,13.2274198,143.7649805,151,86
239,13.2274198,143.7649805,141,85
239,13.2274198,143.7649805,127,84
239,13.2274198,143.7649805,127,86
239,13.2274198,143.7649805,143,81
239,13.2274198,143.7649805,155,84
239,13.2274198,143.7649805,142,84
239,13.2274198,143.7649805,154,84
643,13.22962382,159.8023609,158,85
643,13.22962382,159.8023609,150,83
643,13.22962382,159.8023609,159,85
643,13.22962382,159.8023609,162,86
643,13.22962382,159.8023609,164,86
643,13.22962382,159.8023609,175,86
85,13.23366773,150.8939567,122,83
85,13.23366773,150.8939567,149,84
85,13.23366773,150.8939567,158,83
85,13.23366773,150.8939567,156,84
85,13.23366773,150.8939567,159,83
166,13.23684865,150.4239421,159,82
166,13.23684865,150.4239421,155,82
166,13.23684865,150.4239421,156,83
219,13.23984279,154.497555,166,84
219,13.23984279,154.497555,157,83
219,13.23984279,154.497555,150,82
219,13.23984279,154.497555,160,84
219,13.23984279,154.497555,160,83
219,13.23984279,154.497555,162,84
229,13.24942056,154.4663986,171,82
229,13.24942056,154.4663986,165,83
229,13.24942056,154.4663986,154,80
229,13.24942056,154.4663986,144,83
229,13.24942056,154.4663986,152,82
229,13.24942056,154.4663986,138,62
233,13.25074834,151.3371721,161,83
233,13.25074834,151.3371721,155,83
233,13.25074834,151.3371721,162,83
70,13.25632251,154.745886,157,82
70,13.25632251,154.745886,150,80
70,13.25632251,154.745886,123,81
70,13.25632251,154.745886,116,84
70,13.25632251,154.745886,113,84
70,13.25632251,154.745886,151,81
70,13.25632251,154.745886,163,83
365,13.26010082,138.9651639,158,81
365,13.26010082,138.9651639,100,81
365,13.26010082,138.9651639,142,81
365,13.26010082,138.9651639,132,82
365,13.26010082,138.9651639,139,83
18,13.2715729,144.2280903,154,83
18,13.2715729,144.2280903,150,83
348,13.272676,146.9683327,141,81
348,13.272676,146.9683327,149,82
348,13.272676,146.9683327,151,80
348,13.272676,146.9683327,146,82
348,13.272676,146.9683327,156,83
62,13.279226,157.534079,151,84
62,13.279226,157.534079,158,82
62,13.279226,157.534079,162,83
116,13.2847773,157.2700587,156,83
116,13.2847773,157.2700587,155,85
375,13.28684755,138.5747918,138,81
375,13.28684755,138.5747918,138,83
375,13.28684755,138.5747918,156,83
375,13.28684755,138.5747918,144,83
375,13.28684755,138.5747918,144,84
366,13.28709472,151.6804295,160,82
366,13.28709472,151.6804295,146,83
366,13.28709472,151.6804295,155,82
366,13.28709472,151.6804295,153,82
366,13.28709472,151.6804295,155,83
366,13.28709472,151.6804295,156,82
366,13.28709472,151.6804295,157,84
366,13.28709472,151.6804295,157,83
366,13.28709472,151.6804295,155,83
366,13.28709472,151.6804295,161,84
670,13.29324604,146.1532928,134,81
670,13.29324604,146.1532928,160,84
670,13.29324604,146.1532928,171,88
670,13.29324604,146.1532928,150,82
670,13.29324604,146.1532928,157,85
309,13.29796531,148.4405927,166,84
309,13.29796531,148.4405927,146,86
309,13.29796531,148.4405927,151,82
309,13.29796531,148.4405927,146,83
309,13.29796531,148.4405927,149,84
133,13.30483857,160.0920716,163,85
133,13.30483857,160.0920716,169,84
133,13.30483857,160.0920716,165,83
133,13.30483857,160.0920716,168,85
386,13.30815917,149.0964686,154,82
386,13.30815917,149.0964686,146,82
386,13.30815917,149.0964686,155,82
386,13.30815917,149.0964686,154,82
751,13.30936354,155.6283186,146,87
37,13.31589369,149.6513761,151,81
37,13.31589369,149.6513761,158,83
37,13.31589369,149.6513761,160,83
37,13.31589369,149.6513761,161,82
37,13.31589369,149.6513761,156,82
37,13.31589369,149.6513761,160,83
37,13.31589369,149.6513761,162,83
37,13.31589369,149.6513761,154,83
37,13.31589369,149.6513761,157,82
60,13.32267493,148.1702606,140,85
60,13.32267493,148.1702606,137,83
60,13.32267493,148.1702606,149,82
60,13.32267493,148.1702606,156,83
277,13.32328427,144.3463801,148,82
277,13.32328427,144.3463801,142,85
277,13.32328427,144.3463801,145,85
277,13.32328427,144.3463801,148,84
523,13.32755587,155.1325681,160,83
523,13.32755587,155.1325681,166,86
34,13.32803571,136.75,152,83
195,13.32884815,165.9437593,190,86
195,13.32884815,165.9437593,180,84
515,13.3310711,154.3949359,142,86
332,13.34014941,150.7260222,154,82
332,13.34014941,150.7260222,155,83
332,13.34014941,150.7260222,153,84
332,13.34014941,150.7260222,155,83
332,13.34014941,150.7260222,157,83
787,13.34102241,155.0846012,165,85
787,13.34102241,155.0846012,173,86
787,13.34102241,155.0846012,153,83
787,13.34102241,155.0846012,158,86
787,13.34102241,155.0846012,170,90
361,13.34831961,146.2313897,148,80
361,13.34831961,146.2313897,144,81
361,13.34831961,146.2313897,144,81
361,13.34831961,146.2313897,140,81
361,13.34831961,146.2313897,138,80
361,13.34831961,146.2313897,148,81
361,13.34831961,146.2313897,137,82
361,13.34831961,146.2313897,146,81
361,13.34831961,146.2313897,140,81
361,13.34831961,146.2313897,154,83
361,13.34831961,146.2313897,188,99
809,13.34909922,149.6405615,159,87
809,13.34909922,149.6405615,147,86
809,13.34909922,149.6405615,102,0
809,13.34909922,149.6405615,152,83
451,13.35084978,145.9603524,149,86
539,13.35438921,155.9655431,167,84
539,13.35438921,155.9655431,134,86
539,13.35438921,155.9655431,148,85
243,13.3635759,151.7248996,171,86
243,13.3635759,151.7248996,167,83
243,13.3635759,151.7248996,159,84
243,13.3635759,151.7248996,163,84
243,13.3635759,151.7248996,150,88
243,13.3635759,151.7248996,161,83
243,13.3635759,151.7248996,155,83
243,13.3635759,151.7248996,155,84
243,13.3635759,151.7248996,132,84
243,13.3635759,151.7248996,152,83
243,13.3635759,151.7248996,159,83
243,13.3635759,151.7248996,156,84
243,13.3635759,151.7248996,165,84
243,13.3635759,151.7248996,160,86
243,13.3635759,151.7248996,155,85
243,13.3635759,151.7248996,157,85
243,13.3635759,151.7248996,150,86
813,13.36424528,150.6745016,167,83
813,13.36424528,150.6745016,146,83
813,13.36424528,150.6745016,167,87
818,13.36745088,153.4772048,170,90
73,13.38063026,159.5405702,167,82
73,13.38063026,159.5405702,162,84
384,13.3879213,141.9528411,158,81
384,13.3879213,141.9528411,137,80
384,13.3879213,141.9528411,146,81
384,13.3879213,141.9528411,143,81
384,13.3879213,141.9528411,142,82
170,13.38827977,157.6615484,156,84
287,13.38914316,142.0402145,155,79
287,13.38914316,142.0402145,148,80
287,13.38914316,142.0402145,148,86
287,13.38914316,142.0402145,150,82
287,13.38914316,142.0402145,152,84
287,13.38914316,142.0402145,142,82
429,13.40825331,141.8463995,161,82
429,13.40825331,141.8463995,146,83
429,13.40825331,141.8463995,133,81
429,13.40825331,141.8463995,133,82
429,13.40825331,141.8463995,141,83
429,13.40825331,141.8463995,146,84
475,13.4123738,137.0305677,149,89
475,13.4123738,137.0305677,148,91
475,13.4123738,137.0305677,159,90
553,13.41921724,144.797976,143,84
292,13.42369343,145.2756233,140,82
292,13.42369343,145.2756233,139,79
292,13.42369343,145.2756233,148,80
292,13.42369343,145.2756233,151,83
292,13.42369343,145.2756233,143,81
292,13.42369343,145.2756233,154,83
292,13.42369343,145.2756233,145,83
172,13.4239973,155.8322034,156,84
172,13.4239973,155.8322034,169,84
172,13.4239973,155.8322034,157,80
172,13.4239973,155.8322034,166,81
172,13.4239973,155.8322034,169,101
172,13.4239973,155.8322034,153,81
172,13.4239973,155.8322034,158,81
3,13.42871132,156.4921384,138,83
3,13.42871132,156.4921384,154,82
3,13.42871132,156.4921384,165,82
3,13.42871132,156.4921384,177,84
3,13.42871132,156.4921384,177,85
3,13.42871132,156.4921384,149,82
3,13.42871132,156.4921384,154,82
3,13.42871132,156.4921384,155,84
124,13.43178576,157.015691,156,82
124,13.43178576,157.015691,146,82
124,13.43178576,157.015691,164,80
124,13.43178576,157.015691,165,82
124,13.43178576,157.015691,152,84
124,13.43178576,157.015691,151,84
298,13.43258746,147.4982771,148,82
298,13.43258746,147.4982771,157,80
298,13.43258746,147.4982771,154,82
298,13.43258746,147.4982771,155,82
298,13.43258746,147.4982771,145,83
368,13.43589533,143.8108242,135,82
368,13.43589533,143.8108242,150,83
368,13.43589533,143.8108242,146,84
368,13.43589533,143.8108242,149,82
368,13.43589533,143.8108242,152,85
368,13.43589533,143.8108242,155,83
347,13.43652831,149.8834356,153,78
347,13.43652831,149.8834356,137,79
347,13.43652831,149.8834356,133,80
347,13.43652831,149.8834356,155,85
347,13.43652831,149.8834356,77,0
347,13.43652831,149.8834356,169,86
347,13.43652831,149.8834356,147,83
347,13.43652831,149.8834356,149,81
347,13.43652831,149.8834356,128,83
347,13.43652831,149.8834356,158,80
347,13.43652831,149.8834356,152,81
228,13.43828248,160.7869885,167,84
228,13.43828248,160.7869885,158,85
7,13.4471183,144.5255319,152,83
834,13.45272909,157.2769508,164,83
834,13.45272909,157.2769508,161,83
834,13.45272909,157.2769508,156,83
148,13.4606015,149.2040956,111,81
148,13.4606015,149.2040956,139,81
148,13.4606015,149.2040956,145,82
148,13.4606015,149.2040956,165,81
148,13.4606015,149.2040956,148,79
47,13.46869884,160.3270349,167,81
47,13.46869884,160.3270349,153,81
47,13.46869884,160.3270349,160,83
406,13.47094744,151.2854197,160,81
406,13.47094744,151.2854197,155,80
406,13.47094744,151.2854197,154,81
406,13.47094744,151.2854197,153,83
406,13.47094744,151.2854197,149,83
512,13.47361048,156.1885914,159,84
512,13.47361048,156.1885914,160,84
512,13.47361048,156.1885914,162,86
175,13.49623862,148.86,129,80
175,13.49623862,148.86,145,82
175,13.49623862,148.86,141,82
175,13.49623862,148.86,142,80
175,13.49623862,148.86,160,80
175,13.49623862,148.86,166,92
167,13.51426506,158.0290598,162,80
167,13.51426506,158.0290598,159,81
167,13.51426506,158.0290598,159,81
167,13.51426506,158.0290598,153,83
167,13.51426506,158.0290598,148,82
167,13.51426506,158.0290598,154,83
167,13.51426506,158.0290598,161,81
167,13.51426506,158.0290598,158,82
167,13.51426506,158.0290598,158,84
167,13.51426506,158.0290598,167,85
167,13.51426506,158.0290598,165,83
167,13.51426506,158.0290598,172,85
341,13.51946608,150.940133,167,81
341,13.51946608,150.940133,165,81
341,13.51946608,150.940133,155,82
341,13.51946608,150.940133,132,93
341,13.51946608,150.940133,149,81
58,13.5253513,152.8408987,157,88
58,13.5253513,152.8408987,162,82
58,13.5253513,152.8408987,156,83
58,13.5253513,152.8408987,146,81
58,13.5253513,152.8408987,161,85
58,13.5253513,152.8408987,166,84
58,13.5253513,152.8408987,164,81
58,13.5253513,152.8408987,134,82
58,13.5253513,152.8408987,134,81
113,13.52878816,163.0726073,160,80
563,13.5358046,152.8030903,154,82
563,13.5358046,152.8030903,157,82
563,13.5358046,152.8030903,155,82
563,13.5358046,152.8030903,145,81
563,13.5358046,152.8030903,150,81
563,13.5358046,152.8030903,150,83
563,13.5358046,152.8030903,160,82
563,13.5358046,152.8030903,154,84
563,13.5358046,152.8030903,155,83
563,13.5358046,152.8030903,153,83
168,13.54063317,151.2732278,155,83
168,13.54063317,151.2732278,160,81
168,13.54063317,151.2732278,157,81
168,13.54063317,151.2732278,156,82
168,13.54063317,151.2732278,155,81
168,13.54063317,151.2732278,153,81
168,13.54063317,151.2732278,148,83
202,13.54352775,158.759415,168,85
340,13.55095486,151.2438725,163,83
340,13.55095486,151.2438725,161,81
340,13.55095486,151.2438725,150,82
340,13.55095486,151.2438725,155,85
340,13.55095486,151.2438725,159,83
340,13.55095486,151.2438725,162,84
1,13.56301134,145.8283465,132,76
1,13.56301134,145.8283465,156,81
231,13.56997287,152.8774617,151,82
231,13.56997287,152.8774617,160,83
231,13.56997287,152.8774617,136,86
579,13.58003819,152.9274599,173,83
579,13.58003819,152.9274599,141,83
579,13.58003819,152.9274599,148,82
579,13.58003819,152.9274599,153,83
579,13.58003819,152.9274599,156,85
579,13.58003819,152.9274599,155,83
579,13.58003819,152.9274599,149,83
579,13.58003819,152.9274599,144,84
579,13.58003819,152.9274599,153,84
579,13.58003819,152.9274599,147,84
579,13.58003819,152.9274599,154,88
579,13.58003819,152.9274599,143,83
579,13.58003819,152.9274599,158,83
579,13.58003819,152.9274599,154,83
579,13.58003819,152.9274599,156,84
579,13.58003819,152.9274599,159,83
579,13.58003819,152.9274599,169,85
579,13.58003819,152.9274599,170,84
579,13.58003819,152.9274599,171,87
282,13.58297239,146.4289793,153,83
282,13.58297239,146.4289793,149,81
282,13.58297239,146.4289793,145,80
282,13.58297239,146.4289793,156,83
282,13.58297239,146.4289793,151,84
282,13.58297239,146.4289793,146,84
217,13.59846407,152.3493906,166,83
217,13.59846407,152.3493906,160,83
217,13.59846407,152.3493906,152,83
217,13.59846407,152.3493906,137,83
442,13.60284254,153.0657954,156,87
442,13.60284254,153.0657954,153,84
442,13.60284254,153.0657954,156,84
442,13.60284254,153.0657954,150,83
196,13.62862829,170.1917695,149,81
196,13.62862829,170.1917695,164,83
196,13.62862829,170.1917695,177,83
117,13.62924117,160.077783,160,83
117,13.62924117,160.077783,150,83
119,13.63178779,162.357193,165,84
119,13.63178779,162.357193,153,82
119,13.63178779,162.357193,172,82
119,13.63178779,162.357193,171,82
552,13.63645817,154.0830013,133,88
187,13.63758256,162.845843,168,81
187,13.63758256,162.845843,166,81
187,13.63758256,162.845843,169,84
187,13.63758256,162.845843,170,83
86,13.65217854,156.4048641,165,81
86,13.65217854,156.4048641,158,81
86,13.65217854,156.4048641,154,84
86,13.65217854,156.4048641,153,83
86,13.65217854,156.4048641,123,81
86,13.65217854,156.4048641,153,84
810,13.65389664,156.884677,161,84
810,13.65389664,156.884677,169,84
810,13.65389664,156.884677,177,87
810,13.65389664,156.884677,146,83
660,13.65589691,151.977494,162,83
660,13.65589691,151.977494,133,84
660,13.65589691,151.977494,144,84
660,13.65589691,151.977494,140,84
660,13.65589691,151.977494,155,85
660,13.65589691,151.977494,165,83
660,13.65589691,151.977494,168,85
660,13.65589691,151.977494,163,88
391,13.66343523,151.6929873,135,82
391,13.66343523,151.6929873,143,81
391,13.66343523,151.6929873,139,79
391,13.66343523,151.6929873,172,82
391,13.66343523,151.6929873,154,83
391,13.66343523,151.6929873,149,83
391,13.66343523,151.6929873,163,83
383,13.67306975,145.4414081,133,82
383,13.67306975,145.4414081,150,81
383,13.67306975,145.4414081,152,83
383,13.67306975,145.4414081,153,82
481,13.67780343,155.4838391,153,85
481,13.67780343,155.4838391,165,83
481,13.67780343,155.4838391,157,83
481,13.67780343,155.4838391,172,83
481,13.67780343,155.4838391,139,83
481,13.67780343,155.4838391,144,85
481,13.67780343,155.4838391,141,85
59,13.67797395,155.5665116,159,82
59,13.67797395,155.5665116,163,81
410,13.67847089,146.1625045,156,81
410,13.67847089,146.1625045,148,80
410,13.67847089,146.1625045,148,82
410,13.67847089,146.1625045,145,83
410,13.67847089,146.1625045,171,92
316,13.69386767,138.1152882,155,85
316,13.69386767,138.1152882,162,88
316,13.69386767,138.1152882,142,96
316,13.69386767,138.1152882,156,101
316,13.69386767,138.1152882,126,88
316,13.69386767,138.1152882,135,86
316,13.69386767,138.1152882,157,95
165,13.69418213,147.4274648,118,80
165,13.69418213,147.4274648,122,80
165,13.69418213,147.4274648,139,85
165,13.69418213,147.4274648,155,83
165,13.69418213,147.4274648,163,82
165,13.69418213,147.4274648,165,87
788,13.69744417,154.0656852,150,87
788,13.69744417,154.0656852,170,87
401,13.70208161,145.7766583,160,83
401,13.70208161,145.7766583,149,83
401,13.70208161,145.7766583,162,86
401,13.70208161,145.7766583,156,85
268,13.720212,164.63,76,0
268,13.720212,164.63,169,86
268,13.720212,164.63,169,84
466,13.72228109,151.4891097,160,82
466,13.72228109,151.4891097,182,96
466,13.72228109,151.4891097,137,82
466,13.72228109,151.4891097,131,82
466,13.72228109,151.4891097,135,83
466,13.72228109,151.4891097,161,83
620,13.72806381,163.6454821,165,80
620,13.72806381,163.6454821,175,82
620,13.72806381,163.6454821,163,83
620,13.72806381,163.6454821,168,83
620,13.72806381,163.6454821,171,82
620,13.72806381,163.6454821,177,83
519,13.7678539,159.3945139,138,83
519,13.7678539,159.3945139,145,83
519,13.7678539,159.3945139,131,0
496,13.77065774,155.1664342,163,82
496,13.77065774,155.1664342,167,84
177,13.77307776,159.6361474,140,81
177,13.77307776,159.6361474,148,83
52,13.79562041,152.2789116,166,83
52,13.79562041,152.2789116,146,80
46,13.79728085,158.5007886,173,87
46,13.79728085,158.5007886,150,77
46,13.79728085,158.5007886,155,82
46,13.79728085,158.5007886,167,82
46,13.79728085,158.5007886,158,85
423,13.79761345,155.4582043,156,82
423,13.79761345,155.4582043,160,83
36,13.80828675,149.4401089,143,0
36,13.80828675,149.4401089,132,0
333,13.80920219,151.2302826,168,82
333,13.80920219,151.2302826,155,82
333,13.80920219,151.2302826,152,81
333,13.80920219,151.2302826,123,84
333,13.80920219,151.2302826,138,83
333,13.80920219,151.2302826,158,83
333,13.80920219,151.2302826,168,105
333,13.80920219,151.2302826,153,83
69,13.82466316,162.8087406,162,81
69,13.82466316,162.8087406,170,85
96,13.8260468,163.5007496,162,83
96,13.8260468,163.5007496,174,82
96,13.8260468,163.5007496,163,83
96,13.8260468,163.5007496,166,80
96,13.8260468,163.5007496,151,0
96,13.8260468,163.5007496,153,81
96,13.8260468,163.5007496,161,83
96,13.8260468,163.5007496,160,81
533,13.82946587,158.5878824,169,84
533,13.82946587,158.5878824,141,82
533,13.82946587,158.5878824,132,0
533,13.82946587,158.5878824,145,86
94,13.83798155,158.6023529,156,82
94,13.83798155,158.6023529,162,84
94,13.83798155,158.6023529,164,84
38,13.85663536,156.6927587,155,81
38,13.85663536,156.6927587,159,83
130,13.86289081,162.3972795,168,83
130,13.86289081,162.3972795,178,84
189,13.87056112,156.69383,159,83
189,13.87056112,156.69383,169,84
84,13.88771499,154.0247295,150,84
84,13.88771499,154.0247295,146,83
84,13.88771499,154.0247295,150,89
84,13.88771499,154.0247295,155,90
541,13.8883259,153.117617,166,83
541,13.8883259,153.117617,157,87
541,13.8883259,153.117617,161,88
314,13.88890948,153.1717352,152,81
238,13.88891943,152.7323232,155,84
238,13.88891943,152.7323232,157,87
238,13.88891943,152.7323232,165,86
238,13.88891943,152.7323232,157,77
238,13.88891943,152.7323232,161,83
238,13.88891943,152.7323232,154,88
238,13.88891943,152.7323232,160,83
238,13.88891943,152.7323232,122,88
238,13.88891943,152.7323232,159,89
236,13.91136136,151.2514286,167,84
236,13.91136136,151.2514286,166,83
236,13.91136136,151.2514286,158,83
236,13.91136136,151.2514286,159,83
236,13.91136136,151.2514286,154,85
236,13.91136136,151.2514286,151,85
236,13.91136136,151.2514286,156,84
236,13.91136136,151.2514286,160,86
236,13.91136136,151.2514286,163,87
236,13.91136136,151.2514286,156,84
236,13.91136136,151.2514286,142,85
236,13.91136136,151.2514286,150,83
236,13.91136136,151.2514286,164,85
534,13.91233314,154.9665657,160,85
534,13.91233314,154.9665657,118,92
534,13.91233314,154.9665657,148,86
534,13.91233314,154.9665657,146,83
143,13.9156329,160.6253937,164,81
143,13.9156329,160.6253937,163,83
143,13.9156329,160.6253937,163,84
176,13.94726882,159.739546,170,83
390,13.96439891,145.4269289,137,81
390,13.96439891,145.4269289,151,81
390,13.96439891,145.4269289,151,83
390,13.96439891,145.4269289,157,83
132,13.98886327,166.9725946,161,83
132,13.98886327,166.9725946,176,84
132,13.98886327,166.9725946,161,83
132,13.98886327,166.9725946,172,85
144,13.99220513,154.9451567,152,82
144,13.99220513,154.9451567,153,81
144,13.99220513,154.9451567,149,80
144,13.99220513,154.9451567,151,81
144,13.99220513,154.9451567,173,85
144,13.99220513,154.9451567,170,87
137,13.99224219,165.3229833,167,80
137,13.99224219,165.3229833,176,82
137,13.99224219,165.3229833,173,81
137,13.99224219,165.3229833,180,83
121,13.99733103,163.4134955,159,80
121,13.99733103,163.4134955,148,81
121,13.99733103,163.4134955,173,84
121,13.99733103,163.4134955,178,84
328,14.00807055,155.2241379,159,83
328,14.00807055,155.2241379,164,80
328,14.00807055,155.2241379,183,95
328,14.00807055,155.2241379,141,80
328,14.00807055,155.2241379,127,83
328,14.00807055,155.2241379,136,82
328,14.00807055,155.2241379,145,82
328,14.00807055,155.2241379,150,82
328,14.00807055,155.2241379,145,81
328,14.00807055,155.2241379,141,82
178,14.00897399,158.8602251,160,81
178,14.00897399,158.8602251,183,93
178,14.00897399,158.8602251,157,81
178,14.00897399,158.8602251,156,84
8,14.02158129,152.7655875,158,83
28,14.02277972,152.5938117,150,83
28,14.02277972,152.5938117,155,81
28,14.02277972,152.5938117,159,42
28,14.02277972,152.5938117,144,83
311,14.03154013,153.5604808,174,86
311,14.03154013,153.5604808,158,84
311,14.03154013,153.5604808,160,84
311,14.03154013,153.5604808,161,82
311,14.03154013,153.5604808,162,84
245,14.04126525,167.9338061,166,83
245,14.04126525,167.9338061,169,90
245,14.04126525,167.9338061,165,83
102,14.04196424,157.531537,165,82
102,14.04196424,157.531537,168,84
102,14.04196424,157.531537,155,83
126,14.06810511,164.1869424,150,82
126,14.06810511,164.1869424,158,81
126,14.06810511,164.1869424,172,77
126,14.06810511,164.1869424,164,82
126,14.06810511,164.1869424,175,81
246,14.08207326,158.7899878,163,82
246,14.08207326,158.7899878,162,81
246,14.08207326,158.7899878,166,82
246,14.08207326,158.7899878,163,88
246,14.08207326,158.7899878,161,84
225,14.08235784,158.6851595,169,86
225,14.08235784,158.6851595,152,83
225,14.08235784,158.6851595,168,87
225,14.08235784,158.6851595,161,88
438,14.10274412,142.9070175,131,83
438,14.10274412,142.9070175,152,90
438,14.10274412,142.9070175,167,93
438,14.10274412,142.9070175,172,93
438,14.10274412,142.9070175,169,92
438,14.10274412,142.9070175,164,88
438,14.10274412,142.9070175,166,87
438,14.10274412,142.9070175,169,92
438,14.10274412,142.9070175,170,86
438,14.10274412,142.9070175,166,89
438,14.10274412,142.9070175,168,87
438,14.10274412,142.9070175,166,86
438,14.10274412,142.9070175,166,87
438,14.10274412,142.9070175,168,86
438,14.10274412,142.9070175,169,90
438,14.10274412,142.9070175,167,86
438,14.10274412,142.9070175,164,85
438,14.10274412,142.9070175,167,88
438,14.10274412,142.9070175,169,90
438,14.10274412,142.9070175,171,86
438,14.10274412,142.9070175,168,87
438,14.10274412,142.9070175,166,87
438,14.10274412,142.9070175,168,88
438,14.10274412,142.9070175,164,89
438,14.10274412,142.9070175,167,86
438,14.10274412,142.9070175,166,89
438,14.10274412,142.9070175,127,83
438,14.10274412,142.9070175,108,83
438,14.10274412,142.9070175,133,83
669,14.12445141,154.3420411,135,82
669,14.12445141,154.3420411,165,90
669,14.12445141,154.3420411,168,86
669,14.12445141,154.3420411,170,93
669,14.12445141,154.3420411,167,87
669,14.12445141,154.3420411,170,85
669,14.12445141,154.3420411,169,94
669,14.12445141,154.3420411,171,86
669,14.12445141,154.3420411,170,85
669,14.12445141,154.3420411,171,91
669,14.12445141,154.3420411,172,85
669,14.12445141,154.3420411,176,87
669,14.12445141,154.3420411,171,97
669,14.12445141,154.3420411,170,87
669,14.12445141,154.3420411,160,90
152,14.13959281,158.2961918,162,83
152,14.13959281,158.2961918,154,81
152,14.13959281,158.2961918,153,81
152,14.13959281,158.2961918,153,83
152,14.13959281,158.2961918,173,85
152,14.13959281,158.2961918,154,83
222,14.17875104,157.3443609,162,83
222,14.17875104,157.3443609,170,82
222,14.17875104,157.3443609,164,85
364,14.18609612,140.9175695,154,80
364,14.18609612,140.9175695,137,82
364,14.18609612,140.9175695,99,59
364,14.18609612,140.9175695,148,92
364,14.18609612,140.9175695,176,93
364,14.18609612,140.9175695,148,83
190,14.18910535,165.1070597,168,80
190,14.18910535,165.1070597,180,84
26,14.19130155,160.8444993,158,82
26,14.19130155,160.8444993,152,83
26,14.19130155,160.8444993,155,82
385,14.19464921,148.2893543,136,80
385,14.19464921,148.2893543,172,88
265,14.19612598,149.8431973,162,83
265,14.19612598,149.8431973,150,82
265,14.19612598,149.8431973,151,81
265,14.19612598,149.8431973,154,84
265,14.19612598,149.8431973,152,83
265,14.19612598,149.8431973,147,85
265,14.19612598,149.8431973,153,85
402,14.19662086,150.1008111,147,82
402,14.19662086,150.1008111,166,83
402,14.19662086,150.1008111,171,88
110,14.20249176,156.9107143,164,83
110,14.20249176,156.9107143,158,81
110,14.20249176,156.9107143,153,81
110,14.20249176,156.9107143,159,84
110,14.20249176,156.9107143,156,82
110,14.20249176,156.9107143,180,82
110,14.20249176,156.9107143,169,83
110,14.20249176,156.9107143,156,82
110,14.20249176,156.9107143,160,81
120,14.20895548,160.6370848,152,84
120,14.20895548,160.6370848,159,80
120,14.20895548,160.6370848,162,82
120,14.20895548,160.6370848,161,81
120,14.20895548,160.6370848,178,87
120,14.20895548,160.6370848,178,91
120,14.20895548,160.6370848,155,82
226,14.21131176,158.4130627,168,83
226,14.21131176,158.4130627,168,84
226,14.21131176,158.4130627,162,83
226,14.21131176,158.4130627,148,86
226,14.21131176,158.4130627,155,83
226,14.21131176,158.4130627,167,83
39,14.22195361,153.7267809,148,80
39,14.22195361,153.7267809,172,87
39,14.22195361,153.7267809,146,83
39,14.22195361,153.7267809,154,81
39,14.22195361,153.7267809,148,83
39,14.22195361,153.7267809,151,82
39,14.22195361,153.7267809,153,82
266,14.23370626,155.1522601,156,81
266,14.23370626,155.1522601,170,87
185,14.23734068,164.4760746,167,80
185,14.23734068,164.4760746,174,86
104,14.23986637,161.4797868,163,84
104,14.23986637,161.4797868,166,84
827,14.24686102,162.0182228,170,92
214,14.27044563,157.4463547,164,83
214,14.27044563,157.4463547,159,83
214,14.27044563,157.4463547,165,83
214,14.27044563,157.4463547,155,82
214,14.27044563,157.4463547,168,81
214,14.27044563,157.4463547,156,83
214,14.27044563,157.4463547,164,84
274,14.27637799,156.8457986,153,84
274,14.27637799,156.8457986,161,86
274,14.27637799,156.8457986,164,87
335,14.27815741,157.7813394,161,80
335,14.27815741,157.7813394,141,80
335,14.27815741,157.7813394,140,84
335,14.27815741,157.7813394,151,82
156,14.28048646,151.4870993,162,80
156,14.28048646,151.4870993,162,82
156,14.28048646,151.4870993,168,84
156,14.28048646,151.4870993,156,79
156,14.28048646,151.4870993,160,78
156,14.28048646,151.4870993,158,80
156,14.28048646,151.4870993,145,81
156,14.28048646,151.4870993,158,82
156,14.28048646,151.4870993,139,80
156,14.28048646,151.4870993,124,81
156,14.28048646,151.4870993,163,90
74,14.2933593,159.8856224,164,83
74,14.2933593,159.8856224,142,82
74,14.2933593,159.8856224,149,83
74,14.2933593,159.8856224,167,83
127,14.31782449,160.5408163,159,82
127,14.31782449,160.5408163,154,82
127,14.31782449,160.5408163,175,85
33,14.32524459,171.3216561,177,88
149,14.32630629,161.6591745,162,82
149,14.32630629,161.6591745,162,82
149,14.32630629,161.6591745,163,86
149,14.32630629,161.6591745,170,86
677,14.35365755,160.3102482,170,84
677,14.35365755,160.3102482,164,84
80,14.36619934,162.7320246,158,82
80,14.36619934,162.7320246,155,83
141,14.40799349,160.4556213,158,81
141,14.40799349,160.4556213,151,79
141,14.40799349,160.4556213,161,81
141,14.40799349,160.4556213,168,82
141,14.40799349,160.4556213,170,84
345,14.4173138,157.6390469,156,81
345,14.4173138,157.6390469,156,81
345,14.4173138,157.6390469,166,83
345,14.4173138,157.6390469,177,87
23,14.41774788,153.0618893,141,81
23,14.41774788,153.0618893,160,80
23,14.41774788,153.0618893,157,82
23,14.41774788,153.0618893,155,80
23,14.41774788,153.0618893,159,81
23,14.41774788,153.0618893,160,82
44,14.42921688,156.3614953,150,83
44,14.42921688,156.3614953,158,81
44,14.42921688,156.3614953,153,80
44,14.42921688,156.3614953,172,87
44,14.42921688,156.3614953,140,81
44,14.42921688,156.3614953,152,81
55,14.47314479,159.77159,146,85
55,14.47314479,159.77159,165,83
270,14.48968734,167.7809446,165,84
270,14.48968734,167.7809446,174,88
280,14.49542986,152.5008741,151,84
280,14.49542986,152.5008741,152,85
280,14.49542986,152.5008741,152,84
280,14.49542986,152.5008741,143,86
280,14.49542986,152.5008741,162,89
155,14.49656564,158.3825257,160,84
155,14.49656564,158.3825257,160,81
155,14.49656564,158.3825257,163,83
155,14.49656564,158.3825257,149,80
155,14.49656564,158.3825257,161,81
155,14.49656564,158.3825257,163,86
145,14.4985903,149.2709114,157,82
145,14.4985903,149.2709114,158,81
145,14.4985903,149.2709114,167,87
145,14.4985903,149.2709114,149,83
145,14.4985903,149.2709114,153,81
145,14.4985903,149.2709114,174,90
145,14.4985903,149.2709114,141,80
145,14.4985903,149.2709114,143,82
145,14.4985903,149.2709114,168,93
145,14.4985903,149.2709114,143,82
145,14.4985903,149.2709114,150,84
356,14.5269583,149.4066038,157,80
356,14.5269583,149.4066038,137,81
356,14.5269583,149.4066038,110,59
356,14.5269583,149.4066038,108,91
356,14.5269583,149.4066038,140,91
356,14.5269583,149.4066038,145,0
356,14.5269583,149.4066038,114,83
234,14.5399255,158.9641834,163,84
234,14.5399255,158.9641834,172,84
234,14.5399255,158.9641834,175,86
164,14.59060607,163.1516252,166,83
164,14.59060607,163.1516252,167,83
164,14.59060607,163.1516252,170,83
164,14.59060607,163.1516252,166,83
164,14.59060607,163.1516252,173,85
163,14.59632149,161.2394708,160,82
163,14.59632149,161.2394708,148,79
163,14.59632149,161.2394708,154,80
163,14.59632149,161.2394708,152,80
163,14.59632149,161.2394708,144,79
163,14.59632149,161.2394708,159,83
163,14.59632149,161.2394708,169,82
163,14.59632149,161.2394708,172,83
163,14.59632149,161.2394708,149,84
163,14.59632149,161.2394708,167,84
163,14.59632149,161.2394708,167,84
382,14.59635934,151.6675138,156,83
382,14.59635934,151.6675138,162,83
382,14.59635934,151.6675138,155,81
382,14.59635934,151.6675138,153,83
382,14.59635934,151.6675138,153,83
203,14.60824272,159.1853699,164,83
203,14.60824272,159.1853699,155,82
203,14.60824272,159.1853699,163,82
203,14.60824272,159.1853699,159,84
147,14.63450568,168.9962121,161,83
147,14.63450568,168.9962121,176,83
147,14.63450568,168.9962121,176,81
147,14.63450568,168.9962121,184,85
354,14.66009376,155.9744501,162,83
354,14.66009376,155.9744501,153,83
354,14.66009376,155.9744501,157,83
354,14.66009376,155.9744501,155,83
354,14.66009376,155.9744501,155,82
354,14.66009376,155.9744501,138,84
354,14.66009376,155.9744501,160,83
354,14.66009376,155.9744501,161,82
354,14.66009376,155.9744501,163,83
354,14.66009376,155.9744501,163,83
354,14.66009376,155.9744501,168,84
397,14.69701058,149.9138269,152,83
397,14.69701058,149.9138269,164,82
397,14.69701058,149.9138269,170,85
396,14.70209877,142.1334702,139,79
396,14.70209877,142.1334702,163,92
396,14.70209877,142.1334702,166,87
396,14.70209877,142.1334702,167,85
396,14.70209877,142.1334702,146,79
396,14.70209877,142.1334702,165,86
396,14.70209877,142.1334702,167,86
396,14.70209877,142.1334702,167,87
396,14.70209877,142.1334702,148,79
396,14.70209877,142.1334702,168,90
396,14.70209877,142.1334702,169,86
396,14.70209877,142.1334702,167,86
396,14.70209877,142.1334702,140,80
396,14.70209877,142.1334702,166,102
396,14.70209877,142.1334702,139,82
396,14.70209877,142.1334702,144,83
22,14.71919353,159.7882987,150,81
22,14.71919353,159.7882987,166,83
22,14.71919353,159.7882987,170,84
22,14.71919353,159.7882987,95,0
22,14.71919353,159.7882987,147,83
22,14.71919353,159.7882987,148,81
6,14.83615977,144.8876781,150,84
6,14.83615977,144.8876781,153,83
6,14.83615977,144.8876781,129,79
6,14.83615977,144.8876781,167,87
6,14.83615977,144.8876781,165,86
6,14.83615977,144.8876781,173,84
6,14.83615977,144.8876781,166,92
6,14.83615977,144.8876781,157,0
6,14.83615977,144.8876781,166,86
6,14.83615977,144.8876781,86,0
6,14.83615977,144.8876781,141,83
269,14.85961451,164.5434657,177,87
182,14.88449752,165.8900826,171,82
182,14.88449752,165.8900826,176,83
216,14.91045945,165.2325777,161,88
216,14.91045945,165.2325777,188,84
216,14.91045945,165.2325777,173,81
216,14.91045945,165.2325777,194,84
216,14.91045945,165.2325777,164,83
216,14.91045945,165.2325777,169,85
173,14.91091343,163.5308057,163,80
173,14.91091343,163.5308057,173,83
173,14.91091343,163.5308057,166,86
497,14.98121181,162.7599289,150,78
497,14.98121181,162.7599289,151,84
497,14.98121181,162.7599289,111,86
497,14.98121181,162.7599289,165,83
497,14.98121181,162.7599289,159,85
497,14.98121181,162.7599289,166,84
497,14.98121181,162.7599289,153,82
497,14.98121181,162.7599289,172,85
61,15.05960823,165.848329,166,84
61,15.05960823,165.848329,168,81
61,15.05960823,165.848329,170,84
188,15.06375379,159.9779099,158,81
188,15.06375379,159.9779099,160,81
188,15.06375379,159.9779099,160,81
188,15.06375379,159.9779099,164,83
259,15.08849447,162.4146341,166,83
259,15.08849447,162.4146341,87,0
259,15.08849447,162.4146341,174,87
259,15.08849447,162.4146341,174,87
259,15.08849447,162.4146341,147,85
259,15.08849447,162.4146341,153,85
114,15.09870358,167.6388416,184,85
186,15.15766497,159.4518037,159,82
186,15.15766497,159.4518037,171,86
186,15.15766497,159.4518037,173,88
186,15.15766497,159.4518037,176,88
186,15.15766497,159.4518037,170,90
186,15.15766497,159.4518037,172,84
186,15.15766497,159.4518037,174,87
186,15.15766497,159.4518037,173,86
186,15.15766497,159.4518037,178,92
186,15.15766497,159.4518037,160,80
186,15.15766497,159.4518037,158,80
186,15.15766497,159.4518037,157,83
186,15.15766497,159.4518037,163,83
505,15.18683855,166.8438307,173,100
138,15.20062974,156.9331976,159,82
138,15.20062974,156.9331976,171,87
138,15.20062974,156.9331976,175,86
138,15.20062974,156.9331976,170,85
138,15.20062974,156.9331976,175,86
138,15.20062974,156.9331976,173,83
138,15.20062974,156.9331976,174,85
138,15.20062974,156.9331976,178,94
138,15.20062974,156.9331976,160,80
138,15.20062974,156.9331976,160,81
138,15.20062974,156.9331976,149,82
516,15.22236175,163.1876241,171,89
240,15.26205563,163.9232082,140,99
240,15.26205563,163.9232082,175,83
240,15.26205563,163.9232082,171,88
286,15.3856257,159.8837398,158,87
304,15.38680417,165.3728949,163,83
304,15.38680417,165.3728949,193,85
304,15.38680417,165.3728949,165,82
304,15.38680417,165.3728949,168,83
304,15.38680417,165.3728949,166,82
304,15.38680417,165.3728949,168,81
304,15.38680417,165.3728949,166,87
320,15.44344536,154.1055156,171,82
320,15.44344536,154.1055156,145,81
320,15.44344536,154.1055156,167,86
320,15.44344536,154.1055156,171,87
320,15.44344536,154.1055156,174,88
320,15.44344536,154.1055156,175,90
320,15.44344536,154.1055156,174,86
320,15.44344536,154.1055156,173,85
320,15.44344536,154.1055156,177,91
320,15.44344536,154.1055156,160,84
413,15.45156933,158.6134715,149,81
413,15.45156933,158.6134715,142,85
413,15.45156933,158.6134715,115,100
413,15.45156933,158.6134715,171,86
413,15.45156933,158.6134715,172,87
413,15.45156933,158.6134715,175,85
413,15.45156933,158.6134715,157,84
42,15.49029854,164.2277261,152,83
42,15.49029854,164.2277261,170,86
407,15.57675449,156.4071856,164,82
407,15.57675449,156.4071856,181,87
407,15.57675449,156.4071856,173,87
407,15.57675449,156.4071856,170,91
407,15.57675449,156.4071856,170,86
407,15.57675449,156.4071856,171,87
407,15.57675449,156.4071856,175,91
407,15.57675449,156.4071856,147,83
76,15.58146701,168.3818182,174,83
235,15.58666385,162.9964758,167,84
235,15.58666385,162.9964758,168,83
235,15.58666385,162.9964758,171,86
48,15.59392727,170.8383838,185,81
306,15.75150935,154.1877627,162,82
306,15.75150935,154.1877627,178,87
306,15.75150935,154.1877627,197,87
306,15.75150935,154.1877627,164,87
306,15.75150935,154.1877627,171,87
306,15.75150935,154.1877627,172,85
306,15.75150935,154.1877627,176,87
306,15.75150935,154.1877627,171,86
306,15.75150935,154.1877627,170,86
306,15.75150935,154.1877627,172,88
306,15.75150935,154.1877627,170,86
306,15.75150935,154.1877627,172,87
306,15.75150935,154.1877627,167,88
306,15.75150935,154.1877627,170,87
306,15.75150935,154.1877627,175,94
306,15.75150935,154.1877627,156,81
306,15.75150935,154.1877627,156,83
306,15.75150935,154.1877627,153,83
283,15.77736404,156.2475655,160,84
283,15.77736404,156.2475655,165,83
283,15.77736404,156.2475655,167,88
283,15.77736404,156.2475655,167,86
283,15.77736404,156.2475655,166,86
283,15.77736404,156.2475655,166,87
283,15.77736404,156.2475655,166,85
283,15.77736404,156.2475655,167,86
283,15.77736404,156.2475655,168,87
283,15.77736404,156.2475655,169,87
283,15.77736404,156.2475655,169,87
283,15.77736404,156.2475655,150,83
283,15.77736404,156.2475655,152,84
261,15.77974938,162.8026549,113,95
261,15.77974938,162.8026549,170,89
135,15.85348536,155.7290363,161,82
135,15.85348536,155.7290363,164,85
135,15.85348536,155.7290363,167,84
135,15.85348536,155.7290363,170,84
135,15.85348536,155.7290363,119,86
135,15.85348536,155.7290363,171,85
135,15.85348536,155.7290363,173,85
135,15.85348536,155.7290363,173,87
135,15.85348536,155.7290363,124,83
135,15.85348536,155.7290363,144,83
135,15.85348536,155.7290363,152,83
264,16.0655131,159.351341,171,83
264,16.0655131,159.351341,173,87
264,16.0655131,159.351341,163,85
264,16.0655131,159.351341,161,85
264,16.0655131,159.351341,156,0
264,16.0655131,159.351341,165,86
264,16.0655131,159.351341,166,85
264,16.0655131,159.351341,166,84
264,16.0655131,159.351341,166,86
264,16.0655131,159.351341,166,87
264,16.0655131,159.351341,166,87
264,16.0655131,159.351341,165,86
264,16.0655131,159.351341,167,86
264,16.0655131,159.351341,145,85
324,16.40391944,172.8857715,180,86
10,16.41009407,165.4359465,174,90
315,16.64080816,173.6533828,178,98
352,16.64861564,165.2861086,176,86
142,16.73681813,163.4546314,163,81
142,16.73681813,163.4546314,173,87
142,16.73681813,163.4546314,169,86
142,16.73681813,163.4546314,175,90
142,16.73681813,163.4546314,169,86
142,16.73681813,163.4546314,169,85
142,16.73681813,163.4546314,174,85
142,16.73681813,163.4546314,172,84
142,16.73681813,163.4546314,170,83
473,16.9158694,168.0774254,179,95
49,16.93899661,167.9284369,175,88
342,18.79346708,166.2539185,174,91
650,19.24000251,164.8840125,171,92
53,19.84047344,166.7409836,170,91
53,19.84047344,166.7409836,170,90
420,22.50862941,157.875,170,93
