event_id,altitude_change_past_300_seconds,altitude_change_past_600_seconds,heart_rate_stop,avg_hr,avg_speed
361,-50,-1,148,146.2313897,13.34831961
412,-50,-50,141,144.6958002,13.07706943
565,-50,-34.8,147,143.8994073,12.31715324
807,-49.8,-49.8,174,144.3365931,12.68920505
4,-49.4,-49.4,155,149.4106115,12.51918142
178,-49.2,-49.2,160,158.8602251,14.00897399
205,-49.2,-49.2,166,150.8678663,12.62670848
82,-49,-49,148,155.2078327,13.07001332
217,-49,-60.8,137,152.3493906,13.59846407
196,-48.8,-48.8,164,170.1917695,13.62862829
637,-48.2,-48.2,135,140.8169811,11.06175849
533,-47.6,-47.6,169,158.5878824,13.82946587
326,-47.4,34.8,161,152.5339151,12.86466709
42,-47.2,-47.2,152,164.2277261,15.49029854
211,-47,-21.4,164,152.9886493,13.09466901
763,-47,-47,155,141.7130435,11.87127384
639,-46.4,-46.4,168,141.5268435,11.34375738
718,-46.2,-44.4,170,159.2452147,12.76084159
196,-46,-46,149,170.1917695,13.62862829
719,-46,-53.4,155,155.1047516,12.92465054
493,-45.8,-45.8,164,145.5803903,11.84704294
166,-45.6,-45.6,159,150.4239421,13.23684865
471,-45.6,-45.6,169,149.5601323,12.30951238
526,-45.6,-45.6,174,163.1066176,11.4904006
402,-45.4,-14.2,147,150.1008111,14.19662086
424,-45.2,-45.2,135,133.2035637,11.91873469
628,-44.8,-44.8,166,134.6153846,10.99814806
719,-44.6,-58.6,171,155.1047516,12.92465054
239,-44.2,-44.2,144,143.7649805,13.2274198
432,-43.8,-43.8,168,136.4604701,12.3591359
361,-43.6,-6.6,140,146.2313897,13.34831961
835,-43.6,-29,139,154.8328321,12.8137994
718,-43,-35.2,162,159.2452147,12.76084159
259,-42.8,-42.8,166,162.4146341,15.08849447
584,-42.8,-11.2,145,135.7148453,11.9700973
6,-42.6,-42.6,150,144.8876781,14.83615977
425,-42.6,-42.6,139,126.7937086,11.74841523
478,-42.6,1.4,155,134.6162162,11.13113201
21,-42.4,-25,142,134.9046653,12.52254888
60,-42.4,-42.4,140,148.1702606,13.32267493
326,-42.4,34.8,162,152.5339151,12.86466709
136,-42.2,-42.2,140,136.8065476,11.92417143
332,-42.2,-20.2,154,150.7260222,13.34014941
570,-42,-15.2,134,136.3950348,11.05964758
440,-41.6,-41.6,166,140.0800395,11.93315336
719,-41.6,-9.4,159,155.1047516,12.92465054
507,-41.4,-41.4,170,153.3786107,12.69866466
801,-41.4,-41.2,170,151.4146341,12.43561383
163,-40.8,-38.6,154,161.2394708,14.59632149
4,-40.6,-58.8,156,149.4106115,12.51918142
66,-40.6,-6,154,151.6160584,13.02983737
457,-40.4,-40.4,170,137.3216208,11.62555442
492,-40.4,-49,158,151.0400209,12.85785341
597,-40.4,4.6,148,147.3165171,12.2914424
290,-40,-25,164,154.6904594,11.93482177
304,-40,5.4,166,165.3728949,15.38680417
636,-39.8,-39.8,140,137.8762353,11.6657568
256,-39,-39,166,140.150771,12.70206
568,-38.4,-4.2,153,136.1166961,11.33732169
480,-37.8,4.6,139,147.7496439,11.60891923
603,-37.8,-8.2,129,134.8995357,11.0924358
537,-37.4,-33.8,131,137.7089479,11.7396649
662,-37.4,-37.4,161,127.1428073,10.84690157
82,-37.2,-37.2,157,155.2078327,13.07001332
96,-37,-37,174,163.5007496,13.8260468
480,-37,-35.2,128,147.7496439,11.60891923
96,-36.6,-36.6,162,163.5007496,13.8260468
98,-36.4,39.8,148,156.0903294,12.75455133
229,-36.4,-43.6,152,154.4663986,13.24942056
94,-35.8,-35.8,156,158.6023529,13.83798155
545,-35.8,-35.8,174,152.0648814,13.16030658
570,-35.8,7,136,136.3950348,11.05964758
99,-35.2,-35.2,161,156.295082,13.13780462
576,-35.2,-35.2,177,147.4588071,11.56513179
478,-35,4.2,119,134.6162162,11.13113201
782,-35,-64.8,169,155.4073084,12.82674331
229,-34.6,-45,138,154.4663986,13.24942056
225,-34.4,-44,161,158.6851595,14.08235784
688,-34.4,-17.6,148,148.2147947,11.53261943
377,-34,-34,166,136.8225299,11.53318565
388,-34,-15,116,113.0173954,10.33265501
720,-34,-3.4,165,163.2158365,12.42664138
95,-33.8,3.6,168,157.7890625,12.71941108
350,-33.8,-33.8,137,134.3880699,12.08442408
88,-33.6,-26.4,168,168.2782324,12.32521571
161,-33.6,-1.4,165,164.6705927,12.94125435
658,-33.6,-27.6,153,140.3690023,11.58462727
719,-33.6,-41.6,175,155.1047516,12.92465054
256,-33.2,11,147,140.150771,12.70206
379,-33.2,-33.2,123,112.8872215,10.26521746
529,-33.2,-33.2,168,150.0365051,12.07114039
229,-33,-33,171,154.4663986,13.24942056
230,-33,-33,156,155.7287523,13.08640199
243,-33,-13.8,159,151.7248996,13.3635759
350,-33,-33,119,134.3880699,12.08442408
829,-33,-33,165,138.7577065,11.68778841
13,-32.8,-32.8,156,143.8639944,12.11354875
384,-32.8,-16.6,146,141.9528411,13.3879213
718,-32.8,-32.8,176,159.2452147,12.76084159
151,-32.6,-32.6,156,158.156172,12.77093859
615,-32.6,-24,150,141.8532533,11.53285722
102,-32.4,-32.4,165,157.531537,14.04196424
562,-32.4,-20.6,143,146.4650073,12.95960657
660,-32.4,-32.4,162,151.977494,13.65589691
355,-32.2,-12.6,151,135.5260516,12.38773078
516,-32.2,-43.6,171,163.1876241,15.22236175
569,-32.2,-31.8,131,133.8945445,11.25614471
655,-32.2,-23.8,133,137.9701428,11.2655031
454,-32,-32,169,144.9427046,11.92273943
686,-31.8,-31.8,171,143.1550305,12.26827182
334,-31.6,-21.8,146,144.7770545,12.89844293
708,-31.6,-21.4,143,138.7173469,11.70572557
285,-31.4,-31.4,185,139.1203501,12.60415667
168,-31.2,-31.2,160,151.2732278,13.54063317
248,-31.2,-1.8,137,145.9598863,13.12178698
376,-31.2,-18.4,160,129.845187,12.0217684
500,-31.2,-0.6,148,141.2747902,11.87614065
577,-31.2,-4.6,155,148.7532051,12.548362
598,-31.2,-31.2,171,154.2317808,11.91046388
769,-31.2,-31.2,135,130.3586767,11.30669739
131,-31,-31,150,153.9189679,13.15786673
363,-31,-21.6,135,155.973672,12.49158788
209,-30.8,-54.8,161,154.1025595,12.07064157
249,-30.8,-9.4,147,147.6396166,12.12632741
292,-30.8,-13.2,148,145.2756233,13.42369343
691,-30.8,-31.8,154,154.3849733,13.05931359
107,-30.6,-18.6,163,163.4945726,12.97775593
406,-30.6,-30.6,160,151.2854197,13.47094744
480,-30.6,-22.2,156,147.7496439,11.60891923
509,-30.6,-30.6,169,159.5567686,12.79447331
574,-30.6,-21,128,136.1698915,11.47560906
600,-30.6,-30.6,169,154.9724016,11.98896098
602,-30.6,-30.6,148,153.4196429,12.20600078
609,-30.6,-7,132,140.9433962,11.07445489
817,-30.6,-18.8,137,136.4993987,11.22162862
105,-30.4,-30.4,165,161.3524664,12.00021094
575,-30.4,-30.4,163,154.5339196,11.58307688
821,-30.4,-39.4,144,138.7921609,11.80433966
85,-30.2,-70.4,149,150.8939567,13.23366773
275,-30.2,-30.2,167,140.5686783,11.93234551
644,-30.2,-14,116,134.0286275,11.46109976
43,-30,-30,139,154.2322893,12.37423998
172,-30,-30,169,155.8322034,13.4239973
554,-30,-30,164,134.6983169,11.59079733
575,-29.8,-92.4,163,154.5339196,11.58307688
689,-29.8,-32.6,154,144.0797571,11.52142543
381,-29.6,1.2,124,133.1346633,11.5817968
396,-29.6,-38.8,139,142.1334702,14.70209877
502,-29.6,-34.8,147,146.8860927,12.50144424
569,-29.6,-15.4,136,133.8945445,11.25614471
713,-29.6,-29.6,165,138.3207237,11.31661761
186,-29.4,-28.6,163,159.4518037,15.15766497
719,-29.4,-55.2,168,155.1047516,12.92465054
29,-29.2,-43,164,152.5630281,12.54418169
580,-29,-29,169,140.3149171,11.58190856
612,-29,-29,137,152.6090555,11.82362162
99,-28.8,-28.8,162,156.295082,13.13780462
558,-28.8,-17.4,142,142.004771,11.40661546
590,-28.8,-26.4,164,152.2497663,11.60578486
682,-28.8,-28.8,158,144.9135063,11.54548503
134,-28.6,7.6,155,152.8026735,12.44712914
335,-28.6,-33,161,157.7813394,14.27815741
437,-28.6,-10,118,122.7234957,10.68763958
250,-28.4,-12.6,170,175.8231047,11.653187
735,-28.4,-28.4,166,150.1109906,11.80352408
290,-28.2,-28.2,174,154.6904594,11.93482177
340,-28.2,4.2,161,151.2438725,13.55095486
687,-28.2,-28.2,170,143.0897803,11.90535939
560,-28,-11.2,149,148.804205,12.04383926
155,-27.8,-0.4,149,158.3825257,14.49656564
521,-27.8,-27.8,169,140.9851485,12.02496475
43,-27.6,-12.2,157,154.2322893,12.37423998
159,-27.6,-4.6,150,148.991606,12.91908798
184,-27.6,-23.8,166,158.9580654,13.20138921
521,-27.6,-27.6,173,140.9851485,12.02496475
568,-27.6,-11.6,128,136.1166961,11.33732169
810,-27.6,-27.6,161,156.884677,13.65389664
142,-27.4,-11,170,163.4546314,16.73681813
581,-27.4,7.8,152,141.8521303,12.46778256
590,-27.4,-3.6,153,152.2497663,11.60578486
222,-27,-35.2,170,157.3443609,14.17875104
14,-26.8,-26.8,132,133.5092177,12.03967713
561,-26.8,-27.4,140,148.3965368,12.80891065
571,-26.8,-26.8,168,147.063004,11.83610958
534,-26.6,5.6,148,154.9665657,13.91233314
556,-26.6,-18.6,127,142.2152847,11.99152638
565,-26.6,-11.2,158,143.8994073,12.31715324
571,-26.6,9.8,145,147.063004,11.83610958
581,-26.6,-15.4,143,141.8521303,12.46778256
350,-26.4,-26.4,144,134.3880699,12.08442408
394,-26.4,-26.4,139,131.0369108,12.39664191
459,-26.4,-26.4,181,149.1891206,12.95406223
572,-26.4,-11.6,135,139.7391823,11.65189091
502,-26.2,-22,166,146.8860927,12.50144424
655,-26.2,0,139,137.9701428,11.2655031
128,-26,-23,173,166.6530899,13.02963876
574,-26,-1.4,133,136.1698915,11.47560906
88,-25.8,-12.2,141,168.2782324,12.32521571
350,-25.8,-29.4,148,134.3880699,12.08442408
569,-25.8,-7.4,135,133.8945445,11.25614471
3,-25.6,-56.4,138,156.4921384,13.42871132
33,-25.6,-24.4,177,171.3216561,14.32524459
612,-25.6,-12.4,154,152.6090555,11.82362162
149,-25.4,-25.4,162,161.6591745,14.32630629
566,-25.4,-21.6,154,147.3796664,12.86458501
149,-25.2,-22,162,161.6591745,14.32630629
375,-25.2,-19.4,138,138.5747918,13.28684755
447,-25.2,-25.2,170,132.3478555,11.74058116
509,-25.2,-25.2,170,159.5567686,12.79447331
572,-25.2,14,144,139.7391823,11.65189091
611,-25.2,-28,135,139.5548545,11.06759033
379,-25,-25,148,112.8872215,10.26521746
478,-25,-25,167,134.6162162,11.13113201
581,-25,-8.2,142,141.8521303,12.46778256
591,-25,-36.6,132,133.0942207,10.80352056
597,-25,-25.6,147,147.3165171,12.2914424
350,-24.8,19.8,135,134.3880699,12.08442408
583,-24.8,-20.4,165,150.2539219,12.86167968
606,-24.8,1.6,157,134.6039861,11.17817192
608,-24.8,-11.2,131,133.2935022,10.9897652
719,-24.8,-29.8,139,155.1047516,12.92465054
226,-24.6,-24.6,168,158.4130627,14.21131176
612,-24.6,-5.2,156,152.6090555,11.82362162
694,-24.6,-24.6,169,141.2464205,11.63201914
21,-24.4,-32,144,134.9046653,12.52254888
417,-24.4,-24.4,158,136.3214719,12.10536233
702,-24.4,-24.4,141,139.7406699,10.98452428
730,-24.4,-24.4,160,141.4448854,11.83667143
36,-24.2,23.4,132,149.4401089,13.80828675
575,-24.2,-10.6,146,154.5339196,11.58307688
17,-24,-24,132,135.2583047,10.10541781
218,-24,-0.2,169,163.6212858,12.78503533
333,-24,-24,168,151.2302826,13.80920219
400,-24,-24,160,124.564346,11.27125633
586,-24,-24,135,136.4125619,11.65649789
735,-24,-24,164,150.1109906,11.80352408
811,-24,-24,160,147.9395589,12.67819929
282,-23.8,-23.8,153,146.4289793,13.58297239
566,-23.8,-13.4,161,147.3796664,12.86458501
583,-23.8,-13,160,150.2539219,12.86167968
797,-23.8,-23.8,137,147.2979777,12.02068675
217,-23.6,-49.2,160,152.3493906,13.59846407
307,-23.6,-23.6,156,143.5063902,12.4572761
414,-23.6,-23.6,160,137.0905365,12.99864268
17,-23.4,-23.4,169,135.2583047,10.10541781
374,-23.4,-14.2,151,124.0124429,11.67059848
484,-23.4,-8,153,135.808958,11.43509726
584,-23.4,-23.4,130,135.7148453,11.9700973
811,-23.4,-23.4,160,147.9395589,12.67819929
46,-23.2,-23.2,150,158.5007886,13.79728085
214,-23.2,-6.8,159,157.4463547,14.27044563
250,-23.2,-23.2,180,175.8231047,11.653187
398,-23.2,-23.2,146,151.7238112,12.16203495
418,-23.2,-23.6,143,132.6454462,12.26532172
22,-23,-33,95,159.7882987,14.71919353
86,-23,3.2,123,156.4048641,13.65217854
394,-23,-23,139,131.0369108,12.39664191
631,-23,-23,169,145.8332621,12.42157846
193,-22.8,-4.8,159,161.2054846,12.37472425
350,-22.8,-22.8,134,134.3880699,12.08442408
644,-22.8,-11.4,139,134.0286275,11.46109976
829,-22.8,-22.8,165,138.7577065,11.68778841
483,-22.6,-24.2,135,142.6484065,12.67416286
283,-22.4,-7.6,165,156.2475655,15.77736404
702,-22.4,-6.4,148,139.7406699,10.98452428
735,-22.4,-20.6,163,150.1109906,11.80352408
749,-22.4,-22.4,167,144.087469,11.00955931
445,-22.2,-15.8,126,136.8441128,12.01349353
580,-22.2,-22.2,175,140.3149171,11.58190856
47,-22,-47.2,153,160.3270349,13.46869884
188,-22,-22,160,159.9779099,15.06375379
213,-22,-22,166,147.4979339,11.75777256
580,-22,-38.4,183,140.3149171,11.58190856
618,-22,-22,158,135.9792403,11.02112814
232,-21.8,2.4,142,144.615493,11.02947718
576,-21.8,-5.4,161,147.4588071,11.56513179
585,-21.8,-4.8,145,138.4226295,11.67174989
586,-21.8,-21.8,172,136.4125619,11.65649789
45,-21.6,-22.6,151,153.4091125,12.49329853
186,-21.6,-21.6,157,159.4518037,15.15766497
225,-21.6,-23.6,168,158.6851595,14.08235784
336,-21.6,-6.4,141,138.2307692,12.29114446
360,-21.6,-44.4,159,136.7178453,12.37743243
483,-21.6,-23.8,163,142.6484065,12.67416286
358,-21.4,-21.4,129,146.8983532,13.19570136
535,-21.4,-31.4,153,140.9521853,10.95394701
615,-21.4,-14.8,138,141.8532533,11.53285722
27,-21.2,-21.6,146,142.3197851,12.18187442
226,-21.2,-7.2,167,158.4130627,14.21131176
282,-21.2,-27,145,146.4289793,13.58297239
701,-21.2,-20.6,132,139.4565842,11.64809701
161,-21,-21,155,164.6705927,12.94125435
525,-21,-21,173,136.505753,11.83179622
584,-21,-58.8,139,135.7148453,11.9700973
23,-20.8,-0.6,159,153.0618893,14.41774788
395,-20.8,-28.2,151,139.4363434,12.67752791
483,-20.8,-20.8,145,142.6484065,12.67416286
483,-20.8,-18.4,147,142.6484065,12.67416286
570,-20.8,1.8,120,136.3950348,11.05964758
579,-20.8,-9.6,170,152.9274599,13.58003819
624,-20.8,0.4,149,137.5638186,11.45548291
73,-20.6,-20.6,167,159.5405702,13.38063026
110,-20.6,-9.4,156,156.9107143,14.20249176
157,-20.6,2.8,164,157.4129646,13.13309456
209,-20.6,-15.6,161,154.1025595,12.07064157
350,-20.6,-20.6,127,134.3880699,12.08442408
598,-20.6,-29.4,144,154.2317808,11.91046388
793,-20.6,-20.6,166,143.5754829,11.80650494
6,-20.4,-48,153,144.8876781,14.83615977
296,-20.4,-20.4,170,151.6664204,13.10634239
301,-20.4,-20.4,173,141.4507175,11.53964017
358,-20.4,-4.2,154,146.8983532,13.19570136
580,-20.4,-42.6,164,140.3149171,11.58190856
581,-20.4,-9.4,138,141.8521303,12.46778256
601,-20.4,-7.2,156,151.5185766,12.03512281
347,-20.2,3.4,155,149.8834356,13.43652831
545,-20.2,-33,165,152.0648814,13.16030658
821,-20.2,-20.2,162,138.7921609,11.80433966
23,-20,-10.6,160,153.0618893,14.41774788
57,-20,-4,149,143.8517499,12.73277814
99,-20,-20,149,156.295082,13.13780462
209,-20,-19.8,164,154.1025595,12.07064157
327,-20,-20,158,142.4539326,12.76870674
364,-20,-32.2,154,140.9175695,14.18609612
449,-20,-34,147,147.0018645,12.62140087
581,-20,-19.8,147,141.8521303,12.46778256
756,-20,3.6,143,150.0225779,11.49022669
99,-19.8,-19.8,164,156.295082,13.13780462
258,-19.8,-12.4,147,142.3249391,12.95713501
504,-19.8,-18.6,142,137.494998,11.55778199
562,-19.8,-17.2,143,146.4650073,12.95960657
563,-19.8,10.6,154,152.8030903,13.5358046
605,-19.8,-2.4,159,142.2888889,12.20021799
797,-19.8,-16.6,144,147.2979777,12.02068675
476,-19.6,-25,133,139.2009536,12.12095616
605,-19.6,15.8,139,142.2888889,12.20021799
800,-19.6,-24.2,165,153.1344095,12.84634902
17,-19.4,-19.4,139,135.2583047,10.10541781
23,-19.4,-19.4,141,153.0618893,14.41774788
275,-19.4,-5.2,138,140.5686783,11.93234551
303,-19.4,-11.6,156,149.6460797,12.66235112
743,-19.4,-11.6,153,154.1082949,12.4796703
17,-19.2,17.8,161,135.2583047,10.10541781
29,-19.2,-60,154,152.5630281,12.54418169
85,-19.2,-19.2,122,150.8939567,13.23366773
94,-19.2,-14.2,162,158.6023529,13.83798155
257,-19.2,11,169,147.5862228,12.0639828
747,-19.2,6.2,157,145.3297521,11.97043289
128,-19,1.8,171,166.6530899,13.02963876
564,-19,-30,163,146.8555766,12.53359469
573,-19,1,156,152.611755,12.40211712
603,-19,-19,168,134.8995357,11.0924358
667,-19,-19,128,148.4574326,12.18129512
253,-18.8,-6.8,157,155.6612815,12.38155031
366,-18.8,-18.8,146,151.6804295,13.28709472
644,-18.8,-26,134,134.0286275,11.46109976
719,-18.8,-18.8,186,155.1047516,12.92465054
811,-18.8,-36.6,166,147.9395589,12.67819929
109,-18.6,5,171,156.8921371,12.33787658
120,-18.6,-18.6,159,160.6370848,14.20895548
135,-18.6,-18.6,144,155.7290363,15.85348536
151,-18.6,-18.6,161,158.156172,12.77093859
163,-18.6,-18.6,159,161.2394708,14.59632149
417,-18.6,-18.6,162,136.3214719,12.10536233
609,-18.6,-16.4,147,140.9433962,11.07445489
733,-18.6,-8.4,160,152.9987088,12.40384764
756,-18.6,-23,160,150.0225779,11.49022669
43,-18.4,-18.4,152,154.2322893,12.37423998
175,-18.4,-9.4,142,148.86,13.49623862
367,-18.4,7.6,144,145.1557377,12.23394552
392,-18.4,-20,154,152.5569704,12.60016104
570,-18.4,-17.6,134,136.3950348,11.05964758
587,-18.4,-11.6,148,147.4953429,12.59395687
606,-18.4,-5,123,134.6039861,11.17817192
611,-18.4,-18.4,164,139.5548545,11.06759033
647,-18.4,-23.2,150,137.2684373,11.70552419
705,-18.4,-18.4,151,144.3242718,12.55562097
767,-18.4,3.8,153,138.8564488,11.83420813
187,-18.2,54,168,162.845843,13.63758256
249,-18.2,14.8,103,147.6396166,12.12632741
272,-18.2,-18.2,165,141.2669718,12.93716407
296,-18.2,-30.6,180,151.6664204,13.10634239
298,-18.2,-21.4,157,147.4982771,13.43258746
583,-18.2,-18.2,172,150.2539219,12.86167968
832,-18.2,-22.8,161,138.5223325,11.34720803
161,-18,11.8,167,164.6705927,12.94125435
323,-18,-14.8,160,166.176,10.9683792
439,-18,-0.2,131,134.8931465,11.3505249
483,-18,0.2,146,142.6484065,12.67416286
652,-18,-6,147,149.296372,11.77471978
719,-18,-18,178,155.1047516,12.92465054
213,-17.8,-17.8,156,147.4979339,11.75777256
359,-17.8,-19.4,152,144.0622407,12.13536281
397,-17.8,-12.4,152,149.9138269,14.69701058
398,-17.8,-17.8,142,151.7238112,12.16203495
483,-17.8,-21.8,140,142.6484065,12.67416286
551,-17.8,-17.8,171,139.232229,11.49736365
557,-17.8,3.4,158,133.4164692,11.77501777
567,-17.8,-7.6,135,140.1416838,12.12138577
586,-17.8,1.4,135,136.4125619,11.65649789
47,-17.6,-17.6,167,160.3270349,13.46869884
475,-17.6,-17.6,159,137.0305677,13.4123738
506,-17.6,-17.6,169,147.2384519,11.76096629
611,-17.6,-7.8,145,139.5548545,11.06759033
690,-17.6,-17.6,161,140.9237231,11.80258488
27,-17.4,-6.8,152,142.3197851,12.18187442
127,-17.4,-2.6,154,160.5408163,14.31782449
163,-17.4,-17.4,148,161.2394708,14.59632149
185,-17.4,-3.8,174,164.4760746,14.23734068
244,-17.4,-10.4,164,150.1240135,13.03189448
373,-17.4,-17.4,164,132.5454545,12.06299561
528,-17.4,3,142,145.0233062,12.68231285
564,-17.4,16.6,141,146.8555766,12.53359469
588,-17.4,-11.6,152,143.8118514,12.50280721
649,-17.4,-21.2,145,141.6891534,12.18564142
790,-17.4,-17.4,158,144.8881154,12.26387529
835,-17.4,-17.4,152,154.8328321,12.8137994
63,-17.2,-17.2,142,154.2356784,12.5771192
193,-17.2,-17.2,159,161.2054846,12.37472425
223,-17.2,-17.2,165,149.686976,12.9575128
339,-17.2,-17.2,145,139.6171783,12.95794179
384,-17.2,-17.2,158,141.9528411,13.3879213
476,-17.2,-10.6,144,139.2009536,12.12095616
251,-17,-17,166,159.9406667,11.41667121
449,-17,-38.6,141,147.0018645,12.62140087
472,-17,-17,161,161.2582057,12.87400175
509,-17,-40.8,165,159.5567686,12.79447331
620,-17,3.2,168,163.6454821,13.72806381
84,-16.8,-4.4,150,154.0247295,13.88771499
182,-16.8,6.6,176,165.8900826,14.88449752
281,-16.8,-9.8,152,126.4245283,10.94288724
327,-16.8,4.8,146,142.4539326,12.76870674
350,-16.8,23,138,134.3880699,12.08442408
453,-16.8,10.8,128,135.5776993,12.19491558
462,-16.8,-0.8,133,137.5573277,12.08770637
556,-16.8,-6.2,139,142.2152847,11.99152638
597,-16.8,13.4,155,147.3165171,12.2914424
791,-16.8,-13.2,151,142.149707,11.46202888
181,-16.6,-18.8,154,148.3735882,12.73259322
359,-16.6,-5.8,146,144.0622407,12.13536281
360,-16.6,-16.6,165,136.7178453,12.37743243
437,-16.6,-16.6,163,122.7234957,10.68763958
576,-16.6,39,139,147.4588071,11.56513179
43,-16.4,-16.4,154,154.2322893,12.37423998
70,-16.4,-6.6,123,154.745886,13.25632251
301,-16.4,7.2,136,141.4507175,11.53964017
311,-16.4,-16.4,160,153.5604808,14.03154013
340,-16.4,-10.4,159,151.2438725,13.55095486
528,-16.4,-16.4,144,145.0233062,12.68231285
536,-16.4,-16.4,166,141.4592629,11.81709139
560,-16.4,8.6,152,148.804205,12.04383926
573,-16.4,5.4,159,152.611755,12.40211712
663,-16.4,10,171,157.7307745,12.37343112
664,-16.4,-16.4,150,139.7860418,11.2361135
689,-16.4,-16.4,168,144.0797571,11.52142543
808,-16.4,-16.4,167,148.3564785,12.0847347
327,-16.2,3.8,138,142.4539326,12.76870674
410,-16.2,-43.4,156,146.1625045,13.67847089
428,-16.2,25.6,149,142.9906617,12.51455469
469,-16.2,-17.6,131,141.9426434,12.18831993
579,-16.2,-8.8,154,152.9274599,13.58003819
586,-16.2,25.8,134,136.4125619,11.65649789
622,-16.2,0.6,157,155.4139665,11.09991419
657,-16.2,-10.2,151,148.8694648,11.7695663
669,-16.2,-6.6,168,154.3420411,14.12445141
143,-16,-8.2,164,160.6253937,13.9156329
210,-16,-5.8,152,146.3213744,12.49045403
239,-16,-22.6,89,143.7649805,13.2274198
354,-16,-0.8,160,155.9744501,14.66009376
443,-16,-12.8,161,133.1828645,11.33681893
502,-16,-32,158,146.8860927,12.50144424
564,-16,-21.8,143,146.8555766,12.53359469
565,-16,-0.8,142,143.8994073,12.31715324
588,-16,-8.8,154,143.8118514,12.50280721
617,-16,-6,142,148.2345854,11.00028567
706,-16,-13,134,138.0301825,11.37442695
9,-15.8,-29.8,148,153.6259887,12.05757559
56,-15.8,-23.2,153,153.9415496,13.09210304
209,-15.8,-28.2,165,154.1025595,12.07064157
265,-15.8,-8.4,154,149.8431973,14.19612598
493,-15.8,-15.8,162,145.5803903,11.84704294
579,-15.8,-6,158,152.9274599,13.58003819
584,-15.8,-15.8,138,135.7148453,11.9700973
594,-15.8,4.8,149,150.4772932,11.49328746
606,-15.8,-2.2,132,134.6039861,11.17817192
674,-15.8,-15.8,140,141.4364833,12.19855193
676,-15.8,-15.8,147,136.6160355,11.42385157
17,-15.6,-18.4,130,135.2583047,10.10541781
349,-15.6,10.8,127,137.3125972,12.77072926
513,-15.6,0.8,148,149.0662177,13.03614686
567,-15.6,-8,129,140.1416838,12.12138577
568,-15.6,-34.8,130,136.1166961,11.33732169
584,-15.6,7.8,148,135.7148453,11.9700973
591,-15.6,22,138,133.0942207,10.80352056
45,-15.4,-7.4,150,153.4091125,12.49329853
200,-15.4,-15.4,162,159.723779,13.1166
226,-15.4,-6.4,162,158.4130627,14.21131176
411,-15.4,-21.2,119,126.723487,12.11841755
502,-15.4,-50.6,148,146.8860927,12.50144424
574,-15.4,-12.6,133,136.1698915,11.47560906
45,-15.2,-19,159,153.4091125,12.49329853
52,-15.2,-15.2,166,152.2789116,13.79562041
203,-15.2,-15.2,164,159.1853699,14.60824272
366,-15.2,-15.2,160,151.6804295,13.28709472
395,-15.2,-15.2,162,139.4363434,12.67752791
424,-15.2,-15.2,146,133.2035637,11.91873469
431,-15.2,-3.8,115,129.8381743,10.48406426
727,-15.2,-15.2,159,137.8006536,11.06198487
803,-15.2,-15.2,130,135.4876777,10.88275905
9,-15,-29,145,153.6259887,12.05757559
45,-15,-16.8,155,153.4091125,12.49329853
93,-15,-15,162,156.086785,12.89582485
209,-15,-9.8,153,154.1025595,12.07064157
232,-15,3.4,148,144.615493,11.02947718
347,-15,-2.6,149,149.8834356,13.43652831
413,-15,-8.8,171,158.6134715,15.45156933
452,-15,-15,177,141.8966725,12.71025961
479,-15,8.4,140,135.2358467,11.76294196
483,-15,-28.6,124,142.6484065,12.67416286
497,-15,-18.6,172,162.7599289,14.98121181
512,-15,-21.6,160,156.1885914,13.47361048
555,-15,-35.8,137,144.8224058,12.46288405
702,-15,-15.4,140,139.7406699,10.98452428
39,-14.8,12.2,154,153.7267809,14.22195361
269,-14.8,-105.6,177,164.5434657,14.85961451
356,-14.8,-5,137,149.4066038,14.5269583
381,-14.8,-25.8,137,133.1346633,11.5817968
560,-14.8,-20.8,161,148.804205,12.04383926
582,-14.8,-11.2,130,141.53125,11.93411586
586,-14.8,-35,155,136.4125619,11.65649789
615,-14.8,-14.8,167,141.8532533,11.53285722
700,-14.8,-14.8,171,143.8718549,11.36093856
762,-14.8,-5.6,147,145.96875,11.34937454
794,-14.8,-14.8,137,136.7301455,11.03329497
35,-14.6,-3.4,147,141.7006481,12.15138275
67,-14.6,-14.6,162,155.0169122,12.71484255
123,-14.6,-14.6,118,143.6781726,12.0574571
336,-14.6,-2.6,142,138.2307692,12.29114446
484,-14.6,-18.2,137,135.808958,11.43509726
502,-14.6,-14.6,100,146.8860927,12.50144424
567,-14.6,-11.8,140,140.1416838,12.12138577
570,-14.6,0,133,136.3950348,11.05964758
608,-14.6,-18.8,123,133.2935022,10.9897652
625,-14.6,-14.6,158,141.0831522,11.27346261
663,-14.6,-4.8,162,157.7307745,12.37343112
671,-14.6,-14.6,170,132.0570583,11.17135841
767,-14.6,-14.4,107,138.8564488,11.83420813
817,-14.6,-8,111,136.4993987,11.22162862
366,-14.4,-6.6,155,151.6804295,13.28709472
372,-14.4,-9,145,140.7526602,12.38829208
391,-14.4,-24.6,143,151.6929873,13.66343523
428,-14.4,-9.4,145,142.9906617,12.51455469
506,-14.4,-1.2,135,147.2384519,11.76096629
581,-14.4,-23.4,162,141.8521303,12.46778256
597,-14.4,-14.4,160,147.3165171,12.2914424
670,-14.4,-14.4,134,146.1532928,13.29324604
696,-14.4,-14.4,135,147.1171623,12.32862888
9,-14.2,-10.6,147,153.6259887,12.05757559
188,-14.2,-14.2,158,159.9779099,15.06375379
372,-14.2,-7.2,134,140.7526602,12.38829208
444,-14.2,-7.8,124,127.3329601,11.52190075
454,-14.2,0.4,156,144.9427046,11.92273943
572,-14.2,-30.6,149,139.7391823,11.65189091
579,-14.2,-14.2,173,152.9274599,13.58003819
599,-14.2,-9.2,136,140.8831397,11.33928836
599,-14.2,0.2,149,140.8831397,11.33928836
665,-14.2,-14.2,161,143.5741643,12.3166114
756,-14.2,-2,143,150.0225779,11.49022669
805,-14.2,-17.4,142,139.9891447,11.87186092
367,-14,-11.4,161,145.1557377,12.23394552
472,-14,-14,170,161.2582057,12.87400175
535,-14,-24.2,166,140.9521853,10.95394701
607,-14,2.2,150,138.6397466,11.31168527
613,-14,11.4,137,140.6692876,11.38949786
626,-14,-23.6,139,154.7532391,12.24782259
92,-13.8,-13.8,175,155.2954823,12.98193407
209,-13.8,-13.2,157,154.1025595,12.07064157
213,-13.8,-13.8,150,147.4979339,11.75777256
308,-13.8,-17.6,145,144.3101737,12.60303292
569,-13.8,-13.8,157,133.8945445,11.25614471
621,-13.8,-20.6,165,164.7966448,12.25613666
634,-13.8,-15.6,156,144.26726,12.5807642
678,-13.8,3.8,134,139.8629168,11.78029613
718,-13.8,-13.8,176,159.2452147,12.76084159
743,-13.8,-3.8,152,154.1082949,12.4796703
128,-13.6,-1.8,165,166.6530899,13.02963876
181,-13.6,-15.8,150,148.3735882,12.73259322
258,-13.6,-4.4,141,142.3249391,12.95713501
297,-13.6,-12.8,150,148.6532731,12.03950819
322,-13.6,-5.6,139,144.7227969,12.52358974
565,-13.6,-11.2,143,143.8994073,12.31715324
582,-13.6,-67.8,143,141.53125,11.93411586
632,-13.6,-16.2,178,159.4849878,12.54627363
678,-13.6,-14.2,165,139.8629168,11.78029613
26,-13.4,-16.8,155,160.8444993,14.19130155
46,-13.4,-15.4,167,158.5007886,13.79728085
95,-13.4,5.6,154,157.7890625,12.71941108
196,-13.4,-8.8,177,170.1917695,13.62862829
209,-13.4,15.6,161,154.1025595,12.07064157
233,-13.4,-4.2,155,151.3371721,13.25074834
248,-13.4,-13.4,163,145.9598863,13.12178698
446,-13.4,-32.8,156,134.9049787,12.17770945
458,-13.4,16.6,170,163.0935987,9.454793552
570,-13.4,-6,142,136.3950348,11.05964758
648,-13.4,-13.4,165,124.3860252,10.98772784
785,-13.4,0.8,134,145.611138,11.77943535
821,-13.4,-9.8,133,138.7921609,11.80433966
35,-13.2,-13.2,149,141.7006481,12.15138275
256,-13.2,-0.2,130,140.150771,12.70206
381,-13.2,-13,143,133.1346633,11.5817968
409,-13.2,-2.6,136,137.4721323,12.41955081
483,-13.2,-12,155,142.6484065,12.67416286
513,-13.2,-17.2,147,149.0662177,13.03614686
565,-13.2,-22,148,143.8994073,12.31715324
583,-13.2,4,167,150.2539219,12.86167968
619,-13.2,4.8,124,139.8797771,10.99316375
795,-13.2,-3.2,153,146.2261249,11.43082635
37,-13,-10.4,156,149.6513761,13.31589369
237,-13,-13,165,138.6553641,12.05199956
333,-13,-16.2,155,151.2302826,13.80920219
411,-13,-0.4,137,126.723487,12.11841755
594,-13,4.6,157,150.4772932,11.49328746
596,-13,-22.2,162,147.7573681,11.60783605
665,-13,-12.6,135,143.5741643,12.3166114
669,-13,-7.2,170,154.3420411,14.12445141
779,-13,-13,162,134.8043947,10.76938526
43,-12.8,-5.8,157,154.2322893,12.37423998
142,-12.8,-13.2,172,163.4546314,16.73681813
144,-12.8,-9.2,151,154.9451567,13.99220513
163,-12.8,-12.8,160,161.2394708,14.59632149
216,-12.8,3.2,169,165.2325777,14.91045945
256,-12.8,-7,134,140.150771,12.70206
257,-12.8,11.8,149,147.5862228,12.0639828
276,-12.8,-12.8,144,144.846901,12.84752081
289,-12.8,10,143,143.3810538,12.60505609
480,-12.8,3.6,141,147.7496439,11.60891923
589,-12.8,-5.4,138,140.4366293,11.20080284
626,-12.8,-37,138,154.7532391,12.24782259
714,-12.8,-16,152,152.0839895,12.9531225
233,-12.6,-8.2,162,151.3371721,13.25074834
239,-12.6,-53.8,155,143.7649805,13.2274198
356,-12.6,-53.8,157,149.4066038,14.5269583
366,-12.6,-6.8,155,151.6804295,13.28709472
480,-12.6,-12.6,166,147.7496439,11.60891923
567,-12.6,-18.2,135,140.1416838,12.12138577
578,-12.6,-31.8,147,146.1303754,11.7712854
590,-12.6,24.8,158,152.2497663,11.60578486
809,-12.6,-18.4,147,149.6405615,13.34909922
14,-12.4,-19.8,84,133.5092177,12.03967713
43,-12.4,-12.4,163,154.2322893,12.37423998
66,-12.4,-4.4,154,151.6160584,13.02983737
245,-12.4,-12,169,167.9338061,14.04126525
277,-12.4,-2.8,148,144.3463801,13.32328427
308,-12.4,-12.4,162,144.3101737,12.60303292
374,-12.4,5.4,117,124.0124429,11.67059848
374,-12.4,-1.4,162,124.0124429,11.67059848
382,-12.4,-30.4,156,151.6675138,14.59635934
431,-12.4,-12.4,165,129.8381743,10.48406426
480,-12.4,-53.8,127,147.7496439,11.60891923
572,-12.4,3.6,142,139.7391823,11.65189091
599,-12.4,-7.4,142,140.8831397,11.33928836
640,-12.4,-4.8,139,146.7283455,12.12308369
750,-12.4,-12.4,166,146.7084779,11.38021398
753,-12.4,-91.8,158,141.4077817,11.09317262
783,-12.4,-2,164,154.7712056,13.19400739
793,-12.4,-4.8,138,143.5754829,11.80650494
61,-12.2,-12.2,166,165.848329,15.05960823
147,-12.2,-12.2,161,168.9962121,14.63450568
164,-12.2,6.4,166,163.1516252,14.59060607
258,-12.2,-6.6,153,142.3249391,12.95713501
267,-12.2,-6.4,152,152.6960519,13.04170856
292,-12.2,-12.2,140,145.2756233,13.42369343
465,-12.2,-12.2,178,132.7483547,11.49108041
506,-12.2,-22.6,164,147.2384519,11.76096629
583,-12.2,-11.8,148,150.2539219,12.86167968
601,-12.2,0.6,145,151.5185766,12.03512281
835,-12.2,-12.4,140,154.8328321,12.8137994
152,-12,-257.8,153,158.2961918,14.13959281
262,-12,-12,169,145.6017108,13.03849751
290,-12,-21.8,167,154.6904594,11.93482177
370,-12,-17,132,137.6782462,12.72839071
428,-12,-3.8,134,142.9906617,12.51455469
449,-12,-18,149,147.0018645,12.62140087
483,-12,-8,131,142.6484065,12.67416286
587,-12,-12,168,147.4953429,12.59395687
590,-12,-46.8,151,152.2497663,11.60578486
616,-12,-5.8,133,135.8327957,11.24920258
618,-12,-19,136,135.9792403,11.02112814
620,-12,-20.2,171,163.6454821,13.72806381
684,-12,-12,173,139.8482232,12.21068708
744,-12,-12,169,135.4580537,10.64903656
789,-12,-7.4,156,155.7987382,12.25068871
812,-12,-12,136,138.2446853,12.01709112
27,-11.8,-11.8,160,142.3197851,12.18187442
97,-11.8,-12.4,149,156.0500272,12.56464013
121,-11.8,-7.2,159,163.4134955,13.99733103
395,-11.8,-6.8,139,139.4363434,12.67752791
513,-11.8,-16.4,150,149.0662177,13.03614686
586,-11.8,2,126,136.4125619,11.65649789
603,-11.8,-11.6,124,134.8995357,11.0924358
640,-11.8,-3.8,135,146.7283455,12.12308369
671,-11.8,10.8,141,132.0570583,11.17135841
713,-11.8,-20.6,142,138.3207237,11.31661761
304,-11.6,-11.6,163,165.3728949,15.38680417
339,-11.6,-11.6,138,139.6171783,12.95794179
378,-11.6,-23.2,132,132.073571,12.36014669
554,-11.6,-39.4,162,134.6983169,11.59079733
572,-11.6,5.8,142,139.7391823,11.65189091
601,-11.6,-11,159,151.5185766,12.03512281
617,-11.6,-11.6,167,148.2345854,11.00028567
648,-11.6,-5.4,120,124.3860252,10.98772784
704,-11.6,-13.2,170,140.293653,12.06206525
794,-11.6,-11.6,150,136.7301455,11.03329497
811,-11.6,-8.4,147,147.9395589,12.67819929
820,-11.6,-13,132,142.6821809,11.93404661
95,-11.4,-11.4,162,157.7890625,12.71941108
151,-11.4,-9.4,163,158.156172,12.77093859
337,-11.4,-5.6,154,148.3453423,12.99541862
386,-11.4,10,155,149.0964686,13.30815917
444,-11.4,2.4,124,127.3329601,11.52190075
502,-11.4,-4.6,144,146.8860927,12.50144424
569,-11.4,-11.4,164,133.8945445,11.25614471
583,-11.4,-11.4,162,150.2539219,12.86167968
612,-11.4,-10.4,161,152.6090555,11.82362162
696,-11.4,1.4,150,147.1171623,12.32862888
754,-11.4,-18,156,149.1051931,12.64456618
14,-11.2,-11.2,113,133.5092177,12.03967713
44,-11.2,-10.2,140,156.3614953,14.42921688
135,-11.2,-11.2,152,155.7290363,15.85348536
161,-11.2,-5.2,166,164.6705927,12.94125435
354,-11.2,-11.2,162,155.9744501,14.66009376
577,-11.2,-0.4,142,148.7532051,12.548362
607,-11.2,-9.6,143,138.6397466,11.31168527
614,-11.2,-4,135,136.1401548,11.66404127
663,-11.2,2.8,137,157.7307745,12.37343112
790,-11.2,-8,135,144.8881154,12.26387529
78,-11,-11,167,161.5697108,13.00911345
156,-11,-7.2,168,151.4870993,14.28048646
253,-11,-11,163,155.6612815,12.38155031
264,-11,4.4,166,159.351341,16.0655131
359,-11,14.6,141,144.0622407,12.13536281
428,-11,-11,135,142.9906617,12.51455469
432,-11,0.4,134,136.4604701,12.3591359
436,-11,-49.2,169,145.2131404,12.81763535
528,-11,13,134,145.0233062,12.68231285
581,-11,-3,137,141.8521303,12.46778256
582,-11,-0.2,136,141.53125,11.93411586
585,-11,-17.4,148,138.4226295,11.67174989
591,-11,-9.4,126,133.0942207,10.80352056
817,-11,0.6,137,136.4993987,11.22162862
44,-10.8,-10.8,150,156.3614953,14.42921688
45,-10.8,-14.4,154,153.4091125,12.49329853
109,-10.8,-10.2,161,156.8921371,12.33787658
153,-10.8,-2.8,157,160.5744417,13.10153853
165,-10.8,-10.8,118,147.4274648,13.69418213
219,-10.8,-10.4,157,154.497555,13.23984279
280,-10.8,6.6,143,152.5008741,14.49542986
298,-10.8,-38.8,148,147.4982771,13.43258746
319,-10.8,-10.8,162,139.4069952,12.14284781
328,-10.8,-4.2,141,155.2241379,14.00807055
449,-10.8,-10.8,129,147.0018645,12.62140087
493,-10.8,-10.2,136,145.5803903,11.84704294
570,-10.8,-28.8,137,136.3950348,11.05964758
578,-10.8,6.8,154,146.1303754,11.7712854
786,-10.8,-14,166,154.5951009,12.9291769
27,-10.6,-19,137,142.3197851,12.18187442
186,-10.6,-10.6,158,159.4518037,15.15766497
258,-10.6,-1,136,142.3249391,12.95713501
296,-10.6,1.8,137,151.6664204,13.10634239
305,-10.6,-4,147,145.2950474,12.98997345
327,-10.6,-12.2,154,142.4539326,12.76870674
497,-10.6,-32.8,165,162.7599289,14.98121181
586,-10.6,0.8,130,136.4125619,11.65649789
609,-10.6,-2.6,135,140.9433962,11.07445489
617,-10.6,-5.8,152,148.2345854,11.00028567
790,-10.6,-10.6,132,144.8881154,12.26387529
791,-10.6,-7.4,133,142.149707,11.46202888
335,-10.4,-8.8,141,157.7813394,14.27815741
365,-10.4,-10.6,158,138.9651639,13.26010082
459,-10.4,-5.2,140,149.1891206,12.95406223
512,-10.4,-16,159,156.1885914,13.47361048
657,-10.4,-0.4,138,148.8694648,11.7695663
124,-10.2,0,164,157.015691,13.43178576
418,-10.2,11.8,142,132.6454462,12.26532172
513,-10.2,-25.6,160,149.0662177,13.03614686
595,-10.2,-1.2,144,148.6330325,12.38963134
631,-10.2,-8.2,150,145.8332621,12.42157846
633,-10.2,-21.6,150,149.6162676,13.09309408
698,-10.2,-10.2,163,146.005604,11.93931818
718,-10.2,-10.2,169,159.2452147,12.76084159
830,-10.2,-10.2,166,145.3846463,11.80350145
58,-10,-10,157,152.8408987,13.5253513
95,-10,3,165,157.7890625,12.71941108
121,-10,-1,173,163.4134955,13.99733103
128,-10,-10,165,166.6530899,13.02963876
156,-10,0.4,158,151.4870993,14.28048646
302,-10,-8.6,163,146.9779769,12.84908264
357,-10,-10,157,152.4189935,13.0507545
359,-10,-10,177,144.0622407,12.13536281
398,-10,-7.4,162,151.7238112,12.16203495
423,-10,7.2,156,155.4582043,13.79761345
565,-10,-20.2,140,143.8994073,12.31715324
570,-10,-2.6,125,136.3950348,11.05964758
599,-10,-3,153,140.8831397,11.33928836
600,-10,-2.4,155,154.9724016,11.98896098
614,-10,12,132,136.1401548,11.66404127
635,-10,-10,163,144.6788775,12.29004624
685,-10,-6.4,135,141.6434837,11.11982368
690,-10,-18.4,148,140.9237231,11.80258488
710,-10,-14.2,97,139.8891844,11.91775053
800,-10,-14.6,164,153.1344095,12.84634902
37,-9.8,-9.6,154,149.6513761,13.31589369
45,-9.8,-15.4,160,153.4091125,12.49329853
101,-9.8,-10,160,169.8038741,12.94325956
110,-9.8,-9.8,156,156.9107143,14.20249176
285,-9.8,-8.2,132,139.1203501,12.60415667
337,-9.8,1,144,148.3453423,12.99541862
486,-9.8,-9.8,168,145.8768376,12.18002195
571,-9.8,-21.2,150,147.063004,11.83610958
572,-9.8,5.2,128,139.7391823,11.65189091
605,-9.8,-3.4,138,142.2888889,12.20021799
701,-9.8,-10.8,137,139.4565842,11.64809701
750,-9.8,-10.8,163,146.7084779,11.38021398
779,-9.8,0.8,142,134.8043947,10.76938526
120,-9.6,-6.4,178,160.6370848,14.20895548
195,-9.6,-9.6,190,165.9437593,13.32884815
239,-9.6,-5.6,141,143.7649805,13.2274198
278,-9.6,3.4,136,141.5782774,12.85951008
291,-9.6,-1.4,163,165.6520651,13.22159099
364,-9.6,-6.6,176,140.9175695,14.18609612
368,-9.6,-2.8,149,143.8108242,13.43589533
370,-9.6,-3.4,143,137.6782462,12.72839071
453,-9.6,-8,130,135.5776993,12.19491558
513,-9.6,-23.8,135,149.0662177,13.03614686
525,-9.6,6.2,136,136.505753,11.83179622
573,-9.6,-20.8,135,152.611755,12.40211712
609,-9.6,-2.6,130,140.9433962,11.07445489
618,-9.6,-15.2,120,135.9792403,11.02112814
803,-9.6,-8.8,132,135.4876777,10.88275905
1,-9.4,-9.4,132,145.8283465,13.56301134
290,-9.4,-1.2,155,154.6904594,11.93482177
317,-9.4,-10.2,138,135.8016194,12.00831255
476,-9.4,-9.4,132,139.2009536,12.12095616
485,-9.4,-8.2,134,150.6505017,12.40069365
605,-9.4,-3.8,136,142.2888889,12.20021799
705,-9.4,-25.8,130,144.3242718,12.55562097
767,-9.4,-9.4,149,138.8564488,11.83420813
812,-9.4,-9.6,155,138.2446853,12.01709112
126,-9.2,-5.8,158,164.1869424,14.06810511
156,-9.2,-5.4,124,151.4870993,14.28048646
161,-9.2,-2,171,164.6705927,12.94125435
210,-9.2,15.6,152,146.3213744,12.49045403
327,-9.2,7.2,112,142.4539326,12.76870674
403,-9.2,-2.4,119,147.4767559,11.47452658
449,-9.2,-9.2,125,147.0018645,12.62140087
565,-9.2,-8.6,145,143.8994073,12.31715324
580,-9.2,4.2,139,140.3149171,11.58190856
581,-9.2,-9.8,149,141.8521303,12.46778256
584,-9.2,7.8,139,135.7148453,11.9700973
589,-9.2,-2.6,137,140.4366293,11.20080284
604,-9.2,-4.4,135,140.9186239,11.25432024
713,-9.2,-18.8,156,138.3207237,11.31661761
829,-9.2,-1.6,136,138.7577065,11.68778841
21,-9,-31.4,126,134.9046653,12.52254888
28,-9,-9,150,152.5938117,14.02277972
44,-9,14.2,153,156.3614953,14.42921688
255,-9,-4.4,167,165.6633958,11.98050231
339,-9,-7.4,133,139.6171783,12.95794179
367,-9,-19.4,152,145.1557377,12.23394552
382,-9,-15,162,151.6675138,14.59635934
396,-9,-10.6,146,142.1334702,14.70209877
403,-9,-1.2,147,147.4767559,11.47452658
461,-9,-10.4,130,141.7818182,11.67475304
564,-9,-12.4,158,146.8555766,12.53359469
597,-9,0.8,143,147.3165171,12.2914424
39,-8.8,-25,151,153.7267809,14.22195361
90,-8.8,-7.2,169,151.6328125,11.6968875
121,-8.8,5,178,163.4134955,13.99733103
122,-8.8,-6.4,169,164.7571885,13.2009634
168,-8.8,-8.8,155,151.2732278,13.54063317
226,-8.8,-8.8,168,158.4130627,14.21131176
242,-8.8,-7.4,151,155.4660422,11.70505222
316,-8.8,-8.8,162,138.1152882,13.69386767
330,-8.8,-15,133,149.8450106,13.03356688
338,-8.8,0,120,139.7032622,11.93398419
348,-8.8,6.6,151,146.9683327,13.272676
444,-8.8,-28.8,130,127.3329601,11.52190075
535,-8.8,-20.4,126,140.9521853,10.95394701
565,-8.8,2,141,143.8994073,12.31715324
592,-8.8,-17.2,133,138.4963156,11.19528687
606,-8.8,-8.8,128,134.6039861,11.17817192
652,-8.8,0.2,149,149.296372,11.77471978
654,-8.8,-11.4,133,143.2450871,11.95366601
660,-8.8,-34.8,133,151.977494,13.65589691
686,-8.8,2.2,135,143.1550305,12.26827182
703,-8.8,-8.8,170,141.7186188,11.04527541
706,-8.8,-8.8,167,138.0301825,11.37442695
769,-8.8,3.2,125,130.3586767,11.30669739
90,-8.6,-5.2,147,151.6328125,11.6968875
156,-8.6,-8.6,156,151.4870993,14.28048646
167,-8.6,-4,153,158.0290598,13.51426506
243,-8.6,-3.2,159,151.7248996,13.3635759
290,-8.6,-3.4,158,154.6904594,11.93482177
302,-8.6,-8.6,166,146.9779769,12.84908264
309,-8.6,5.2,151,148.4405927,13.29796531
351,-8.6,-13.6,162,162.3053333,12.159984
398,-8.6,-9.4,152,151.7238112,12.16203495
454,-8.6,-13.6,142,144.9427046,11.92273943
535,-8.6,-8.6,190,140.9521853,10.95394701
565,-8.6,-2,133,143.8994073,12.31715324
568,-8.6,-2.2,123,136.1166961,11.33732169
588,-8.6,20.4,151,143.8118514,12.50280721
596,-8.6,3.6,163,147.7573681,11.60783605
615,-8.6,-4.8,161,141.8532533,11.53285722
632,-8.6,-0.4,165,159.4849878,12.54627363
645,-8.6,5.4,142,144.8565084,12.42341305
648,-8.6,11.8,122,124.3860252,10.98772784
669,-8.6,-13,170,154.3420411,14.12445141
681,-8.6,-27.2,143,150.8111965,12.82400132
710,-8.6,-8.6,163,139.8891844,11.91775053
751,-8.6,1.4,146,155.6283186,13.30936354
792,-8.6,-1.8,127,144.8352043,11.78911978
813,-8.6,-13,146,150.6745016,13.36424528
823,-8.6,-20.4,132,138.5452236,12.08530976
99,-8.4,21.6,149,156.295082,13.13780462
163,-8.4,-2.8,149,161.2394708,14.59632149
179,-8.4,-43.4,173,153.1774621,12.59766673
181,-8.4,-19.6,137,148.3735882,12.73259322
186,-8.4,-8.2,176,159.4518037,15.15766497
239,-8.4,7.2,127,143.7649805,13.2274198
281,-8.4,2.4,123,126.4245283,10.94288724
445,-8.4,-12.4,163,136.8441128,12.01349353
483,-8.4,-19,137,142.6484065,12.67416286
563,-8.4,19.8,157,152.8030903,13.5358046
590,-8.4,-7.2,146,152.2497663,11.60578486
593,-8.4,17.6,138,139.5662898,11.85406865
716,-8.4,-3.4,156,152.4681596,12.10371645
22,-8.2,2.2,170,159.7882987,14.71919353
28,-8.2,-1.6,144,152.5938117,14.02277972
66,-8.2,-8.2,150,151.6160584,13.02983737
142,-8.2,-8.2,163,163.4546314,16.73681813
243,-8.2,-8.2,167,151.7248996,13.3635759
312,-8.2,-14.2,132,136.8146311,11.85785319
338,-8.2,-0.6,111,139.7032622,11.93398419
344,-8.2,0.4,136,141.5603472,12.9096
347,-8.2,10.2,152,149.8834356,13.43652831
350,-8.2,21.2,103,134.3880699,12.08442408
375,-8.2,-0.8,156,138.5747918,13.28684755
391,-8.2,-19,172,151.6929873,13.66343523
536,-8.2,-9.4,115,141.4592629,11.81709139
565,-8.2,-16.2,149,143.8994073,12.31715324
570,-8.2,7.8,133,136.3950348,11.05964758
571,-8.2,-8.2,172,147.063004,11.83610958
572,-8.2,4.6,149,139.7391823,11.65189091
583,-8.2,29.6,170,150.2539219,12.86167968
583,-8.2,-25.8,152,150.2539219,12.86167968
682,-8.2,-27.2,147,144.9135063,11.54548503
768,-8.2,-5,131,143.459102,11.37431528
808,-8.2,7.8,156,148.3564785,12.0847347
817,-8.2,5.6,136,136.4993987,11.22162862
45,-8,-12.2,153,153.4091125,12.49329853
138,-8,-5.8,174,156.9331976,15.20062974
264,-8,2.8,165,159.351341,16.0655131
285,-8,10.2,128,139.1203501,12.60415667
297,-8,-7.6,165,148.6532731,12.03950819
328,-8,-8,127,155.2241379,14.00807055
457,-8,-45.6,163,137.3216208,11.62555442
480,-8,1.6,153,147.7496439,11.60891923
550,-8,0.8,136,145.0559918,12.15409778
570,-8,0.6,135,136.3950348,11.05964758
601,-8,-11,145,151.5185766,12.03512281
619,-8,-0.6,159,139.8797771,10.99316375
684,-8,-3.8,134,139.8482232,12.21068708
753,-8,-10.4,152,141.4077817,11.09317262
43,-7.8,-4.2,162,154.2322893,12.37423998
135,-7.8,-15.6,171,155.7290363,15.85348536
210,-7.8,-16,151,146.3213744,12.49045403
213,-7.8,-7.8,167,147.4979339,11.75777256
260,-7.8,-47.2,163,152.1223502,12.73178309
262,-7.8,-1,143,145.6017108,13.03849751
283,-7.8,-14.6,167,156.2475655,15.77736404
312,-7.8,-12,133,136.8146311,11.85785319
424,-7.8,-7.8,159,133.2035637,11.91873469
425,-7.8,-52.4,140,126.7937086,11.74841523
568,-7.8,-8.6,131,136.1166961,11.33732169
572,-7.8,-14,117,139.7391823,11.65189091
730,-7.8,-2.2,139,141.4448854,11.83667143
13,-7.6,-38,151,143.8639944,12.11354875
27,-7.6,-4.6,151,142.3197851,12.18187442
38,-7.6,2.2,155,156.6927587,13.85663536
56,-7.6,-27.2,154,153.9415496,13.09210304
82,-7.6,6.4,162,155.2078327,13.07001332
89,-7.6,-8.8,141,154.0408822,12.72914879
213,-7.6,-1.6,161,147.4979339,11.75777256
241,-7.6,-0.6,166,162.3443332,12.76949372
384,-7.6,-4.6,143,141.9528411,13.3879213
418,-7.6,6.4,136,132.6454462,12.26532172
510,-7.6,4.4,127,151.6854589,12.20306044
521,-7.6,-6.6,138,140.9851485,12.02496475
560,-7.6,-3.4,147,148.804205,12.04383926
565,-7.6,-10.8,142,143.8994073,12.31715324
585,-7.6,-3,136,138.4226295,11.67174989
593,-7.6,-3.6,160,139.5662898,11.85406865
605,-7.6,-1.6,146,142.2888889,12.20021799
669,-7.6,1.6,167,154.3420411,14.12445141
686,-7.6,-1.2,136,143.1550305,12.26827182
712,-7.6,-4.8,103,141.8499096,11.43291377
753,-7.6,-11.8,122,141.4077817,11.09317262
817,-7.6,-11.6,125,136.4993987,11.22162862
6,-7.4,-5,86,144.8876781,14.83615977
27,-7.4,-7.4,156,142.3197851,12.18187442
92,-7.4,-11.6,157,155.2954823,12.98193407
106,-7.4,-7.4,165,165.5716895,12.14332603
281,-7.4,-11.4,137,126.4245283,10.94288724
291,-7.4,-3.4,159,165.6520651,13.22159099
308,-7.4,0.2,136,144.3101737,12.60303292
326,-7.4,-11.6,150,152.5339151,12.86466709
359,-7.4,-7.4,139,144.0622407,12.13536281
381,-7.4,10.4,122,133.1346633,11.5817968
425,-7.4,-23.2,128,126.7937086,11.74841523
449,-7.4,-7.4,162,147.0018645,12.62140087
454,-7.4,-9.4,124,144.9427046,11.92273943
558,-7.4,38,130,142.004771,11.40661546
563,-7.4,-7.4,154,152.8030903,13.5358046
585,-7.4,7,135,138.4226295,11.67174989
616,-7.4,-10.4,129,135.8327957,11.24920258
633,-7.4,-4.2,171,149.6162676,13.09309408
708,-7.4,0,144,138.7173469,11.70572557
817,-7.4,-7.2,142,136.4993987,11.22162862
821,-7.4,-6.2,142,138.7921609,11.80433966
80,-7.2,-5.6,158,162.7320246,14.36619934
124,-7.2,3.6,146,157.015691,13.43178576
132,-7.2,-33,161,166.9725946,13.98886327
161,-7.2,-1.4,169,164.6705927,12.94125435
209,-7.2,2.2,156,154.1025595,12.07064157
244,-7.2,-7.2,159,150.1240135,13.03189448
339,-7.2,-7.2,169,139.6171783,12.95794179
365,-7.2,-4.2,142,138.9651639,13.26010082
393,-7.2,-10.2,145,143.0461049,12.49604833
424,-7.2,5.4,133,133.2035637,11.91873469
430,-7.2,4,122,133.4275643,12.15925569
483,-7.2,-10.2,128,142.6484065,12.67416286
576,-7.2,18.6,141,147.4588071,11.56513179
613,-7.2,17,143,140.6692876,11.38949786
617,-7.2,-5,173,148.2345854,11.00028567
623,-7.2,5.6,150,139.0111871,11.44366613
676,-7.2,-15.2,150,136.6160355,11.42385157
687,-7.2,-12,141,143.0897803,11.90535939
721,-7.2,-1.8,160,160.2190444,12.87415599
793,-7.2,-8.2,160,143.5754829,11.80650494
811,-7.2,-9,142,147.9395589,12.67819929
49,-7,-9.6,175,167.9284369,16.93899661
91,-7,-7,181,159.5377558,12.40552632
161,-7,1,174,164.6705927,12.94125435
256,-7,-7,157,140.150771,12.70206
283,-7,-3.2,166,156.2475655,15.77736404
329,-7,-21.2,131,138.1370034,12.60700519
330,-7,-6.8,163,149.8450106,13.03356688
349,-7,-1,137,137.3125972,12.77072926
381,-7,-19,137,133.1346633,11.5817968
483,-7,-9.2,142,142.6484065,12.67416286
592,-7,2.8,134,138.4963156,11.19528687
624,-7,-7,121,137.5638186,11.45548291
676,-7,0,144,136.6160355,11.42385157
691,-7,-8,147,154.3849733,13.05931359
29,-6.8,-12.2,165,152.5630281,12.54418169
203,-6.8,1.4,163,159.1853699,14.60824272
209,-6.8,33.8,155,154.1025595,12.07064157
244,-6.8,-11.2,158,150.1240135,13.03189448
296,-6.8,1.8,147,151.6664204,13.10634239
320,-6.8,-3.8,175,154.1055156,15.44344536
334,-6.8,7.6,145,144.7770545,12.89844293
480,-6.8,-9.2,163,147.7496439,11.60891923
482,-6.8,-9.2,137,145.0674258,12.56726017
486,-6.8,-6.8,164,145.8768376,12.18002195
576,-6.8,-8.2,153,147.4588071,11.56513179
582,-6.8,-11,138,141.53125,11.93411586
704,-6.8,-6.8,179,140.293653,12.06206525
821,-6.8,-0.4,138,138.7921609,11.80433966
17,-6.6,-6.6,138,135.2583047,10.10541781
46,-6.6,-6.6,173,158.5007886,13.79728085
156,-6.6,-4.6,162,151.4870993,14.28048646
214,-6.6,0.8,156,157.4463547,14.27044563
239,-6.6,-11.8,154,143.7649805,13.2274198
248,-6.6,-4.6,151,145.9598863,13.12178698
264,-6.6,-6.6,171,159.351341,16.0655131
333,-6.6,19.6,138,151.2302826,13.80920219
341,-6.6,2.4,155,150.940133,13.51946608
359,-6.6,-0.8,153,144.0622407,12.13536281
393,-6.6,-7.8,146,143.0461049,12.49604833
449,-6.6,-11.8,171,147.0018645,12.62140087
491,-6.6,-6.6,164,147.0936566,12.47223097
493,-6.6,-6.8,144,145.5803903,11.84704294
588,-6.6,-2.8,141,143.8118514,12.50280721
597,-6.6,-6.6,156,147.3165171,12.2914424
681,-6.6,-6.6,147,150.8111965,12.82400132
687,-6.6,1,142,143.0897803,11.90535939
713,-6.6,-7,135,138.3207237,11.31661761
817,-6.6,-12.6,128,136.4993987,11.22162862
39,-6.4,11,148,153.7267809,14.22195361
149,-6.4,-6.4,170,161.6591745,14.32630629
224,-6.4,-14,158,162.8968354,12.3825441
238,-6.4,-6.4,157,152.7323232,13.88891943
239,-6.4,-21,110,143.7649805,13.2274198
241,-6.4,-4,170,162.3443332,12.76949372
249,-6.4,0.2,159,147.6396166,12.12632741
253,-6.4,6,168,155.6612815,12.38155031
322,-6.4,7.8,148,144.7227969,12.52358974
359,-6.4,-2.2,148,144.0622407,12.13536281
392,-6.4,-9.8,164,152.5569704,12.60016104
406,-6.4,-39.6,155,151.2854197,13.47094744
472,-6.4,-6.4,160,161.2582057,12.87400175
483,-6.4,-88.4,138,142.6484065,12.67416286
528,-6.4,-2.6,140,145.0233062,12.68231285
572,-6.4,5.6,143,139.7391823,11.65189091
576,-6.4,-6.8,147,147.4588071,11.56513179
595,-6.4,-18.4,157,148.6330325,12.38963134
632,-6.4,-8.8,157,159.4849878,12.54627363
646,-6.4,-4,138,136.4680015,11.89295583
687,-6.4,-2.6,147,143.0897803,11.90535939
767,-6.4,5.8,118,138.8564488,11.83420813
834,-6.4,-8.4,161,157.2769508,13.45272909
96,-6.2,-4.4,153,163.5007496,13.8260468
193,-6.2,-6.2,163,161.2054846,12.37472425
203,-6.2,-1.8,159,159.1853699,14.60824272
209,-6.2,-34.2,158,154.1025595,12.07064157
262,-6.2,-10.6,140,145.6017108,13.03849751
335,-6.2,-4,140,157.7813394,14.27815741
361,-6.2,-20.6,144,146.2313897,13.34831961
361,-6.2,-18.4,146,146.2313897,13.34831961
368,-6.2,0.2,150,143.8108242,13.43589533
399,-6.2,-7.2,144,154.0680152,12.45351504
476,-6.2,-6.2,107,139.2009536,12.12095616
495,-6.2,2.8,170,152.7092248,13.00137217
564,-6.2,-20.6,149,146.8555766,12.53359469
569,-6.2,3.8,138,133.8945445,11.25614471
571,-6.2,-9.2,153,147.063004,11.83610958
580,-6.2,4.2,137,140.3149171,11.58190856
586,-6.2,1,131,136.4125619,11.65649789
589,-6.2,3.2,153,140.4366293,11.20080284
627,-6.2,-4.4,165,151.7778396,10.56816306
652,-6.2,-5.2,161,149.296372,11.77471978
659,-6.2,-46,121,136.5868893,11.06816327
686,-6.2,-4.6,153,143.1550305,12.26827182
719,-6.2,-45.8,151,155.1047516,12.92465054
783,-6.2,0.2,157,154.7712056,13.19400739
820,-6.2,-6.2,165,142.6821809,11.93404661
834,-6.2,-6.2,164,157.2769508,13.45272909
109,-6,7.8,118,156.8921371,12.33787658
120,-6,1.2,178,160.6370848,14.20895548
157,-6,-6,140,157.4129646,13.13309456
180,-6,-1.2,153,157.0405503,13.05411875
235,-6,9.4,171,162.9964758,15.58666385
236,-6,-0.6,159,151.2514286,13.91136136
256,-6,-31.4,134,140.150771,12.70206
320,-6,2.8,174,154.1055156,15.44344536
328,-6,11.4,159,155.2241379,14.00807055
337,-6,-0.6,141,148.3453423,12.99541862
349,-6,3,129,137.3125972,12.77072926
360,-6,-2.2,144,136.7178453,12.37743243
383,-6,-2,153,145.4414081,13.67306975
393,-6,-10,148,143.0461049,12.49604833
403,-6,-11.2,143,147.4767559,11.47452658
470,-6,-15,127,128.9831844,11.04198697
540,-6,5.8,127,140.7291855,11.67673654
560,-6,9.6,142,148.804205,12.04383926
570,-6,-16.6,137,136.3950348,11.05964758
574,-6,-16,135,136.1698915,11.47560906
604,-6,-8.4,129,140.9186239,11.25432024
620,-6,-7.8,175,163.6454821,13.72806381
644,-6,-6,131,134.0286275,11.46109976
644,-6,-6,137,134.0286275,11.46109976
660,-6,-8.4,140,151.977494,13.65589691
663,-6,-0.8,168,157.7307745,12.37343112
669,-6,-2.8,171,154.3420411,14.12445141
690,-6,-12.4,145,140.9237231,11.80258488
708,-6,5.2,143,138.7173469,11.70572557
756,-6,3.6,156,150.0225779,11.49022669
808,-6,7.8,145,148.3564785,12.0847347
810,-6,-1.8,177,156.884677,13.65389664
35,-5.8,4.2,144,141.7006481,12.15138275
53,-5.8,-5.2,170,166.7409836,19.84047344
71,-5.8,-5.8,158,158.3722067,12.47578994
256,-5.8,-7.4,129,140.150771,12.70206
263,-5.8,-49.8,160,141.4714202,12.22440919
263,-5.8,0.6,144,141.4714202,12.22440919
278,-5.8,8.4,138,141.5782774,12.85951008
328,-5.8,-10,136,155.2241379,14.00807055
355,-5.8,-7.2,146,135.5260516,12.38773078
382,-5.8,7.2,155,151.6675138,14.59635934
428,-5.8,16.4,171,142.9906617,12.51455469
484,-5.8,-0.4,133,135.808958,11.43509726
528,-5.8,16.2,126,145.0233062,12.68231285
563,-5.8,-10.6,145,152.8030903,13.5358046
583,-5.8,-5.8,158,150.2539219,12.86167968
602,-5.8,-14.2,166,153.4196429,12.20600078
610,-5.8,0,147,144.8961749,11.49045653
617,-5.8,-9,154,148.2345854,11.00028567
636,-5.8,-6.6,140,137.8762353,11.6657568
654,-5.8,-4.2,141,143.2450871,11.95366601
669,-5.8,-7.2,165,154.3420411,14.12445141
680,-5.8,0,138,141.4230977,12.32863616
753,-5.8,-3,124,141.4077817,11.09317262
768,-5.8,5.2,147,143.459102,11.37431528
772,-5.8,2.6,142,159.2233989,12.89047388
787,-5.8,-1.8,173,155.0846012,13.34102241
817,-5.8,-8,118,136.4993987,11.22162862
35,-5.6,-10,147,141.7006481,12.15138275
43,-5.6,-5.8,156,154.2322893,12.37423998
53,-5.6,-5.6,170,166.7409836,19.84047344
119,-5.6,-5.6,165,162.357193,13.63178779
268,-5.6,4,169,164.63,13.720212
284,-5.6,4.8,140,141.7720384,12.86020217
310,-5.6,-2.6,131,131.5135422,11.3657009
361,-5.6,-5.6,148,146.2313897,13.34831961
438,-5.6,-4.4,168,142.9070175,14.10274412
499,-5.6,-17.6,155,144.4975978,12.4185558
564,-5.6,9.8,135,146.8555766,12.53359469
564,-5.6,23,148,146.8555766,12.53359469
570,-5.6,-9,129,136.3950348,11.05964758
576,-5.6,-5.8,142,147.4588071,11.56513179
581,-5.6,-5.6,165,141.8521303,12.46778256
715,-5.6,-25.8,148,145.5974106,12.3509053
3,-5.4,-0.4,154,156.4921384,13.42871132
3,-5.4,-5.4,149,156.4921384,13.42871132
41,-5.4,-5.4,161,147.227519,12.54318397
102,-5.4,-7.6,168,157.531537,14.04196424
111,-5.4,-5.4,169,164.2467153,13.16230161
235,-5.4,-0.6,168,162.9964758,15.58666385
259,-5.4,1.2,147,162.4146341,15.08849447
274,-5.4,12.8,161,156.8457986,14.27637799
307,-5.4,-9.2,140,143.5063902,12.4572761
310,-5.4,1.8,126,131.5135422,11.3657009
316,-5.4,-5.4,156,138.1152882,13.69386767
322,-5.4,0.4,99,144.7227969,12.52358974
326,-5.4,-8.2,142,152.5339151,12.86466709
419,-5.4,11.8,138,133.3709199,12.714673
437,-5.4,-19.4,148,122.7234957,10.68763958
438,-5.4,-2.4,131,142.9070175,14.10274412
438,-5.4,-4,170,142.9070175,14.10274412
445,-5.4,-0.2,131,136.8441128,12.01349353
454,-5.4,6.2,136,144.9427046,11.92273943
476,-5.4,-12.2,151,139.2009536,12.12095616
483,-5.4,26.4,136,142.6484065,12.67416286
573,-5.4,-7.6,155,152.611755,12.40211712
585,-5.4,-11.4,133,138.4226295,11.67174989
593,-5.4,14.2,150,139.5662898,11.85406865
602,-5.4,-12.4,159,153.4196429,12.20600078
608,-5.4,-1,119,133.2935022,10.9897652
644,-5.4,-5.8,137,134.0286275,11.46109976
654,-5.4,-11,154,143.2450871,11.95366601
676,-5.4,0.4,133,136.6160355,11.42385157
821,-5.4,-6.4,136,138.7921609,11.80433966
832,-5.4,-5.4,165,138.5223325,11.34720803
23,-5.2,-10.6,155,153.0618893,14.41774788
74,-5.2,-5.2,149,159.8856224,14.2933593
145,-5.2,-5.2,157,149.2709114,14.4985903
236,-5.2,-6.6,156,151.2514286,13.91136136
239,-5.2,-10.4,147,143.7649805,13.2274198
246,-5.2,2,166,158.7899878,14.08207326
258,-5.2,-4.4,147,142.3249391,12.95713501
282,-5.2,-5.2,149,146.4289793,13.58297239
333,-5.2,-11.8,152,151.2302826,13.80920219
336,-5.2,-3,135,138.2307692,12.29114446
371,-5.2,-8.2,147,137.5323569,12.34864601
390,-5.2,-16,137,145.4269289,13.96439891
393,-5.2,-2.4,125,143.0461049,12.49604833
484,-5.2,-19.4,130,135.808958,11.43509726
485,-5.2,-16.4,144,150.6505017,12.40069365
513,-5.2,-10.6,164,149.0662177,13.03614686
570,-5.2,-13,138,136.3950348,11.05964758
585,-5.2,-5.6,171,138.4226295,11.67174989
640,-5.2,0.6,164,146.7283455,12.12308369
643,-5.2,-7.6,159,159.8023609,13.22962382
689,-5.2,-4,138,144.0797571,11.52142543
701,-5.2,-10.8,142,139.4565842,11.64809701
702,-5.2,-11.2,156,139.7406699,10.98452428
99,-5,11.8,152,156.295082,13.13780462
107,-5,-5,160,163.4945726,12.97775593
115,-5,-6,155,155.465225,12.2393317
123,-5,-16.6,140,143.6781726,12.0574571
153,-5,17.6,166,160.5744417,13.10153853
191,-5,-13.6,149,152.7274011,12.6548161
236,-5,-5,151,151.2514286,13.91136136
258,-5,9,150,142.3249391,12.95713501
283,-5,-2,166,156.2475655,15.77736404
301,-5,-6.4,143,141.4507175,11.53964017
345,-5,3.6,156,157.6390469,14.4173138
353,-5,0,148,134.2844542,11.32606439
354,-5,0.6,161,155.9744501,14.66009376
363,-5,-16.2,156,155.973672,12.49158788
366,-5,-21.8,155,151.6804295,13.28709472
378,-5,-3,140,132.073571,12.36014669
384,-5,-28.8,137,141.9528411,13.3879213
391,-5,-5,135,151.6929873,13.66343523
441,-5,-4.6,134,138.5281583,12.63057863
449,-5,-3.8,160,147.0018645,12.62140087
458,-5,-1,161,163.0935987,9.454793552
565,-5,-15,141,143.8994073,12.31715324
570,-5,-2.8,128,136.3950348,11.05964758
640,-5,3.8,134,146.7283455,12.12308369
664,-5,-1.2,141,139.7860418,11.2361135
671,-5,2.2,130,132.0570583,11.17135841
683,-5,-1,141,142.2087576,11.9734306
686,-5,-0.6,143,143.1550305,12.26827182
712,-5,-4.4,136,141.8499096,11.43291377
774,-5,5.8,152,140.6763314,11.35619574
811,-5,4,146,147.9395589,12.67819929
39,-4.8,1.4,172,153.7267809,14.22195361
45,-4.8,8,154,153.4091125,12.49329853
45,-4.8,-15.6,160,153.4091125,12.49329853
128,-4.8,-11,171,166.6530899,13.02963876
131,-4.8,1.4,157,153.9189679,13.15786673
132,-4.8,-0.8,161,166.9725946,13.98886327
145,-4.8,-2.2,167,149.2709114,14.4985903
172,-4.8,-4.8,156,155.8322034,13.4239973
184,-4.8,-17.6,155,158.9580654,13.20138921
222,-4.8,-4.6,164,157.3443609,14.17875104
237,-4.8,-4.8,154,138.6553641,12.05199956
253,-4.8,1.6,156,155.6612815,12.38155031
261,-4.8,-4.8,113,162.8026549,15.77974938
288,-4.8,-6,147,162.7692892,13.21799453
319,-4.8,-28.8,125,139.4069952,12.14284781
390,-4.8,-4.2,151,145.4269289,13.96439891
394,-4.8,-19,125,131.0369108,12.39664191
438,-4.8,-0.2,164,142.9070175,14.10274412
477,-4.8,2.4,151,142.5822864,11.69710101
483,-4.8,-24,129,142.6484065,12.67416286
484,-4.8,4.8,129,135.808958,11.43509726
554,-4.8,-3.8,138,134.6983169,11.59079733
560,-4.8,23,142,148.804205,12.04383926
594,-4.8,7.2,159,150.4772932,11.49328746
612,-4.8,-9.6,164,152.6090555,11.82362162
617,-4.8,-5.4,151,148.2345854,11.00028567
702,-4.8,5.2,151,139.7406699,10.98452428
706,-4.8,-9.2,130,138.0301825,11.37442695
89,-4.6,-3,134,154.0408822,12.72914879
120,-4.6,-4.6,152,160.6370848,14.20895548
153,-4.6,20.8,163,160.5744417,13.10153853
193,-4.6,-7.2,162,161.2054846,12.37472425
225,-4.6,2.4,152,158.6851595,14.08235784
241,-4.6,1.8,165,162.3443332,12.76949372
310,-4.6,-2.6,142,131.5135422,11.3657009
316,-4.6,-4.6,142,138.1152882,13.69386767
318,-4.6,14.6,142,146.0843069,12.86701838
328,-4.6,8.6,164,155.2241379,14.00807055
332,-4.6,-5.4,155,150.7260222,13.34014941
388,-4.6,1.8,112,113.0173954,10.33265501
485,-4.6,-4.6,131,150.6505017,12.40069365
485,-4.6,1.8,156,150.6505017,12.40069365
506,-4.6,-3.4,165,147.2384519,11.76096629
536,-4.6,-8,111,141.4592629,11.81709139
561,-4.6,-4.2,137,148.3965368,12.80891065
571,-4.6,-10.4,144,147.063004,11.83610958
572,-4.6,-5.8,142,139.7391823,11.65189091
648,-4.6,-4.6,168,124.3860252,10.98772784
671,-4.6,-15.4,137,132.0570583,11.17135841
674,-4.6,-6.6,144,141.4364833,12.19855193
675,-4.6,-2.4,135,143.3512807,11.38810601
686,-4.6,-16,151,143.1550305,12.26827182
686,-4.6,-4.4,126,143.1550305,12.26827182
710,-4.6,-4.6,167,139.8891844,11.91775053
6,-4.4,0.6,166,144.8876781,14.83615977
45,-4.4,-4.4,156,153.4091125,12.49329853
45,-4.4,-5,164,153.4091125,12.49329853
52,-4.4,-8.8,146,152.2789116,13.79562041
110,-4.4,-5.6,180,156.9107143,14.20249176
211,-4.4,2,146,152.9886493,13.09466901
253,-4.4,-6.8,169,155.6612815,12.38155031
255,-4.4,-10.8,170,165.6633958,11.98050231
306,-4.4,-3.6,175,154.1877627,15.75150935
320,-4.4,-10.6,177,154.1055156,15.44344536
348,-4.4,-5.2,141,146.9683327,13.272676
371,-4.4,-12.2,160,137.5323569,12.34864601
379,-4.4,-32.8,120,112.8872215,10.26521746
387,-4.4,5,135,136.7578046,12.10413353
396,-4.4,-9.4,148,142.1334702,14.70209877
470,-4.4,1.4,122,128.9831844,11.04198697
576,-4.4,-21.2,157,147.4588071,11.56513179
579,-4.4,-21.2,156,152.9274599,13.58003819
585,-4.4,-4.6,136,138.4226295,11.67174989
589,-4.4,-10.2,135,140.4366293,11.20080284
597,-4.4,-4.4,158,147.3165171,12.2914424
607,-4.4,3.4,128,138.6397466,11.31168527
635,-4.4,-8.6,163,144.6788775,12.29004624
657,-4.4,-3.2,149,148.8694648,11.7695663
672,-4.4,5.8,133,142.270775,11.58851653
706,-4.4,-4.4,169,138.0301825,11.37442695
763,-4.4,-1.6,148,141.7130435,11.87127384
785,-4.4,-4.4,178,145.611138,11.77943535
808,-4.4,4.4,158,148.3564785,12.0847347
810,-4.4,-4.4,146,156.884677,13.65389664
7,-4.2,-0.6,152,144.5255319,13.4471183
20,-4.2,-0.6,127,135.8560121,12.37443076
43,-4.2,-10.6,153,154.2322893,12.37423998
145,-4.2,-6,141,149.2709114,14.4985903
151,-4.2,-25.2,142,158.156172,12.77093859
158,-4.2,-16,153,142.5225989,13.00288563
161,-4.2,-4.2,167,164.6705927,12.94125435
161,-4.2,29.8,165,164.6705927,12.94125435
185,-4.2,-0.6,167,164.4760746,14.23734068
190,-4.2,-4.4,168,165.1070597,14.18910535
206,-4.2,-3.2,153,152.0646617,12.47342941
262,-4.2,1.2,144,145.6017108,13.03849751
301,-4.2,-4.4,150,141.4507175,11.53964017
337,-4.2,-6,147,148.3453423,12.99541862
344,-4.2,-0.8,142,141.5603472,12.9096
359,-4.2,7.8,147,144.0622407,12.13536281
396,-4.2,-6,167,142.1334702,14.70209877
422,-4.2,3,123,131.2356091,12.29049542
438,-4.2,-2.4,168,142.9070175,14.10274412
480,-4.2,-4.2,178,147.7496439,11.60891923
611,-4.2,6.6,135,139.5548545,11.06759033
613,-4.2,36.2,139,140.6692876,11.38949786
632,-4.2,-4.2,138,159.4849878,12.54627363
633,-4.2,2,132,149.6162676,13.09309408
638,-4.2,3.6,128,133.9193217,12.06376095
686,-4.2,-8.2,149,143.1550305,12.26827182
688,-4.2,-5.2,139,148.2147947,11.53261943
691,-4.2,0.6,153,154.3849733,13.05931359
801,-4.2,-5.6,150,151.4146341,12.43561383
22,-4,-2.2,166,159.7882987,14.71919353
24,-4,-4,185,154.3619925,12.14122743
57,-4,-11,136,143.8517499,12.73277814
62,-4,-12.8,158,157.534079,13.279226
113,-4,-2.4,160,163.0726073,13.52878816
172,-4,-8,153,155.8322034,13.4239973
239,-4,-2.4,152,143.7649805,13.2274198
255,-4,-2.6,144,165.6633958,11.98050231
256,-4,21.2,129,140.150771,12.70206
306,-4,-1.2,164,154.1877627,15.75150935
319,-4,3.8,141,139.4069952,12.14284781
350,-4,-12.4,138,134.3880699,12.08442408
364,-4,-12.6,137,140.9175695,14.18609612
372,-4,-10.8,149,140.7526602,12.38829208
394,-4,-12,133,131.0369108,12.39664191
429,-4,6.2,133,141.8463995,13.40825331
436,-4,-4,136,145.2131404,12.81763535
539,-4,5.6,134,155.9655431,13.35438921
580,-4,-8.6,141,140.3149171,11.58190856
582,-4,-1.6,133,141.53125,11.93411586
585,-4,0.4,170,138.4226295,11.67174989
594,-4,7,160,150.4772932,11.49328746
601,-4,-7.6,149,151.5185766,12.03512281
617,-4,-0.2,138,148.2345854,11.00028567
629,-4,14.8,165,150.9587284,11.26131144
702,-4,-4,132,139.7406699,10.98452428
719,-4,44,152,155.1047516,12.92465054
835,-4,7.2,155,154.8328321,12.8137994
248,-3.8,-3.4,146,145.9598863,13.12178698
306,-3.8,-3,156,154.1877627,15.75150935
359,-3.8,1.8,139,144.0622407,12.13536281
361,-3.8,0.2,137,146.2313897,13.34831961
375,-3.8,-5.8,138,138.5747918,13.28684755
376,-3.8,4.8,120,129.845187,12.0217684
377,-3.8,4.6,127,136.8225299,11.53318565
383,-3.8,-3.8,133,145.4414081,13.67306975
398,-3.8,2,149,151.7238112,12.16203495
403,-3.8,-0.2,147,147.4767559,11.47452658
447,-3.8,0.6,128,132.3478555,11.74058116
481,-3.8,-3.8,153,155.4838391,13.67780343
579,-3.8,-11.6,147,152.9274599,13.58003819
585,-3.8,14.4,137,138.4226295,11.67174989
612,-3.8,-24.4,143,152.6090555,11.82362162
624,-3.8,-14.6,138,137.5638186,11.45548291
680,-3.8,5,145,141.4230977,12.32863616
772,-3.8,18.4,151,159.2233989,12.89047388
779,-3.8,-4.6,121,134.8043947,10.76938526
30,-3.6,8.2,141,148.2611895,12.5410867
186,-3.6,-11.2,170,159.4518037,15.15766497
235,-3.6,-3.6,167,162.9964758,15.58666385
260,-3.6,2.8,152,152.1223502,12.73178309
280,-3.6,-4.4,162,152.5008741,14.49542986
326,-3.6,-0.8,144,152.5339151,12.86466709
326,-3.6,-2.4,142,152.5339151,12.86466709
343,-3.6,-6,139,136.7149497,11.7593512
354,-3.6,-6.4,163,155.9744501,14.66009376
355,-3.6,-40.4,147,135.5260516,12.38773078
359,-3.6,-0.4,142,144.0622407,12.13536281
359,-3.6,6.8,145,144.0622407,12.13536281
369,-3.6,-2.6,138,149.1462552,13.21641813
379,-3.6,19,130,112.8872215,10.26521746
455,-3.6,7.2,145,149.2405154,12.97530064
481,-3.6,-10.2,144,155.4838391,13.67780343
485,-3.6,1.4,161,150.6505017,12.40069365
508,-3.6,6,145,146.6828074,12.1743753
572,-3.6,6.8,138,139.7391823,11.65189091
591,-3.6,-12.6,138,133.0942207,10.80352056
637,-3.6,-14.4,151,140.8169811,11.06175849
656,-3.6,-0.2,144,142.4051891,11.34577291
694,-3.6,-5.2,139,141.2464205,11.63201914
701,-3.6,-4,142,139.4565842,11.64809701
718,-3.6,7.8,170,159.2452147,12.76084159
793,-3.6,-4.4,154,143.5754829,11.80650494
156,-3.4,-4.6,158,151.4870993,14.28048646
180,-3.4,-3.4,158,157.0405503,13.05411875
238,-3.4,-3.4,165,152.7323232,13.88891943
239,-3.4,-4.2,127,143.7649805,13.2274198
260,-3.4,-1.6,151,152.1223502,12.73178309
325,-3.4,-3.4,140,145.1473936,11.72351957
330,-3.4,-3.4,166,149.8450106,13.03356688
392,-3.4,-13.4,168,152.5569704,12.60016104
398,-3.4,-13.8,152,151.7238112,12.16203495
410,-3.4,6.2,148,146.1625045,13.67847089
438,-3.4,-2.4,169,142.9070175,14.10274412
438,-3.4,-1.8,169,142.9070175,14.10274412
442,-3.4,-11.2,156,153.0657954,13.60284254
474,-3.4,5.8,115,128.0783875,9.993264745
486,-3.4,-16.4,142,145.8768376,12.18002195
499,-3.4,10.6,153,144.4975978,12.4185558
554,-3.4,-6,131,134.6983169,11.59079733
570,-3.4,-6.6,127,136.3950348,11.05964758
577,-3.4,-4.8,141,148.7532051,12.548362
583,-3.4,7,150,150.2539219,12.86167968
595,-3.4,9.8,160,148.6330325,12.38963134
723,-3.4,-3.4,160,145.0860821,11.64771456
809,-3.4,-12.8,102,149.6405615,13.34909922
16,-3.2,-280.6,134,143.0171329,12.58336786
96,-3.2,-18.8,163,163.5007496,13.8260468
135,-3.2,0.6,119,155.7290363,15.85348536
140,-3.2,-3.2,160,149.2883379,12.4245157
153,-3.2,4.6,165,160.5744417,13.10153853
216,-3.2,-3.2,173,165.2325777,14.91045945
227,-3.2,-2.2,143,147.4470046,13.07918894
238,-3.2,-2.4,154,152.7323232,13.88891943
262,-3.2,12.4,147,145.6017108,13.03849751
306,-3.2,-3.2,156,154.1877627,15.75150935
311,-3.2,-3.2,174,153.5604808,14.03154013
316,-3.2,-3.2,157,138.1152882,13.69386767
334,-3.2,-3.2,170,144.7770545,12.89844293
398,-3.2,-5.2,137,151.7238112,12.16203495
446,-3.2,8.2,123,134.9049787,12.17770945
459,-3.2,-9.2,135,149.1891206,12.95406223
462,-3.2,-0.4,142,137.5573277,12.08770637
466,-3.2,3.4,137,151.4891097,13.72228109
482,-3.2,-7,129,145.0674258,12.56726017
497,-3.2,-6.8,153,162.7599289,14.98121181
528,-3.2,2.6,152,145.0233062,12.68231285
556,-3.2,-3.2,174,142.2152847,11.99152638
565,-3.2,-35.6,148,143.8994073,12.31715324
587,-3.2,27.4,155,147.4953429,12.59395687
589,-3.2,-4.2,146,140.4366293,11.20080284
647,-3.2,-3,131,137.2684373,11.70552419
657,-3.2,-5,162,148.8694648,11.7695663
662,-3.2,4.8,148,127.1428073,10.84690157
665,-3.2,-4.8,162,143.5741643,12.3166114
683,-3.2,0,138,142.2087576,11.9734306
704,-3.2,-52.8,142,140.293653,12.06206525
747,-3.2,-11.2,128,145.3297521,11.97043289
821,-3.2,-15.8,112,138.7921609,11.80433966
835,-3.2,-9.8,156,154.8328321,12.8137994
132,-3,-16.4,176,166.9725946,13.98886327
145,-3,-3,143,149.2709114,14.4985903
167,-3,1.6,165,158.0290598,13.51426506
183,-3,-3.6,157,152.5792896,12.98946996
213,-3,-3,165,147.4979339,11.75777256
255,-3,-3.2,166,165.6633958,11.98050231
284,-3,-3.2,140,141.7720384,12.86020217
309,-3,-8.8,146,148.4405927,13.29796531
322,-3,2.2,153,144.7227969,12.52358974
329,-3,-8,145,138.1370034,12.60700519
350,-3,-0.6,136,134.3880699,12.08442408
366,-3,5.6,157,151.6804295,13.28709472
370,-3,-9.8,134,137.6782462,12.72839071
371,-3,-1.6,137,137.5323569,12.34864601
396,-3,-6.4,139,142.1334702,14.70209877
410,-3,1,148,146.1625045,13.67847089
413,-3,9.2,175,158.6134715,15.45156933
414,-3,-1.2,134,137.0905365,12.99864268
438,-3,-5,166,142.9070175,14.10274412
466,-3,-54,160,151.4891097,13.72228109
560,-3,-3.2,143,148.804205,12.04383926
574,-3,-5.8,141,136.1698915,11.47560906
581,-3,-0.8,144,141.8521303,12.46778256
585,-3,2.4,135,138.4226295,11.67174989
601,-3,-3,151,151.5185766,12.03512281
605,-3,-9.6,143,142.2888889,12.20021799
663,-3,-3,111,157.7307745,12.37343112
665,-3,5,148,143.5741643,12.3166114
675,-3,3,141,143.3512807,11.38810601
692,-3,-4.8,131,129.5729043,11.351641
763,-3,-3.4,144,141.7130435,11.87127384
797,-3,-7.4,144,147.2979777,12.02068675
823,-3,1.6,137,138.5452236,12.08530976
96,-2.8,-2.8,161,163.5007496,13.8260468
116,-2.8,-2.8,156,157.2700587,13.2847773
126,-2.8,12.4,164,164.1869424,14.06810511
134,-2.8,6,152,152.8026735,12.44712914
135,-2.8,2,124,155.7290363,15.85348536
218,-2.8,-19.2,165,163.6212858,12.78503533
237,-2.8,4.6,147,138.6553641,12.05199956
239,-2.8,-16,149,143.7649805,13.2274198
258,-2.8,-1.2,132,142.3249391,12.95713501
262,-2.8,-2.8,168,145.6017108,13.03849751
288,-2.8,-2.8,162,162.7692892,13.21799453
331,-2.8,2.6,151,144.6890424,12.25198697
383,-2.8,-8,152,145.4414081,13.67306975
438,-2.8,-2.8,164,142.9070175,14.10274412
438,-2.8,-3.6,167,142.9070175,14.10274412
513,-2.8,-5.4,137,149.0662177,13.03614686
530,-2.8,3.4,134,142.1497076,11.77965333
571,-2.8,-11.6,141,147.063004,11.83610958
575,-2.8,-37.8,165,154.5339196,11.58307688
579,-2.8,-14.2,153,152.9274599,13.58003819
595,-2.8,1,143,148.6330325,12.38963134
601,-2.8,2,151,151.5185766,12.03512281
601,-2.8,1.8,139,151.5185766,12.03512281
616,-2.8,5.6,129,135.8327957,11.24920258
617,-2.8,0.4,154,148.2345854,11.00028567
656,-2.8,3,149,142.4051891,11.34577291
667,-2.8,-19.8,150,148.4574326,12.18129512
702,-2.8,-10.4,142,139.7406699,10.98452428
6,-2.6,-2.6,166,144.8876781,14.83615977
37,-2.6,-6.4,161,149.6513761,13.31589369
46,-2.6,-31.8,155,158.5007886,13.79728085
58,-2.6,0.6,166,152.8408987,13.5253513
60,-2.6,-3.8,149,148.1702606,13.32267493
110,-2.6,-2.6,169,156.9107143,14.20249176
121,-2.6,2.2,148,163.4134955,13.99733103
147,-2.6,-13,184,168.9962121,14.63450568
186,-2.6,-4.6,173,159.4518037,15.15766497
206,-2.6,10,158,152.0646617,12.47342941
237,-2.6,-12.6,141,138.6553641,12.05199956
239,-2.6,-0.8,152,143.7649805,13.2274198
249,-2.6,-19.2,149,147.6396166,12.12632741
283,-2.6,2.2,167,156.2475655,15.77736404
350,-2.6,-0.2,141,134.3880699,12.08442408
359,-2.6,2,148,144.0622407,12.13536281
359,-2.6,-2.2,145,144.0622407,12.13536281
360,-2.6,-12.8,127,136.7178453,12.37743243
364,-2.6,3.2,99,140.9175695,14.18609612
374,-2.6,-10.4,120,124.0124429,11.67059848
419,-2.6,6.6,146,133.3709199,12.714673
438,-2.6,-4,166,142.9070175,14.10274412
438,-2.6,3.4,127,142.9070175,14.10274412
449,-2.6,3,141,147.0018645,12.62140087
497,-2.6,10.8,111,162.7599289,14.98121181
583,-2.6,-4,141,150.2539219,12.86167968
643,-2.6,7.2,150,159.8023609,13.22962382
681,-2.6,-2,150,150.8111965,12.82400132
709,-2.6,-1.8,126,135.7735997,11.14782797
710,-2.6,-2.2,148,139.8891844,11.91775053
717,-2.6,-1.6,135,142.2307025,11.71266025
747,-2.6,-1.2,148,145.3297521,11.97043289
763,-2.6,-3.4,150,141.7130435,11.87127384
785,-2.6,1.6,138,145.611138,11.77943535
800,-2.6,-2.6,144,153.1344095,12.84634902
818,-2.6,-8.6,170,153.4772048,13.36745088
45,-2.4,-3.2,153,153.4091125,12.49329853
77,-2.4,-14.2,141,150.9856074,12.59838964
126,-2.4,-1.2,175,164.1869424,14.06810511
142,-2.4,5.8,174,163.4546314,16.73681813
167,-2.4,5.6,167,158.0290598,13.51426506
178,-2.4,4.4,157,158.8602251,14.00897399
220,-2.4,11.6,154,146.5896657,13.04444446
239,-2.4,-2.4,152,143.7649805,13.2274198
239,-2.4,0.8,161,143.7649805,13.2274198
239,-2.4,5,150,143.7649805,13.2274198
243,-2.4,-6.6,150,151.7248996,13.3635759
261,-2.4,8.4,170,162.8026549,15.77974938
273,-2.4,-2.8,130,142.8680053,11.78018117
289,-2.4,-0.2,147,143.3810538,12.60505609
289,-2.4,1.4,149,143.3810538,12.60505609
326,-2.4,3,134,152.5339151,12.86466709
346,-2.4,-1.4,143,152.111976,13.12989136
350,-2.4,0.2,133,134.3880699,12.08442408
351,-2.4,-4.4,165,162.3053333,12.159984
360,-2.4,0.8,141,136.7178453,12.37743243
382,-2.4,-5.8,153,151.6675138,14.59635934
481,-2.4,-2.4,165,155.4838391,13.67780343
486,-2.4,14.2,129,145.8768376,12.18002195
522,-2.4,-3.6,153,141.2027266,11.63644116
570,-2.4,1.6,133,136.3950348,11.05964758
572,-2.4,-6.4,161,139.7391823,11.65189091
590,-2.4,8.2,163,152.2497663,11.60578486
592,-2.4,1.6,143,138.4963156,11.19528687
598,-2.4,13.2,147,154.2317808,11.91046388
619,-2.4,-9,135,139.8797771,10.99316375
633,-2.4,1.2,162,149.6162676,13.09309408
663,-2.4,13,156,157.7307745,12.37343112
688,-2.4,-11.4,150,148.2147947,11.53261943
697,-2.4,-2.6,147,147.764148,12.20242137
702,-2.4,1.2,151,139.7406699,10.98452428
805,-2.4,-5.8,140,139.9891447,11.87186092
6,-2.2,5.4,157,144.8876781,14.83615977
146,-2.2,5.4,149,143.9933628,12.76258142
193,-2.2,5.4,161,161.2054846,12.37472425
205,-2.2,-14.2,157,150.8678663,12.62670848
231,-2.2,0.8,151,152.8774617,13.56997287
248,-2.2,-13.8,129,145.9598863,13.12178698
264,-2.2,5.4,167,159.351341,16.0655131
357,-2.2,-1,155,152.4189935,13.0507545
379,-2.2,20,117,112.8872215,10.26521746
438,-2.2,-3.8,166,142.9070175,14.10274412
484,-2.2,-12,142,135.808958,11.43509726
497,-2.2,-0.4,159,162.7599289,14.98121181
499,-2.2,-1.4,131,144.4975978,12.4185558
514,-2.2,2.4,144,139.5167611,12.27525977
567,-2.2,5.8,144,140.1416838,12.12138577
579,-2.2,25.8,153,152.9274599,13.58003819
663,-2.2,17.2,169,157.7307745,12.37343112
745,-2.2,7,151,142.3355177,11.30020813
800,-2.2,-2.2,146,153.1344095,12.84634902
821,-2.2,-4.6,139,138.7921609,11.80433966
24,-2,-2.4,120,154.3619925,12.14122743
27,-2,-3.4,147,142.3197851,12.18187442
35,-2,-2,129,141.7006481,12.15138275
68,-2,-6,156,153.1324742,12.60342742
117,-2,-2.2,160,160.077783,13.62924117
124,-2,-14.6,165,157.015691,13.43178576
135,-2,3.4,173,155.7290363,15.85348536
255,-2,-2.2,167,165.6633958,11.98050231
293,-2,7.2,155,154.1002132,12.77916716
321,-2,-1.4,127,137.5649251,12.05732392
339,-2,-15.2,162,139.6171783,12.95794179
347,-2,-2,128,149.8834356,13.43652831
359,-2,-8,146,144.0622407,12.13536281
365,-2,-3,100,138.9651639,13.26010082
371,-2,-0.4,142,137.5323569,12.34864601
372,-2,2.4,141,140.7526602,12.38829208
396,-2,1,168,142.1334702,14.70209877
396,-2,-9.2,144,142.1334702,14.70209877
398,-2,-0.2,164,151.7238112,12.16203495
443,-2,8.4,125,133.1828645,11.33681893
483,-2,-12,151,142.6484065,12.67416286
505,-2,10.4,173,166.8438307,15.18683855
557,-2,-12.6,130,133.4164692,11.77501777
563,-2,-16.8,153,152.8030903,13.5358046
576,-2,5,145,147.4588071,11.56513179
604,-2,-6.2,134,140.9186239,11.25432024
605,-2,-23.2,157,142.2888889,12.20021799
612,-2,-8,163,152.6090555,11.82362162
624,-2,8.2,137,137.5638186,11.45548291
644,-2,-15.4,135,134.0286275,11.46109976
669,-2,6.8,171,154.3420411,14.12445141
669,-2,-2,170,154.3420411,14.12445141
675,-2,6.8,167,143.3512807,11.38810601
821,-2,-3.8,143,138.7921609,11.80433966
822,-2,-12,136,142.1102842,11.9294511
59,-1.8,-2.6,163,155.5665116,13.67797395
87,-1.8,-13.4,148,150.8888154,11.98197697
112,-1.8,-1.8,166,155.995481,12.89270859
138,-1.8,-1.8,160,156.9331976,15.20062974
145,-1.8,-3.8,153,149.2709114,14.4985903
157,-1.8,-2.2,168,157.4129646,13.13309456
160,-1.8,2.2,159,153.7111018,12.99154185
209,-1.8,-18.8,159,154.1025595,12.07064157
248,-1.8,-4.2,126,145.9598863,13.12178698
290,-1.8,7.2,134,154.6904594,11.93482177
293,-1.8,-1.8,166,154.1002132,12.77916716
317,-1.8,-1.8,152,135.8016194,12.00831255
385,-1.8,-14,172,148.2893543,14.19464921
393,-1.8,2.8,143,143.0461049,12.49604833
438,-1.8,-4,167,142.9070175,14.10274412
449,-1.8,5.8,155,147.0018645,12.62140087
465,-1.8,1.8,120,132.7483547,11.49108041
593,-1.8,14.4,130,139.5662898,11.85406865
605,-1.8,0.8,141,142.2888889,12.20021799
663,-1.8,-10.4,162,157.7307745,12.37343112
669,-1.8,-0.6,172,154.3420411,14.12445141
674,-1.8,1.6,141,141.4364833,12.19855193
687,-1.8,-6.6,138,143.0897803,11.90535939
689,-1.8,-5.2,146,144.0797571,11.52142543
691,-1.8,-9.6,159,154.3849733,13.05931359
707,-1.8,-4.8,150,137.8327039,11.3032142
766,-1.8,-2.8,144,145.498579,11.27306411
807,-1.8,9.4,138,144.3365931,12.68920505
16,-1.6,-0.2,160,143.0171329,12.58336786
24,-1.6,-4.2,165,154.3619925,12.14122743
43,-1.6,-4.4,164,154.2322893,12.37423998
120,-1.6,-17.8,162,160.6370848,14.20895548
128,-1.6,0.6,168,166.6530899,13.02963876
132,-1.6,-7,172,166.9725946,13.98886327
157,-1.6,-1.6,61,157.4129646,13.13309456
206,-1.6,-1.6,167,152.0646617,12.47342941
213,-1.6,-1.6,106,147.4979339,11.75777256
229,-1.6,-9.4,154,154.4663986,13.24942056
236,-1.6,-1.6,154,151.2514286,13.91136136
237,-1.6,-9.4,129,138.6553641,12.05199956
241,-1.6,8.4,170,162.3443332,12.76949372
243,-1.6,-1.6,156,151.7248996,13.3635759
249,-1.6,-31.8,145,147.6396166,12.12632741
263,-1.6,9,138,141.4714202,12.22440919
289,-1.6,-6.6,151,143.3810538,12.60505609
291,-1.6,-1.6,157,165.6520651,13.22159099
307,-1.6,1,143,143.5063902,12.4572761
319,-1.6,-3.8,115,139.4069952,12.14284781
351,-1.6,-14.4,110,162.3053333,12.159984
354,-1.6,11,163,155.9744501,14.66009376
359,-1.6,3.6,149,144.0622407,12.13536281
365,-1.6,1.2,132,138.9651639,13.26010082
393,-1.6,2.6,143,143.0461049,12.49604833
429,-1.6,-8.6,141,141.8463995,13.40825331
438,-1.6,-3.2,168,142.9070175,14.10274412
448,-1.6,-20.8,124,131.3169919,11.41928567
449,-1.6,12,160,147.0018645,12.62140087
481,-1.6,-8,141,155.4838391,13.67780343
566,-1.6,1.4,143,147.3796664,12.86458501
569,-1.6,-8.6,131,133.8945445,11.25614471
585,-1.6,4.6,140,138.4226295,11.67174989
585,-1.6,-8.4,142,138.4226295,11.67174989
591,-1.6,0.6,148,133.0942207,10.80352056
610,-1.6,15,151,144.8961749,11.49045653
617,-1.6,-1,154,148.2345854,11.00028567
654,-1.6,6.8,132,143.2450871,11.95366601
669,-1.6,3.2,176,154.3420411,14.12445141
684,-1.6,7.2,132,139.8482232,12.21068708
791,-1.6,-3,136,142.149707,11.46202888
795,-1.6,4.4,149,146.2261249,11.43082635
806,-1.6,-2,148,151.1858072,12.47697031
830,-1.6,-6,139,145.3846463,11.80350145
27,-1.4,3,146,142.3197851,12.18187442
46,-1.4,-9,158,158.5007886,13.79728085
142,-1.4,-0.2,169,163.4546314,16.73681813
264,-1.4,1.6,156,159.351341,16.0655131
273,-1.4,-0.6,144,142.8680053,11.78018117
351,-1.4,1.6,143,162.3053333,12.159984
354,-1.4,-6.6,157,155.9744501,14.66009376
366,-1.4,3.2,156,151.6804295,13.28709472
405,-1.4,1,123,124.305033,11.00503162
413,-1.4,2.2,172,158.6134715,15.45156933
504,-1.4,-10,134,137.494998,11.55778199
564,-1.4,2.4,148,146.8555766,12.53359469
641,-1.4,-6,135,134.0667441,11.71085955
651,-1.4,-1.8,149,146.0484689,11.14136702
668,-1.4,-4.2,135,137.2118708,10.77554245
691,-1.4,-7.2,155,154.3849733,13.05931359
747,-1.4,4.2,136,145.3297521,11.97043289
756,-1.4,-1.4,143,150.0225779,11.49022669
768,-1.4,-11.8,131,143.459102,11.37431528
777,-1.4,11.2,162,147.4284826,12.12130647
779,-1.4,-22.4,167,134.8043947,10.76938526
24,-1.2,8,152,154.3619925,12.14122743
48,-1.2,-1.2,185,170.8383838,15.59392727
88,-1.2,-1.2,163,168.2782324,12.32521571
145,-1.2,-3,143,149.2709114,14.4985903
153,-1.2,7,170,160.5744417,13.10153853
237,-1.2,-3.4,148,138.6553641,12.05199956
239,-1.2,-1,156,143.7649805,13.2274198
239,-1.2,-0.4,138,143.7649805,13.2274198
283,-1.2,-6.4,166,156.2475655,15.77736404
302,-1.2,0.6,150,146.9779769,12.84908264
306,-1.2,-7.4,167,154.1877627,15.75150935
312,-1.2,-1.4,142,136.8146311,11.85785319
326,-1.2,-5.6,151,152.5339151,12.86466709
331,-1.2,-8,141,144.6890424,12.25198697
339,-1.2,-27.8,132,139.6171783,12.95794179
350,-1.2,-1.2,159,134.3880699,12.08442408
359,-1.2,-6.4,146,144.0622407,12.13536281
372,-1.2,9.2,156,140.7526602,12.38829208
374,-1.2,-1.2,135,124.0124429,11.67059848
392,-1.2,-15.8,147,152.5569704,12.60016104
416,-1.2,-1.2,127,127.1783701,11.82878073
445,-1.2,11,127,136.8441128,12.01349353
530,-1.2,-5.4,149,142.1497076,11.77965333
541,-1.2,1,157,153.117617,13.8883259
557,-1.2,-53.6,123,133.4164692,11.77501777
564,-1.2,-29.2,150,146.8555766,12.53359469
573,-1.2,-24.8,167,152.611755,12.40211712
574,-1.2,-0.4,153,136.1698915,11.47560906
586,-1.2,-0.4,137,136.4125619,11.65649789
601,-1.2,15.2,165,151.5185766,12.03512281
619,-1.2,-0.2,138,139.8797771,10.99316375
630,-1.2,-2.4,161,146.3974215,12.85647982
654,-1.2,2.4,144,143.2450871,11.95366601
701,-1.2,-3,140,139.4565842,11.64809701
706,-1.2,25.8,132,138.0301825,11.37442695
754,-1.2,-8.6,149,149.1051931,12.64456618
797,-1.2,-1.2,163,147.2979777,12.02068675
808,-1.2,4.8,145,148.3564785,12.0847347
820,-1.2,4.8,138,142.6821809,11.93404661
6,-1,-4.8,129,144.8876781,14.83615977
6,-1,0,167,144.8876781,14.83615977
81,-1,17.6,155,146.0604651,11.97062326
120,-1,-17.2,161,160.6370848,14.20895548
128,-1,2.8,177,166.6530899,13.02963876
164,-1,-7,167,163.1516252,14.59060607
184,-1,-1,164,158.9580654,13.20138921
191,-1,-1,162,152.7274011,12.6548161
239,-1,-6,127,143.7649805,13.2274198
248,-1,-13.2,152,145.9598863,13.12178698
277,-1,-2.8,142,144.3463801,13.32328427
331,-1,7.8,149,144.6890424,12.25198697
373,-1,15.6,135,132.5454545,12.06299561
407,-1,-2.4,170,156.4071856,15.57675449
417,-1,-0.8,153,136.3214719,12.10536233
440,-1,-4,123,140.0800395,11.93315336
449,-1,-7.2,133,147.0018645,12.62140087
481,-1,21.2,172,155.4838391,13.67780343
538,-1,-10.2,143,153.9642737,11.98583588
556,-1,0.2,152,142.2152847,11.99152638
557,-1,-0.4,137,133.4164692,11.77501777
585,-1,8,134,138.4226295,11.67174989
586,-1,-5.4,133,136.4125619,11.65649789
597,-1,6.8,146,147.3165171,12.2914424
612,-1,-4.8,152,152.6090555,11.82362162
632,-1,0,176,159.4849878,12.54627363
639,-1,3.2,130,141.5268435,11.34375738
654,-1,7,145,143.2450871,11.95366601
656,-1,-2.6,151,142.4051891,11.34577291
671,-1,-2.8,128,132.0570583,11.17135841
671,-1,-10,152,132.0570583,11.17135841
674,-1,11.6,151,141.4364833,12.19855193
691,-1,-17,156,154.3849733,13.05931359
697,-1,-0.8,153,147.764148,12.20242137
712,-1,-8.8,129,141.8499096,11.43291377
787,-1,-0.4,158,155.0846012,13.34102241
135,-0.8,13.2,164,155.7290363,15.85348536
163,-0.8,-4,172,161.2394708,14.59632149
172,-0.8,-39.8,157,155.8322034,13.4239973
359,-0.8,-8.4,122,144.0622407,12.13536281
371,-0.8,3,146,137.5323569,12.34864601
376,-0.8,4.6,118,129.845187,12.0217684
379,-0.8,5.2,117,112.8872215,10.26521746
389,-0.8,-0.8,158,141.4928297,12.06581364
389,-0.8,-8.2,139,141.4928297,12.06581364
396,-0.8,-3,166,142.1334702,14.70209877
406,-0.8,-2.2,154,151.2854197,13.47094744
414,-0.8,-4.6,132,137.0905365,12.99864268
417,-0.8,-3.2,146,136.3214719,12.10536233
436,-0.8,7.2,165,145.2131404,12.81763535
438,-0.8,-0.8,167,142.9070175,14.10274412
440,-0.8,-4.2,135,140.0800395,11.93315336
449,-0.8,-4.6,151,147.0018645,12.62140087
489,-0.8,-1,145,146.5325325,11.97196036
497,-0.8,17.8,151,162.7599289,14.98121181
560,-0.8,-2.2,158,148.804205,12.04383926
561,-0.8,-28.2,158,148.3965368,12.80891065
585,-0.8,7.6,150,138.4226295,11.67174989
605,-0.8,-2.6,140,142.2888889,12.20021799
610,-0.8,-14.2,145,144.8961749,11.49045653
611,-0.8,-0.8,144,139.5548545,11.06759033
667,-0.8,20.4,163,148.4574326,12.18129512
668,-0.8,-0.6,128,137.2118708,10.77554245
678,-0.8,11.2,142,139.8629168,11.78029613
687,-0.8,-11.4,139,143.0897803,11.90535939
776,-0.8,1.6,115,135.3754181,9.687229766
784,-0.8,-1.2,158,149.6263323,12.60163411
29,-0.6,-0.6,124,152.5630281,12.54418169
35,-0.6,-0.6,145,141.7006481,12.15138275
61,-0.6,23.4,170,165.848329,15.05960823
110,-0.6,-0.6,164,156.9107143,14.20249176
156,-0.6,-3.6,162,151.4870993,14.28048646
219,-0.6,-0.6,166,154.497555,13.23984279
239,-0.6,0.8,143,143.7649805,13.2274198
243,-0.6,-41.2,161,151.7248996,13.3635759
244,-0.6,-1.2,155,150.1240135,13.03189448
248,-0.6,-2.6,117,145.9598863,13.12178698
255,-0.6,-7.8,168,165.6633958,11.98050231
258,-0.6,1.4,146,142.3249391,12.95713501
264,-0.6,2.4,166,159.351341,16.0655131
265,-0.6,-10.2,147,149.8431973,14.19612598
266,-0.6,4,170,155.1522601,14.23370626
319,-0.6,-0.6,171,139.4069952,12.14284781
334,-0.6,12.6,145,144.7770545,12.89844293
343,-0.6,2.4,132,136.7149497,11.7593512
359,-0.6,0.2,145,144.0622407,12.13536281
401,-0.6,13.2,162,145.7766583,13.70208161
415,-0.6,-1,173,164.3565072,12.85513448
449,-0.6,-11,150,147.0018645,12.62140087
455,-0.6,-7.4,142,149.2405154,12.97530064
476,-0.6,-20.6,146,139.2009536,12.12095616
483,-0.6,5.2,133,142.6484065,12.67416286
508,-0.6,-0.6,145,146.6828074,12.1743753
544,-0.6,1.4,132,145.5403138,12.65257103
566,-0.6,-0.6,153,147.3796664,12.86458501
570,-0.6,-23.8,132,136.3950348,11.05964758
572,-0.6,-3.2,150,139.7391823,11.65189091
585,-0.6,-4.6,145,138.4226295,11.67174989
591,-0.6,13.4,126,133.0942207,10.80352056
617,-0.6,-19,133,148.2345854,11.00028567
663,-0.6,18.6,170,157.7307745,12.37343112
692,-0.6,-9,134,129.5729043,11.351641
773,-0.6,3.2,136,147.7922581,11.729196
791,-0.6,-12.2,139,142.149707,11.46202888
800,-0.6,24.6,151,153.1344095,12.84634902
84,-0.4,10.2,155,154.0247295,13.88771499
163,-0.4,18.4,169,161.2394708,14.59632149
238,-0.4,0.4,160,152.7323232,13.88891943
243,-0.4,-41,155,151.7248996,13.3635759
244,-0.4,0.6,146,150.1240135,13.03189448
248,-0.4,6,142,145.9598863,13.12178698
265,-0.4,-0.4,162,149.8431973,14.19612598
272,-0.4,-3,138,141.2669718,12.93716407
310,-0.4,1.2,131,131.5135422,11.3657009
317,-0.4,-11.2,138,135.8016194,12.00831255
347,-0.4,3.8,147,149.8834356,13.43652831
393,-0.4,-2.8,138,143.0461049,12.49604833
422,-0.4,-17.4,129,131.2356091,12.29049542
438,-0.4,-1.2,167,142.9070175,14.10274412
475,-0.4,-0.4,149,137.0305677,13.4123738
484,-0.4,10.4,123,135.808958,11.43509726
526,-0.4,-0.8,148,163.1066176,11.4904006
579,-0.4,1.2,169,152.9274599,13.58003819
586,-0.4,-20.2,128,136.4125619,11.65649789
605,-0.4,9.2,141,142.2888889,12.20021799
606,-0.4,-3.2,127,134.6039861,11.17817192
631,-0.4,-2.4,159,145.8332621,12.42157846
668,-0.4,-0.8,158,137.2118708,10.77554245
681,-0.4,5,154,150.8111965,12.82400132
707,-0.4,7,124,137.8327039,11.3032142
14,-0.2,-0.2,70,133.5092177,12.03967713
14,-0.2,-2.6,136,133.5092177,12.03967713
147,-0.2,-0.6,176,168.9962121,14.63450568
150,-0.2,11.2,151,145.2134213,12.81181611
167,-0.2,-6.8,159,158.0290598,13.51426506
213,-0.2,15.6,114,147.4979339,11.75777256
229,-0.2,-12.4,144,154.4663986,13.24942056
237,-0.2,-8.2,145,138.6553641,12.05199956
265,-0.2,2.8,152,149.8431973,14.19612598
300,-0.2,1,152,146.0566887,11.78774508
306,-0.2,-8.8,171,154.1877627,15.75150935
338,-0.2,4,131,139.7032622,11.93398419
346,-0.2,-6,164,152.111976,13.12989136
350,-0.2,-12,138,134.3880699,12.08442408
359,-0.2,2,146,144.0622407,12.13536281
376,-0.2,-4.8,135,129.845187,12.0217684
393,-0.2,3.2,145,143.0461049,12.49604833
393,-0.2,-3.2,137,143.0461049,12.49604833
401,-0.2,-9.2,149,145.7766583,13.70208161
402,-0.2,-6.2,166,150.1008111,14.19662086
412,-0.2,0,142,144.6958002,13.07706943
417,-0.2,-35.6,150,136.3214719,12.10536233
438,-0.2,-0.2,169,142.9070175,14.10274412
438,-0.2,0.2,171,142.9070175,14.10274412
483,-0.2,9.6,144,142.6484065,12.67416286
490,-0.2,2,151,151.4542564,12.62012109
500,-0.2,-4.4,152,141.2747902,11.87614065
556,-0.2,-0.2,175,142.2152847,11.99152638
562,-0.2,-14.4,150,146.4650073,12.95960657
567,-0.2,6,137,140.1416838,12.12138577
571,-0.2,7,142,147.063004,11.83610958
572,-0.2,3.8,135,139.7391823,11.65189091
572,-0.2,-18.6,130,139.7391823,11.65189091
587,-0.2,-8.6,162,147.4953429,12.59395687
592,-0.2,-4,148,138.4963156,11.19528687
595,-0.2,8.6,140,148.6330325,12.38963134
619,-0.2,16.2,129,139.8797771,10.99316375
642,-0.2,0.6,142,150.8884688,11.999831
656,-0.2,-0.8,151,142.4051891,11.34577291
657,-0.2,2.2,142,148.8694648,11.7695663
669,-0.2,-2.4,171,154.3420411,14.12445141
832,-0.2,-9,132,138.5223325,11.34720803
11,0,0,114,138.4541667,12.024105
22,0,0.6,150,159.7882987,14.71919353
57,0,-4.8,141,143.8517499,12.73277814
74,0,81.4,142,159.8856224,14.2933593
94,0,3.2,164,158.6023529,13.83798155
153,0,1,166,160.5744417,13.10153853
163,0,6.4,167,161.2394708,14.59632149
218,0,12.2,170,163.6212858,12.78503533
258,0,-11.6,150,142.3249391,12.95713501
268,0,0,76,164.63,13.720212
281,0,-8.4,136,126.4245283,10.94288724
297,0,-4,148,148.6532731,12.03950819
339,0,-6.4,156,139.6171783,12.95794179
370,0,-5.6,140,137.6782462,12.72839071
374,0,7.2,137,124.0124429,11.67059848
413,0,-17.4,149,158.6134715,15.45156933
421,0,0,121,130.8985788,11.14819767
490,0,0,172,151.4542564,12.62012109
562,0,-7,153,146.4650073,12.95960657
565,0,-33.2,139,143.8994073,12.31715324
572,0,1.8,162,139.7391823,11.65189091
603,0,-1.2,146,134.8995357,11.0924358
632,0,1.8,169,159.4849878,12.54627363
651,0,-4.8,147,146.0484689,11.14136702
657,0,-7.2,147,148.8694648,11.7695663
663,0,6.8,136,157.7307745,12.37343112
679,0,2.2,135,136.9261201,10.91028217
688,0,-4.4,155,148.2147947,11.53261943
696,0,4.2,147,147.1171623,12.32862888
750,0,0,171,146.7084779,11.38021398
3,0.2,-7.4,165,156.4921384,13.42871132
35,0.2,0.2,124,141.7006481,12.15138275
123,0.2,26.6,150,143.6781726,12.0574571
236,0.2,-1.2,160,151.2514286,13.91136136
237,0.2,-8.8,144,138.6553641,12.05199956
237,0.2,-1.2,142,138.6553641,12.05199956
239,0.2,5.2,154,143.7649805,13.2274198
248,0.2,-33.2,83,145.9598863,13.12178698
257,0.2,2.4,149,147.5862228,12.0639828
264,0.2,-12,173,159.351341,16.0655131
306,0.2,-9.4,172,154.1877627,15.75150935
320,0.2,-6.6,145,154.1055156,15.44344536
327,0.2,0.6,151,142.4539326,12.76870674
328,0.2,0.4,145,155.2241379,14.00807055
359,0.2,-6.6,147,144.0622407,12.13536281
364,0.2,-0.2,148,140.9175695,14.18609612
375,0.2,-8.4,144,138.5747918,13.28684755
390,0.2,-8.6,151,145.4269289,13.96439891
391,0.2,-2.4,149,151.6929873,13.66343523
397,0.2,-1.8,164,149.9138269,14.69701058
412,0.2,1,164,144.6958002,13.07706943
436,0.2,0.8,137,145.2131404,12.81763535
507,0.2,-3.4,129,153.3786107,12.69866466
571,0.2,9.8,143,147.063004,11.83610958
577,0.2,3,102,148.7532051,12.548362
585,0.2,-2.8,132,138.4226295,11.67174989
586,0.2,0.2,159,136.4125619,11.65649789
590,0.2,3.8,156,152.2497663,11.60578486
617,0.2,0.2,142,148.2345854,11.00028567
641,0.2,11.8,127,134.0667441,11.71085955
665,0.2,-4.8,143,143.5741643,12.3166114
684,0.2,3,148,139.8482232,12.21068708
686,0.2,-29.2,141,143.1550305,12.26827182
707,0.2,1,127,137.8327039,11.3032142
757,0.2,-11.4,143,143.7619048,11.47516384
763,0.2,-4.6,143,141.7130435,11.87127384
793,0.2,-8,136,143.5754829,11.80650494
57,0.4,-6.6,128,143.8517499,12.73277814
89,0.4,9,139,154.0408822,12.72914879
138,0.4,8.4,171,156.9331976,15.20062974
167,0.4,9.6,158,158.0290598,13.51426506
209,0.4,0.4,165,154.1025595,12.07064157
225,0.4,-3.4,169,158.6851595,14.08235784
232,0.4,0.4,156,144.615493,11.02947718
257,0.4,5.2,150,147.5862228,12.0639828
264,0.4,7.6,166,159.351341,16.0655131
285,0.4,-8,143,139.1203501,12.60415667
320,0.4,0.6,174,154.1055156,15.44344536
347,0.4,1,77,149.8834356,13.43652831
356,0.4,3.2,108,149.4066038,14.5269583
359,0.4,-10.2,147,144.0622407,12.13536281
368,0.4,-13.6,135,143.8108242,13.43589533
378,0.4,-0.6,136,132.073571,12.36014669
394,0.4,-33.4,129,131.0369108,12.39664191
394,0.4,0.4,140,131.0369108,12.39664191
436,0.4,-2.2,100,145.2131404,12.81763535
438,0.4,0.4,152,142.9070175,14.10274412
438,0.4,0.4,172,142.9070175,14.10274412
445,0.4,1.2,136,136.8441128,12.01349353
448,0.4,-4.6,131,131.3169919,11.41928567
449,0.4,7.2,140,147.0018645,12.62140087
453,0.4,-12.8,132,135.5776993,12.19491558
481,0.4,10.2,139,155.4838391,13.67780343
483,0.4,29,138,142.6484065,12.67416286
570,0.4,-2.4,115,136.3950348,11.05964758
581,0.4,0.2,165,141.8521303,12.46778256
588,0.4,-1.6,136,143.8118514,12.50280721
593,0.4,-4.4,145,139.5662898,11.85406865
596,0.4,19.8,145,147.7573681,11.60783605
617,0.4,2.2,156,148.2345854,11.00028567
617,0.4,5.8,154,148.2345854,11.00028567
625,0.4,47,130,141.0831522,11.27346261
633,0.4,-4,152,149.6162676,13.09309408
676,0.4,-1,144,136.6160355,11.42385157
676,0.4,-5.2,147,136.6160355,11.42385157
706,0.4,-1.4,142,138.0301825,11.37442695
711,0.4,1.6,151,149.8503903,12.79303556
783,0.4,8.2,162,154.7712056,13.19400739
44,0.6,-1,172,156.3614953,14.42921688
101,0.6,-7.8,144,169.8038741,12.94325956
123,0.6,1,164,143.6781726,12.0574571
125,0.6,2.2,142,157.0535588,12.17706216
134,0.6,18.2,151,152.8026735,12.44712914
155,0.6,0.6,160,158.3825257,14.49656564
156,0.6,3.6,163,151.4870993,14.28048646
238,0.6,-2.4,161,152.7323232,13.88891943
255,0.6,-1,178,165.6633958,11.98050231
264,0.6,-3.2,166,159.351341,16.0655131
272,0.6,-3.2,134,141.2669718,12.93716407
287,0.6,0.4,148,142.0402145,13.38914316
310,0.6,3,128,131.5135422,11.3657009
312,0.6,0.6,138,136.8146311,11.85785319
331,0.6,-8.8,143,144.6890424,12.25198697
341,0.6,-7.2,149,150.940133,13.51946608
359,0.6,-5.2,143,144.0622407,12.13536281
378,0.6,-10.8,125,132.073571,12.36014669
393,0.6,5.6,152,143.0461049,12.49604833
400,0.6,-1.4,148,124.564346,11.27125633
445,0.6,-5.6,122,136.8441128,12.01349353
449,0.6,10.2,139,147.0018645,12.62140087
607,0.6,0,129,138.6397466,11.31168527
615,0.6,-9.8,131,141.8532533,11.53285722
617,0.6,0.6,156,148.2345854,11.00028567
680,0.6,0.6,147,141.4230977,12.32863616
748,0.6,-1.4,158,150.2074468,12.52447755
812,0.6,-5,132,138.2446853,12.01709112
823,0.6,2.4,152,138.5452236,12.08530976
5,0.8,0.8,162,158.4160679,13.0988873
35,0.8,1,133,141.7006481,12.15138275
106,0.8,-1.8,166,165.5716895,12.14332603
109,0.8,0.8,161,156.8921371,12.33787658
111,0.8,-7,162,164.2467153,13.16230161
133,0.8,5.6,163,160.0920716,13.30483857
135,0.8,0,170,155.7290363,15.85348536
138,0.8,3.6,160,156.9331976,15.20062974
156,0.8,2,139,151.4870993,14.28048646
164,0.8,-1.2,166,163.1516252,14.59060607
175,0.8,1.8,160,148.86,13.49623862
194,0.8,-6.4,163,163.5526427,12.78700615
194,0.8,2.8,167,163.5526427,12.78700615
237,0.8,-0.2,154,138.6553641,12.05199956
244,0.8,1,155,150.1240135,13.03189448
260,0.8,3.4,139,152.1223502,12.73178309
270,0.8,0.8,165,167.7809446,14.48968734
278,0.8,-5.2,141,141.5782774,12.85951008
279,0.8,-4.2,140,145.2683616,13.05604322
302,0.8,6.2,132,146.9779769,12.84908264
303,0.8,1,163,149.6460797,12.66235112
353,0.8,3.4,131,134.2844542,11.32606439
430,0.8,-11.8,126,133.4275643,12.15925569
445,0.8,-4.8,137,136.8441128,12.01349353
562,0.8,6.6,102,146.4650073,12.95960657
566,0.8,15.4,143,147.3796664,12.86458501
585,0.8,-0.6,128,138.4226295,11.67174989
660,0.8,11.6,144,151.977494,13.65589691
681,0.8,3.8,155,150.8111965,12.82400132
688,0.8,3.4,148,148.2147947,11.53261943
695,0.8,3.6,152,146.3031693,12.03821431
717,0.8,0.2,134,142.2307025,11.71266025
825,0.8,0.8,150,151.7671233,11.18817722
831,0.8,-0.4,131,143.3188406,11.41569012
19,1,-2,102,147.1717105,11.82261848
29,1,0.2,109,152.5630281,12.54418169
34,1,1,152,136.75,13.32803571
37,1,5.6,160,149.6513761,13.31589369
43,1,1,156,154.2322893,12.37423998
85,1,-2.2,156,150.8939567,13.23366773
96,1,-6,166,163.5007496,13.8260468
226,1,1.6,155,158.4130627,14.21131176
239,1,-4,161,143.7649805,13.2274198
239,1,-0.2,149,143.7649805,13.2274198
263,1,20.4,137,141.4714202,12.22440919
281,1,-1.8,121,126.4245283,10.94288724
369,1,-6.2,141,149.1462552,13.21641813
370,1,2,142,137.6782462,12.72839071
395,1,0.8,143,139.4363434,12.67752791
410,1,0.2,145,146.1625045,13.67847089
417,1,-4.2,148,136.3214719,12.10536233
436,1,-4.6,140,145.2131404,12.81763535
438,1,-0.2,166,142.9070175,14.10274412
471,1,0.4,165,149.5601323,12.30951238
476,1,-5.6,154,139.2009536,12.12095616
571,1,-11.6,137,147.063004,11.83610958
589,1,-9.6,122,140.4366293,11.20080284
624,1,-9.2,145,137.5638186,11.45548291
641,1,-3.4,125,134.0667441,11.71085955
654,1,10,138,143.2450871,11.95366601
654,1,2,141,143.2450871,11.95366601
657,1,5.6,156,148.8694648,11.7695663
663,1,-0.8,156,157.7307745,12.37343112
722,1,7.8,151,143.6810176,12.6176407
728,1,1,167,149.3596533,11.47300241
807,1,4.4,118,144.3365931,12.68920505
813,1,-5.6,167,150.6745016,13.36424528
817,1,11.6,135,136.4993987,11.22162862
8,1.2,-1.8,158,152.7655875,14.02158129
147,1.2,2.8,176,168.9962121,14.63450568
216,1.2,1.2,194,165.2325777,14.91045945
278,1.2,-2.8,132,141.5782774,12.85951008
301,1.2,6.2,138,141.4507175,11.53964017
307,1.2,-19.2,147,143.5063902,12.4572761
331,1.2,1.2,155,144.6890424,12.25198697
338,1.2,0.4,128,139.7032622,11.93398419
379,1.2,-3.4,136,112.8872215,10.26521746
379,1.2,1.2,103,112.8872215,10.26521746
396,1.2,0.8,165,142.1334702,14.70209877
451,1.2,9.4,149,145.9603524,13.35084978
476,1.2,5.2,140,139.2009536,12.12095616
535,1.2,25.2,156,140.9521853,10.95394701
574,1.2,19.4,133,136.1698915,11.47560906
576,1.2,5.2,149,147.4588071,11.56513179
583,1.2,18.8,125,150.2539219,12.86167968
617,1.2,10,156,148.2345854,11.00028567
644,1.2,-19.6,138,134.0286275,11.46109976
657,1.2,1,148,148.8694648,11.7695663
704,1.2,3.2,149,140.293653,12.06206525
776,1.2,-0.4,123,135.3754181,9.687229766
30,1.4,1.4,166,148.2611895,12.5410867
148,1.4,8.8,145,149.2040956,13.4606015
214,1.4,2,155,157.4463547,14.27044563
237,1.4,4,145,138.6553641,12.05199956
238,1.4,1.4,157,152.7323232,13.88891943
243,1.4,-1.8,132,151.7248996,13.3635759
243,1.4,1.4,165,151.7248996,13.3635759
248,1.4,2.8,159,145.9598863,13.12178698
254,1.4,-1.2,165,159.852289,12.26502353
301,1.4,1.4,134,141.4507175,11.53964017
316,1.4,-1,135,138.1152882,13.69386767
322,1.4,1.8,141,144.7227969,12.52358974
338,1.4,0.2,124,139.7032622,11.93398419
355,1.4,4.2,134,135.5260516,12.38773078
359,1.4,1.2,150,144.0622407,12.13536281
407,1.4,4.2,173,156.4071856,15.57675449
428,1.4,1.8,150,142.9906617,12.51455469
548,1.4,-2.6,127,141.6140896,12.05714685
559,1.4,32.8,147,151.0621741,12.40170968
580,1.4,19.4,139,140.3149171,11.58190856
626,1.4,15,96,154.7532391,12.24782259
632,1.4,2.4,148,159.4849878,12.54627363
664,1.4,-4.2,155,139.7860418,11.2361135
755,1.4,0.4,137,143.8334201,12.32377449
764,1.4,-1,147,145.877836,11.82033961
817,1.4,1.4,155,136.4993987,11.22162862
3,1.6,0.8,177,156.4921384,13.42871132
37,1.6,2,160,149.6513761,13.31589369
37,1.6,2.2,162,149.6513761,13.31589369
70,1.6,11,116,154.745886,13.25632251
85,1.6,7,158,150.8939567,13.23366773
125,1.6,-17.8,155,157.0535588,12.17706216
138,1.6,2.4,173,156.9331976,15.20062974
165,1.6,-4.4,155,147.4274648,13.69418213
184,1.6,6.8,161,158.9580654,13.20138921
239,1.6,1.2,155,143.7649805,13.2274198
248,1.6,10.2,147,145.9598863,13.12178698
264,1.6,4.4,161,159.351341,16.0655131
280,1.6,-0.2,152,152.5008741,14.49542986
289,1.6,-6,149,143.3810538,12.60505609
306,1.6,-6,176,154.1877627,15.75150935
318,1.6,28.8,125,146.0843069,12.86701838
337,1.6,-2.4,160,148.3453423,12.99541862
371,1.6,4,123,137.5323569,12.34864601
379,1.6,1.8,113,112.8872215,10.26521746
387,1.6,0,136,136.7578046,12.10413353
407,1.6,3,175,156.4071856,15.57675449
438,1.6,1,108,142.9070175,14.10274412
443,1.6,5.2,131,133.1828645,11.33681893
480,1.6,19.6,147,147.7496439,11.60891923
506,1.6,12.8,133,147.2384519,11.76096629
553,1.6,6.2,143,144.797976,13.41921724
557,1.6,-7.4,130,133.4164692,11.77501777
622,1.6,-18.6,141,155.4139665,11.09991419
654,1.6,8,146,143.2450871,11.95366601
692,1.6,0.2,133,129.5729043,11.351641
696,1.6,7,139,147.1171623,12.32862888
703,1.6,5,134,141.7186188,11.04527541
776,1.6,-0.8,107,135.3754181,9.687229766
795,1.6,1.6,173,146.2261249,11.43082635
24,1.8,1.8,175,154.3619925,12.14122743
26,1.8,9.4,158,160.8444993,14.19130155
28,1.8,-2.8,159,152.5938117,14.02277972
44,1.8,-50,158,156.3614953,14.42921688
63,1.8,4.2,165,154.2356784,12.5771192
74,1.8,1.8,164,159.8856224,14.2933593
151,1.8,1.8,164,158.156172,12.77093859
167,1.8,4.4,162,158.0290598,13.51426506
209,1.8,-14.6,162,154.1025595,12.07064157
215,1.8,13.2,145,151.8104396,12.71019956
239,1.8,-1.6,120,143.7649805,13.2274198
241,1.8,2.8,151,162.3443332,12.76949372
244,1.8,1.8,150,150.1240135,13.03189448
251,1.8,1.8,164,159.9406667,11.41667121
255,1.8,-1,167,165.6633958,11.98050231
344,1.8,-3.2,150,141.5603472,12.9096
355,1.8,15,130,135.5260516,12.38773078
359,1.8,6.4,143,144.0622407,12.13536281
429,1.8,2,146,141.8463995,13.40825331
438,1.8,-1.6,164,142.9070175,14.10274412
439,1.8,-1.6,152,134.8931465,11.3505249
466,1.8,0.6,182,151.4891097,13.72228109
483,1.8,-3.2,104,142.6484065,12.67416286
572,1.8,-6.6,131,139.7391823,11.65189091
576,1.8,-7.2,141,147.4588071,11.56513179
585,1.8,-1.8,132,138.4226295,11.67174989
636,1.8,1.2,121,137.8762353,11.6657568
662,1.8,-1.4,132,127.1428073,10.84690157
692,1.8,1.4,127,129.5729043,11.351641
728,1.8,1.2,155,149.3596533,11.47300241
757,1.8,3.6,136,143.7619048,11.47516384
785,1.8,11.4,144,145.611138,11.77943535
808,1.8,11,147,148.3564785,12.0847347
825,1.8,14.8,135,151.7671233,11.18817722
4,2,-2,151,149.4106115,12.51918142
5,2,2,144,158.4160679,13.0988873
6,2,7,173,144.8876781,14.83615977
63,2,-5.6,154,154.2356784,12.5771192
135,2,-4.4,167,155.7290363,15.85348536
144,2,-6.2,173,154.9451567,13.99220513
243,2,-2.4,155,151.7248996,13.3635759
258,2,4.4,132,142.3249391,12.95713501
288,2,-2,163,162.7692892,13.21799453
290,2,-0.6,159,154.6904594,11.93482177
306,2,-53.4,162,154.1877627,15.75150935
319,2,2,164,139.4069952,12.14284781
328,2,2.8,145,155.2241379,14.00807055
351,2,2.4,156,162.3053333,12.159984
356,2,-5.8,140,149.4066038,14.5269583
393,2,1,149,143.0461049,12.49604833
401,2,-27,160,145.7766583,13.70208161
405,2,4.6,134,124.305033,11.00503162
412,2,3,135,144.6958002,13.07706943
449,2,-3.4,153,147.0018645,12.62140087
465,2,5.2,128,132.7483547,11.49108041
480,2,-8.8,119,147.7496439,11.60891923
497,2,-48.2,166,162.7599289,14.98121181
544,2,6.6,150,145.5403138,12.65257103
549,2,9.4,103,134.4587222,11.32200646
569,2,19.2,132,133.8945445,11.25614471
575,2,-18.8,161,154.5339196,11.58307688
578,2,-7.6,139,146.1303754,11.7712854
587,2,3,159,147.4953429,12.59395687
605,2,10,132,142.2888889,12.20021799
607,2,3.2,142,138.6397466,11.31168527
626,2,22.6,102,154.7532391,12.24782259
645,2,-11.4,165,144.8565084,12.42341305
674,2,5.6,140,141.4364833,12.19855193
684,2,-3.4,157,139.8482232,12.21068708
706,2,-8.6,163,138.0301825,11.37442695
706,2,2.6,135,138.0301825,11.37442695
713,2,-6.6,134,138.3207237,11.31661761
730,2,1,140,141.4448854,11.83667143
733,2,3.6,152,152.9987088,12.40384764
765,2,0.8,146,151.8333906,12.21837032
802,2,5.2,134,139.5852824,11.33882533
808,2,3.8,146,148.3564785,12.0847347
829,2,-5,130,138.7577065,11.68778841
831,2,-4.6,142,143.3188406,11.41569012
24,2.2,2.2,144,154.3619925,12.14122743
29,2.2,2.2,145,152.5630281,12.54418169
57,2.2,0,110,143.8517499,12.73277814
92,2.2,-1.8,156,155.2954823,12.98193407
142,2.2,32.4,173,163.4546314,16.73681813
216,2.2,2.2,161,165.2325777,14.91045945
234,2.2,-2.4,175,158.9641834,14.5399255
236,2.2,-52.6,142,151.2514286,13.91136136
237,2.2,7,145,138.6553641,12.05199956
302,2.2,6,126,146.9779769,12.84908264
304,2.2,3.6,168,165.3728949,15.38680417
320,2.2,12.4,173,154.1055156,15.44344536
339,2.2,-5.2,143,139.6171783,12.95794179
349,2.2,-18.6,144,137.3125972,12.77072926
354,2.2,-17.6,155,155.9744501,14.66009376
388,2.2,9,111,113.0173954,10.33265501
396,2.2,2.2,166,142.1334702,14.70209877
398,2.2,8.6,149,151.7238112,12.16203495
414,2.2,-1.8,134,137.0905365,12.99864268
424,2.2,-4.4,148,133.2035637,11.91873469
425,2.2,2.4,128,126.7937086,11.74841523
454,2.2,-29.6,162,144.9427046,11.92273943
579,2.2,-14.4,171,152.9274599,13.58003819
585,2.2,3.2,138,138.4226295,11.67174989
592,2.2,2.2,156,138.4963156,11.19528687
601,2.2,5.6,150,151.5185766,12.03512281
606,2.2,-5.4,130,134.6039861,11.17817192
617,2.2,1.2,156,148.2345854,11.00028567
632,2.2,-0.4,175,159.4849878,12.54627363
633,2.2,2,139,149.6162676,13.09309408
652,2.2,8.4,161,149.296372,11.77471978
681,2.2,3.8,152,150.8111965,12.82400132
686,2.2,8.2,149,143.1550305,12.26827182
688,2.2,-20.6,149,148.2147947,11.53261943
820,2.2,-10,144,142.6821809,11.93404661
76,2.4,12,174,168.3818182,15.58146701
89,2.4,-3.2,137,154.0408822,12.72914879
123,2.4,0.2,138,143.6781726,12.0574571
141,2.4,7.6,170,160.4556213,14.40799349
165,2.4,-0.8,163,147.4274648,13.69418213
239,2.4,1.2,136,143.7649805,13.2274198
243,2.4,-7.4,163,151.7248996,13.3635759
306,2.4,3.2,170,154.1877627,15.75150935
310,2.4,-6,132,131.5135422,11.3657009
310,2.4,-12.8,146,131.5135422,11.3657009
400,2.4,12.2,145,124.564346,11.27125633
420,2.4,2.4,170,157.875,22.50862941
438,2.4,-2.2,168,142.9070175,14.10274412
455,2.4,12.2,137,149.2405154,12.97530064
500,2.4,-2.4,149,141.2747902,11.87614065
506,2.4,12.2,132,147.2384519,11.76096629
564,2.4,18.8,143,146.8555766,12.53359469
630,2.4,12.8,156,146.3974215,12.85647982
643,2.4,-6.8,162,159.8023609,13.22962382
646,2.4,12.8,133,136.4680015,11.89295583
680,2.4,-2.2,148,141.4230977,12.32863616
702,2.4,6.4,141,139.7406699,10.98452428
748,2.4,-5.8,170,150.2074468,12.52447755
788,2.4,-15.6,150,154.0656852,13.69744417
794,2.4,6.4,139,136.7301455,11.03329497
3,2.6,1.2,177,156.4921384,13.42871132
14,2.6,-0.4,140,133.5092177,12.03967713
24,2.6,1.4,148,154.3619925,12.14122743
61,2.6,18.6,168,165.848329,15.05960823
84,2.6,9.4,146,154.0247295,13.88771499
126,2.6,2.6,150,164.1869424,14.06810511
128,2.6,-4.8,172,166.6530899,13.02963876
153,2.6,25.6,166,160.5744417,13.10153853
157,2.6,1.8,166,157.4129646,13.13309456
183,2.6,30.2,150,152.5792896,12.98946996
210,2.6,-14.4,155,146.3213744,12.49045403
306,2.6,2.6,172,154.1877627,15.75150935
350,2.6,6.8,139,134.3880699,12.08442408
407,2.6,-4.4,171,156.4071856,15.57675449
436,2.6,8,153,145.2131404,12.81763535
441,2.6,-4,145,138.5281583,12.63057863
486,2.6,4.4,155,145.8768376,12.18002195
500,2.6,-2.8,138,141.2747902,11.87614065
549,2.6,4.6,125,134.4587222,11.32200646
581,2.6,-12.4,142,141.8521303,12.46778256
590,2.6,21.4,152,152.2497663,11.60578486
599,2.6,-1.4,138,140.8831397,11.33928836
601,2.6,2.6,151,151.5185766,12.03512281
601,2.6,4.6,155,151.5185766,12.03512281
614,2.6,22.8,130,136.1401548,11.66404127
632,2.6,0.8,149,159.4849878,12.54627363
713,2.6,1.6,141,138.3207237,11.31661761
792,2.6,1.2,141,144.8352043,11.78911978
808,2.6,6,153,148.3564785,12.0847347
817,2.6,-27.4,132,136.4993987,11.22162862
830,2.6,2,143,145.3846463,11.80350145
16,2.8,0.8,158,143.0171329,12.58336786
27,2.8,20.4,146,142.3197851,12.18187442
35,2.8,2.8,135,141.7006481,12.15138275
104,2.8,-2.8,163,161.4797868,14.23986637
138,2.8,3.2,170,156.9331976,15.20062974
173,2.8,3,173,163.5308057,14.91091343
178,2.8,11.8,156,158.8602251,14.00897399
209,2.8,4.8,156,154.1025595,12.07064157
236,2.8,2,150,151.2514286,13.91136136
251,2.8,9.8,175,159.9406667,11.41667121
258,2.8,-13.8,152,142.3249391,12.95713501
264,2.8,9.4,166,159.351341,16.0655131
271,2.8,-0.4,166,164.1253223,12.39227317
280,2.8,6.8,151,152.5008741,14.49542986
351,2.8,0,180,162.3053333,12.159984
356,2.8,-2.4,110,149.4066038,14.5269583
357,2.8,5.4,156,152.4189935,13.0507545
359,2.8,-7.8,142,144.0622407,12.13536281
444,2.8,-2.4,151,127.3329601,11.52190075
456,2.8,2.4,133,145.5489596,11.80942215
480,2.8,30.4,152,147.7496439,11.60891923
483,2.8,2.8,88,142.6484065,12.67416286
565,2.8,10.6,149,143.8994073,12.31715324
578,2.8,7.4,138,146.1303754,11.7712854
591,2.8,-3.8,132,133.0942207,10.80352056
612,2.8,-0.8,167,152.6090555,11.82362162
646,2.8,2.8,174,136.4680015,11.89295583
670,2.8,11.2,160,146.1532928,13.29324604
681,2.8,-7,175,150.8111965,12.82400132
717,2.8,1.8,141,142.2307025,11.71266025
753,2.8,32.2,146,141.4077817,11.09317262
832,2.8,-11.2,133,138.5223325,11.34720803
835,2.8,2.8,88,154.8328321,12.8137994
4,3,-1.6,162,149.4106115,12.51918142
13,3,3.6,175,143.8639944,12.11354875
19,3,3,122,147.1717105,11.82261848
19,3,-0.4,130,147.1717105,11.82261848
128,3,-1,180,166.6530899,13.02963876
167,3,13.4,148,158.0290598,13.51426506
167,3,-1.8,158,158.0290598,13.51426506
206,3,-0.4,147,152.0646617,12.47342941
223,3,-10.4,133,149.686976,12.9575128
245,3,3,166,167.9338061,14.04126525
253,3,8.4,162,155.6612815,12.38155031
263,3,2,132,141.4714202,12.22440919
264,3,5.4,163,159.351341,16.0655131
265,3,-18,150,149.8431973,14.19612598
268,3,3,169,164.63,13.720212
287,3,3,155,142.0402145,13.38914316
299,3,-138.4,125,153.7496635,12.55786018
354,3,4.2,168,155.9744501,14.66009376
359,3,9.6,146,144.0622407,12.13536281
363,3,7.4,129,155.973672,12.49158788
373,3,4.4,136,132.5454545,12.06299561
391,3,-4,163,151.6929873,13.66343523
416,3,-5,135,127.1783701,11.82878073
444,3,11.8,123,127.3329601,11.52190075
448,3,5.4,124,131.3169919,11.41928567
490,3,-3.2,152,151.4542564,12.62012109
569,3,15,134,133.8945445,11.25614471
580,3,-3.2,133,140.3149171,11.58190856
618,3,-1,145,135.9792403,11.02112814
669,3,5.8,170,154.3420411,14.12445141
832,3,13.6,144,138.5223325,11.34720803
832,3,-5.2,140,138.5223325,11.34720803
14,3.2,-3.4,138,133.5092177,12.03967713
19,3.2,-25,158,147.1717105,11.82261848
137,3.2,-0.8,180,165.3229833,13.99224219
143,3.2,-7.4,163,160.6253937,13.9156329
150,3.2,6.2,161,145.2134213,12.81181611
187,3.2,-10,169,162.845843,13.63758256
252,3.2,3.2,166,142.3891695,12.61661597
271,3.2,2.8,168,164.1253223,12.39227317
281,3.2,-1,133,126.4245283,10.94288724
289,3.2,-9.4,146,143.3810538,12.60505609
291,3.2,0.2,170,165.6520651,13.22159099
296,3.2,13.8,153,151.6664204,13.10634239
300,3.2,9.8,140,146.0566887,11.78774508
306,3.2,-4.2,170,154.1877627,15.75150935
359,3.2,5.4,157,144.0622407,12.13536281
367,3.2,4.8,154,145.1557377,12.23394552
446,3.2,-8.8,134,134.9049787,12.17770945
461,3.2,-17,155,141.7818182,11.67475304
482,3.2,13.2,134,145.0674258,12.56726017
517,3.2,2.8,140,143.3679171,12.61819785
561,3.2,1.6,135,148.3965368,12.80891065
571,3.2,0.4,143,147.063004,11.83610958
576,3.2,13.2,150,147.4588071,11.56513179
576,3.2,-3.2,136,147.4588071,11.56513179
581,3.2,7.8,146,141.8521303,12.46778256
581,3.2,-21.2,141,141.8521303,12.46778256
658,3.2,2.6,138,140.3690023,11.58462727
664,3.2,-4,143,139.7860418,11.2361135
677,3.2,14.8,164,160.3102482,14.35365755
753,3.2,6,148,141.4077817,11.09317262
780,3.2,-17.8,148,147.4907621,9.91761963
784,3.2,6,153,149.6263323,12.60163411
138,3.4,3.4,175,156.9331976,15.20062974
207,3.4,5.2,158,157.676485,12.70128778
239,3.4,-5,155,143.7649805,13.2274198
241,3.4,7.4,164,162.3443332,12.76949372
263,3.4,0.4,140,141.4714202,12.22440919
316,3.4,1,126,138.1152882,13.69386767
318,3.4,-8.2,144,146.0843069,12.86701838
383,3.4,3.6,150,145.4414081,13.67306975
403,3.4,-1.2,139,147.4767559,11.47452658
428,3.4,11,166,142.9906617,12.51455469
437,3.4,-16.8,124,122.7234957,10.68763958
448,3.4,5.2,119,131.3169919,11.41928567
483,3.4,0,157,142.6484065,12.67416286
533,3.4,4.4,141,158.5878824,13.82946587
535,3.4,-3.4,121,140.9521853,10.95394701
557,3.4,13,129,133.4164692,11.77501777
601,3.4,2.8,147,151.5185766,12.03512281
634,3.4,-3,146,144.26726,12.5807642
640,3.4,-1.8,153,146.7283455,12.12308369
657,3.4,0,141,148.8694648,11.7695663
667,3.4,-8.4,165,148.4574326,12.18129512
682,3.4,-0.6,150,144.9135063,11.54548503
692,3.4,-3.2,129,129.5729043,11.351641
694,3.4,6.4,132,141.2464205,11.63201914
753,3.4,5.4,135,141.4077817,11.09317262
826,3.4,-9.2,145,141.0436469,12.08379631
37,3.6,16.4,151,149.6513761,13.31589369
96,3.6,-0.8,151,163.5007496,13.8260468
153,3.6,12.2,162,160.5744417,13.10153853
163,3.6,-0.6,167,161.2394708,14.59632149
172,3.6,16.4,169,155.8322034,13.4239973
174,3.6,-2.2,162,162.3820173,13.14627218
189,3.6,42,169,156.69383,13.87056112
193,3.6,3.6,160,161.2054846,12.37472425
216,3.6,-0.6,164,165.2325777,14.91045945
238,3.6,6,122,152.7323232,13.88891943
239,3.6,9.6,143,143.7649805,13.2274198
242,3.6,3.6,167,155.4660422,11.70505222
243,3.6,8.4,152,151.7248996,13.3635759
253,3.6,4,165,155.6612815,12.38155031
258,3.6,4.6,157,142.3249391,12.95713501
264,3.6,3.6,145,159.351341,16.0655131
283,3.6,0,169,156.2475655,15.77736404
302,3.6,-10.8,145,146.9779769,12.84908264
317,3.6,-15.6,132,135.8016194,12.00831255
341,3.6,-5.2,132,150.940133,13.51946608
431,3.6,3.6,137,129.8381743,10.48406426
439,3.6,-1.6,125,134.8931465,11.3505249
496,3.6,11,163,155.1664342,13.77065774
538,3.6,10.2,151,153.9642737,11.98583588
556,3.6,3.6,153,142.2152847,11.99152638
585,3.6,-3.6,136,138.4226295,11.67174989
602,3.6,-6.2,163,153.4196429,12.20600078
612,3.6,-9.6,165,152.6090555,11.82362162
614,3.6,2.2,156,136.1401548,11.66404127
618,3.6,-0.2,129,135.9792403,11.02112814
624,3.6,-4.6,136,137.5638186,11.45548291
638,3.6,7.2,139,133.9193217,12.06376095
644,3.6,-5.2,137,134.0286275,11.46109976
655,3.6,12,148,137.9701428,11.2655031
665,3.6,5.8,149,143.5741643,12.3166114
667,3.6,7.8,162,148.4574326,12.18129512
667,3.6,7.6,172,148.4574326,12.18129512
821,3.6,-1.4,140,138.7921609,11.80433966
138,3.8,-27.6,159,156.9331976,15.20062974
139,3.8,-3.2,149,144.840143,11.86575628
142,3.8,3.8,169,163.4546314,16.73681813
249,3.8,-7.6,147,147.6396166,12.12632741
276,3.8,-1.4,146,144.846901,12.84752081
318,3.8,-4.2,149,146.0843069,12.86701838
348,3.8,-7.4,146,146.9683327,13.272676
385,3.8,35.8,136,148.2893543,14.19464921
396,3.8,10.8,167,142.1334702,14.70209877
403,3.8,11.8,153,147.4767559,11.47452658
438,3.8,2.4,169,142.9070175,14.10274412
439,3.8,-23.8,162,134.8931465,11.3505249
475,3.8,3.8,148,137.0305677,13.4123738
484,3.8,1,135,135.808958,11.43509726
570,3.8,4.4,127,136.3950348,11.05964758
580,3.8,14.8,131,140.3149171,11.58190856
594,3.8,6,164,150.4772932,11.49328746
603,3.8,7.6,128,134.8995357,11.0924358
647,3.8,1.4,148,137.2684373,11.70552419
657,3.8,7,146,148.8694648,11.7695663
662,3.8,5.2,134,127.1428073,10.84690157
671,3.8,12.2,133,132.0570583,11.17135841
672,3.8,-3.6,137,142.270775,11.58851653
708,3.8,4.8,138,138.7173469,11.70572557
710,3.8,-2,136,139.8891844,11.91775053
797,3.8,9.2,174,147.2979777,12.02068675
50,4,6.2,92,150.2420382,12.97113529
56,4,-7.6,151,153.9415496,13.09210304
65,4,4,155,144.4270463,9.956165125
126,4,6.4,172,164.1869424,14.06810511
170,4,12.8,156,157.6615484,13.38827977
186,4,4,160,159.4518037,15.15766497
209,4,-0.6,162,154.1025595,12.07064157
213,4,7.6,141,147.4979339,11.75777256
328,4,-1.2,150,155.2241379,14.00807055
336,4,-3.6,140,138.2307692,12.29114446
340,4,5,162,151.2438725,13.55095486
435,4,4,180,169.0320856,12.39204706
503,4,4,167,142.2708694,12.55989872
522,4,11.4,141,141.2027266,11.63644116
523,4,-18.2,160,155.1325681,13.32755587
557,4,6.8,123,133.4164692,11.77501777
572,4,11.2,138,139.7391823,11.65189091
573,4,4.8,139,152.611755,12.40211712
589,4,3.4,148,140.4366293,11.20080284
594,4,-9.2,165,150.4772932,11.49328746
601,4,-4.2,140,151.5185766,12.03512281
602,4,6.4,157,153.4196429,12.20600078
611,4,-5.4,151,139.5548545,11.06759033
615,4,-0.2,137,141.8532533,11.53285722
617,4,-8.6,152,148.2345854,11.00028567
651,4,7.2,143,146.0484689,11.14136702
654,4,4,167,143.2450871,11.95366601
669,4,10.2,169,154.3420411,14.12445141
672,4,8.2,132,142.270775,11.58851653
674,4,-7.8,133,141.4364833,12.19855193
690,4,-11.8,135,140.9237231,11.80258488
769,4,7.8,147,130.3586767,11.30669739
776,4,6.4,143,135.3754181,9.687229766
790,4,-7.2,144,144.8881154,12.26387529
800,4,5,148,153.1344095,12.84634902
803,4,9.6,133,135.4876777,10.88275905
821,4,23.2,154,138.7921609,11.80433966
6,4.2,3.2,165,144.8876781,14.83615977
17,4.2,-11.4,163,135.2583047,10.10541781
86,4.2,35,153,156.4048641,13.65217854
110,4.2,4.2,158,156.9107143,14.20249176
239,4.2,5.8,144,143.7649805,13.2274198
257,4.2,-6.4,144,147.5862228,12.0639828
280,4.2,-2.8,152,152.5008741,14.49542986
282,4.2,7.6,151,146.4289793,13.58297239
333,4.2,3.6,168,151.2302826,13.80920219
350,4.2,3,133,134.3880699,12.08442408
449,4.2,-5,157,147.0018645,12.62140087
547,4.2,1.6,138,160.2321083,11.88356867
563,4.2,10.2,155,152.8030903,13.5358046
617,4.2,4.6,153,148.2345854,11.00028567
635,4.2,-3.6,149,144.6788775,12.29004624
657,4.2,5,141,148.8694648,11.7695663
663,4.2,6.4,168,157.7307745,12.37343112
669,4.2,-4.2,135,154.3420411,14.12445141
669,4.2,-1.8,160,154.3420411,14.12445141
691,4.2,-3.4,151,154.3849733,13.05931359
692,4.2,2.6,132,129.5729043,11.351641
727,4.2,-1.2,142,137.8006536,11.06198487
768,4.2,0.8,142,143.459102,11.37431528
805,4.2,6.4,138,139.9891447,11.87186092
60,4.4,-36.4,137,148.1702606,13.32267493
119,4.4,4.4,153,162.357193,13.63178779
137,4.4,19.8,173,165.3229833,13.99224219
176,4.4,1.2,170,159.739546,13.94726882
193,4.4,17.8,164,161.2054846,12.37472425
209,4.4,1.4,159,154.1025595,12.07064157
295,4.4,-7.8,123,132.4790005,10.0733566
316,4.4,4.4,155,138.1152882,13.69386767
347,4.4,37,137,149.8834356,13.43652831
374,4.4,3.2,132,124.0124429,11.67059848
403,4.4,-1.4,147,147.4767559,11.47452658
405,4.4,4.4,119,124.305033,11.00503162
405,4.4,14.8,122,124.305033,11.00503162
409,4.4,2.6,129,137.4721323,12.41955081
433,4.4,1.2,141,143.9187675,12.92139126
462,4.4,16.6,126,137.5573277,12.08770637
483,4.4,-4.6,113,142.6484065,12.67416286
607,4.4,1,156,138.6397466,11.31168527
647,4.4,-14.8,149,137.2684373,11.70552419
657,4.4,9.4,149,148.8694648,11.7695663
665,4.4,-3.6,145,143.5741643,12.3166114
701,4.4,3.8,153,139.4565842,11.64809701
771,4.4,4.6,139,152.0386213,12.62976578
787,4.4,12.2,153,155.0846012,13.34102241
808,4.4,5,144,148.3564785,12.0847347
826,4.4,6.6,143,141.0436469,12.08379631
835,4.4,4.4,160,154.8328321,12.8137994
4,4.6,1.4,148,149.4106115,12.51918142
67,4.6,7.6,159,155.0169122,12.71484255
101,4.6,8.8,154,169.8038741,12.94325956
133,4.6,-3.8,165,160.0920716,13.30483857
211,4.6,14.4,147,152.9886493,13.09466901
224,4.6,15.2,160,162.8968354,12.3825441
239,4.6,-7.6,161,143.7649805,13.2274198
257,4.6,-0.2,147,147.5862228,12.0639828
263,4.6,4.2,135,141.4714202,12.22440919
327,4.6,-8.8,142,142.4539326,12.76870674
387,4.6,-5.2,138,136.7578046,12.10413353
391,4.6,-12.6,139,151.6929873,13.66343523
415,4.6,4.6,159,164.3565072,12.85513448
441,4.6,0.4,133,138.5281583,12.63057863
449,4.6,0.6,116,147.0018645,12.62140087
453,4.6,5.4,136,135.5776993,12.19491558
495,4.6,0.4,162,152.7092248,13.00137217
517,4.6,2.2,144,143.3679171,12.61819785
567,4.6,10,142,140.1416838,12.12138577
581,4.6,16.4,149,141.8521303,12.46778256
582,4.6,11.2,142,141.53125,11.93411586
585,4.6,-1.2,114,138.4226295,11.67174989
586,4.6,-2.8,134,136.4125619,11.65649789
635,4.6,-9.6,153,144.6788775,12.29004624
646,4.6,12.2,148,136.4680015,11.89295583
673,4.6,4.6,169,144.3865979,11.41544155
686,4.6,11.4,141,143.1550305,12.26827182
688,4.6,11.2,144,148.2147947,11.53261943
707,4.6,1.2,142,137.8327039,11.3032142
723,4.6,5.4,156,145.0860821,11.64771456
732,4.6,2.8,135,139.2453245,10.87986337
759,4.6,0.8,160,158.459354,12.82867555
253,4.8,20.4,80,155.6612815,12.38155031
258,4.8,8.8,139,142.3249391,12.95713501
260,4.8,-0.2,143,152.1223502,12.73178309
307,4.8,8,122,143.5063902,12.4572761
345,4.8,6,166,157.6390469,14.4173138
357,4.8,4.8,154,152.4189935,13.0507545
400,4.8,7.8,136,124.564346,11.27125633
454,4.8,-19,164,144.9427046,11.92273943
454,4.8,14.2,137,144.9427046,11.92273943
476,4.8,6.8,134,139.2009536,12.12095616
533,4.8,3.8,132,158.5878824,13.82946587
572,4.8,9.4,148,139.7391823,11.65189091
574,4.8,17.6,133,136.1698915,11.47560906
597,4.8,4.8,105,147.3165171,12.2914424
600,4.8,6.2,158,154.9724016,11.98896098
602,4.8,2.4,173,153.4196429,12.20600078
604,4.8,5,133,140.9186239,11.25432024
606,4.8,2.4,134,134.6039861,11.17817192
678,4.8,6,140,139.8629168,11.78029613
683,4.8,0,145,142.2087576,11.9734306
686,4.8,-20.4,136,143.1550305,12.26827182
687,4.8,7.2,142,143.0897803,11.90535939
706,4.8,4.4,138,138.0301825,11.37442695
713,4.8,7.8,145,138.3207237,11.31661761
745,4.8,1.4,136,142.3355177,11.30020813
776,4.8,1.4,116,135.3754181,9.687229766
780,4.8,-0.6,161,147.4907621,9.91761963
799,4.8,-1.4,147,157.3251983,10.80830954
153,5,1,147,160.5744417,13.10153853
157,5,17.2,162,157.4129646,13.13309456
184,5,9.6,161,158.9580654,13.20138921
276,5,-5.4,137,144.846901,12.84752081
287,5,9,148,142.0402145,13.38914316
320,5,16.8,171,154.1055156,15.44344536
344,5,0,138,141.5603472,12.9096
363,5,-3.6,165,155.973672,12.49158788
381,5,0.6,149,133.1346633,11.5817968
437,5,0,112,122.7234957,10.68763958
570,5,0.4,138,136.3950348,11.05964758
595,5,1,147,148.6330325,12.38963134
614,5,-17,140,136.1401548,11.66404127
646,5,13,146,136.4680015,11.89295583
670,5,15,150,146.1532928,13.29324604
776,5,11.8,148,135.3754181,9.687229766
831,5,5,125,143.3188406,11.41569012
16,5.2,5.6,149,143.0171329,12.58336786
25,5.2,-39,137,136.8131289,11.79161629
201,5.2,5.2,160,150.1290163,12.54888641
209,5.2,5.2,152,154.1025595,12.07064157
236,5.2,5.2,166,151.2514286,13.91136136
253,5.2,11.2,152,155.6612815,12.38155031
306,5.2,5.2,197,154.1877627,15.75150935
320,5.2,0.4,167,154.1055156,15.44344536
334,5.2,3,147,144.7770545,12.89844293
350,5.2,-21.2,139,134.3880699,12.08442408
358,5.2,-9.4,150,146.8983532,13.19570136
422,5.2,-1.2,124,131.2356091,12.29049542
484,5.2,-0.2,127,135.808958,11.43509726
499,5.2,1.8,142,144.4975978,12.4185558
568,5.2,-14.8,128,136.1166961,11.33732169
573,5.2,19.4,151,152.611755,12.40211712
584,5.2,-9.2,130,135.7148453,11.9700973
589,5.2,6.8,127,140.4366293,11.20080284
617,5.2,0,151,148.2345854,11.00028567
619,5.2,5.8,136,139.8797771,10.99316375
641,5.2,4.4,138,134.0667441,11.71085955
648,5.2,-1.4,123,124.3860252,10.98772784
654,5.2,-0.2,142,143.2450871,11.95366601
680,5.2,5.2,149,141.4230977,12.32863616
684,5.2,-5.2,134,139.8482232,12.21068708
687,5.2,5,155,143.0897803,11.90535939
708,5.2,-1.2,136,138.7173469,11.70572557
772,5.2,-10.4,160,159.2233989,12.89047388
778,5.2,0.8,157,161.2481457,13.1992143
779,5.2,-5.2,118,134.8043947,10.76938526
803,5.2,-13,135,135.4876777,10.88275905
808,5.2,2.4,157,148.3564785,12.0847347
55,5.4,21.6,165,159.77159,14.47314479
137,5.4,6.6,176,165.3229833,13.99224219
165,5.4,12.4,165,147.4274648,13.69418213
236,5.4,-3.2,163,151.2514286,13.91136136
276,5.4,24,161,144.846901,12.84752081
293,5.4,-0.2,144,154.1002132,12.77916716
302,5.4,2.2,73,146.9779769,12.84908264
436,5.4,2.8,139,145.2131404,12.81763535
437,5.4,15.8,118,122.7234957,10.68763958
465,5.4,1.4,125,132.7483547,11.49108041
469,5.4,5.4,141,141.9426434,12.18831993
480,5.4,5.4,172,147.7496439,11.60891923
483,5.4,7.6,149,142.6484065,12.67416286
530,5.4,6,147,142.1497076,11.77965333
554,5.4,-2.2,120,134.6983169,11.59079733
570,5.4,10,143,136.3950348,11.05964758
580,5.4,-3.4,136,140.3149171,11.58190856
594,5.4,5.4,168,150.4772932,11.49328746
617,5.4,6.8,158,148.2345854,11.00028567
691,5.4,13.2,164,154.3849733,13.05931359
695,5.4,6.4,139,146.3031693,12.03821431
776,5.4,-1,134,135.3754181,9.687229766
65,5.6,5.6,140,144.4270463,9.956165125
112,5.6,5.6,150,155.995481,12.89270859
127,5.6,5.6,159,160.5408163,14.31782449
156,5.6,-4,160,151.4870993,14.28048646
167,5.6,2.4,159,158.0290598,13.51426506
264,5.6,11.4,165,159.351341,16.0655131
300,5.6,-1,138,146.0566887,11.78774508
326,5.6,10.6,144,152.5339151,12.86466709
356,5.6,1.2,145,149.4066038,14.5269583
357,5.6,-3.2,167,152.4189935,13.0507545
359,5.6,-0.4,153,144.0622407,12.13536281
364,5.6,-1.6,148,140.9175695,14.18609612
376,5.6,-2.2,135,129.845187,12.0217684
382,5.6,-4,153,151.6675138,14.59635934
407,5.6,19.4,181,156.4071856,15.57675449
407,5.6,0.8,170,156.4071856,15.57675449
424,5.6,6.2,137,133.2035637,11.91873469
435,5.6,5.6,181,169.0320856,12.39204706
444,5.6,1.2,138,127.3329601,11.52190075
491,5.6,5.2,147,147.0936566,12.47223097
585,5.6,3.4,131,138.4226295,11.67174989
591,5.6,16.2,122,133.0942207,10.80352056
595,5.6,-7,148,148.6330325,12.38963134
615,5.6,3.4,134,141.8532533,11.53285722
616,5.6,19,124,135.8327957,11.24920258
657,5.6,3,147,148.8694648,11.7695663
711,5.6,10.6,138,149.8503903,12.79303556
711,5.6,8.6,159,149.8503903,12.79303556
792,5.6,2.2,150,144.8352043,11.78911978
155,5.8,6.2,161,158.3825257,14.49656564
228,5.8,16.8,158,160.7869885,13.43828248
239,5.8,7.6,158,143.7649805,13.2274198
244,5.8,-2,152,150.1240135,13.03189448
260,5.8,-9.2,166,152.1223502,12.73178309
262,5.8,-2.2,144,145.6017108,13.03849751
277,5.8,-1.6,145,144.3463801,13.32328427
343,5.8,6.8,134,136.7149497,11.7593512
359,5.8,13,135,144.0622407,12.13536281
374,5.8,5.8,121,124.0124429,11.67059848
381,5.8,-3.2,154,133.1346633,11.5817968
530,5.8,-2.4,129,142.1497076,11.77965333
571,5.8,-7.8,134,147.063004,11.83610958
599,5.8,8,145,140.8831397,11.33928836
670,5.8,2.8,157,146.1532928,13.29324604
763,5.8,4.8,149,141.7130435,11.87127384
782,5.8,-1.2,148,155.4073084,12.82674331
13,6,7.8,170,143.8639944,12.11354875
35,6,1.4,148,141.7006481,12.15138275
43,6,19.8,154,154.2322893,12.37423998
133,6,-1.2,169,160.0920716,13.30483857
184,6,-16.2,159,158.9580654,13.20138921
200,6,0.8,163,159.723779,13.1166
219,6,-2,150,154.497555,13.23984279
239,6,13.2,162,143.7649805,13.2274198
328,6,17.2,183,155.2241379,14.00807055
343,6,20.2,160,136.7149497,11.7593512
456,6,8.4,154,145.5489596,11.80942215
466,6,11.4,131,151.4891097,13.72228109
476,6,9.2,132,139.2009536,12.12095616
520,6,12.4,129,137.3152031,11.6771367
573,6,12.2,145,152.611755,12.40211712
588,6,19.8,140,143.8118514,12.50280721
591,6,-4,142,133.0942207,10.80352056
610,6,32,148,144.8961749,11.49045653
651,6,19,160,146.0484689,11.14136702
683,6,-23.8,147,142.2087576,11.9734306
701,6,10.2,128,139.4565842,11.64809701
725,6,10.4,156,145.6866644,11.88927117
64,6.2,6.8,177,163.6643157,12.74811506
145,6.2,2.4,168,149.2709114,14.4985903
186,6.2,-18.6,172,159.4518037,15.15766497
230,6.2,17.6,157,155.7287523,13.08640199
236,6.2,6.2,167,151.2514286,13.91136136
340,6.2,6.2,163,151.2438725,13.55095486
376,6.2,2.2,132,129.845187,12.0217684
396,6.2,7,167,142.1334702,14.70209877
398,6.2,4.8,167,151.7238112,12.16203495
399,6.2,6.2,153,154.0680152,12.45351504
414,6.2,3,131,137.0905365,12.99864268
456,6.2,8,149,145.5489596,11.80942215
484,6.2,-3.2,123,135.808958,11.43509726
484,6.2,6.8,120,135.808958,11.43509726
565,6.2,16.2,144,143.8994073,12.31715324
570,6.2,6.2,166,136.3950348,11.05964758
576,6.2,17.4,139,147.4588071,11.56513179
593,6.2,5.8,136,139.5662898,11.85406865
595,6.2,7.2,142,148.6330325,12.38963134
612,6.2,-1.2,152,152.6090555,11.82362162
615,6.2,-1.4,129,141.8532533,11.53285722
651,6.2,-3,150,146.0484689,11.14136702
657,6.2,8.2,143,148.8694648,11.7695663
772,6.2,16.2,152,159.2233989,12.89047388
779,6.2,8.4,123,134.8043947,10.76938526
824,6.2,0.8,136,138.0920945,11.87232176
835,6.2,6.2,158,154.8328321,12.8137994
21,6.4,-21.2,137,134.9046653,12.52254888
29,6.4,1.4,116,152.5630281,12.54418169
57,6.4,11.2,157,143.8517499,12.73277814
128,6.4,2.8,178,166.6530899,13.02963876
213,6.4,-8.6,133,147.4979339,11.75777256
291,6.4,8.4,169,165.6520651,13.22159099
297,6.4,-5,165,148.6532731,12.03950819
342,6.4,7.4,174,166.2539185,18.79346708
359,6.4,-11.6,143,144.0622407,12.13536281
406,6.4,-3.2,153,151.2854197,13.47094744
435,6.4,6.4,167,169.0320856,12.39204706
473,6.4,-2.8,179,168.0774254,16.9158694
509,6.4,25.4,154,159.5567686,12.79447331
571,6.4,6,148,147.063004,11.83610958
571,6.4,-14.8,142,147.063004,11.83610958
585,6.4,6.6,138,138.4226295,11.67174989
586,6.4,-8.4,149,136.4125619,11.65649789
601,6.4,7.2,161,151.5185766,12.03512281
657,6.4,9.8,156,148.8694648,11.7695663
659,6.4,-3.4,156,136.5868893,11.06816327
667,6.4,0.2,138,148.4574326,12.18129512
831,6.4,6.4,122,143.3188406,11.41569012
39,6.6,20.6,148,153.7267809,14.22195361
203,6.6,4,155,159.1853699,14.60824272
391,6.6,3.4,154,151.6929873,13.66343523
394,6.6,8.2,149,131.0369108,12.39664191
477,6.6,-32.2,138,142.5822864,11.69710101
560,6.6,-5.4,150,148.804205,12.04383926
577,6.6,-49.8,163,148.7532051,12.548362
583,6.6,-22,166,150.2539219,12.86167968
594,6.6,1.8,142,150.4772932,11.49328746
605,6.6,-0.2,158,142.2888889,12.20021799
652,6.6,4.4,148,149.296372,11.77471978
675,6.6,1.4,142,143.3512807,11.38810601
684,6.6,4.4,144,139.8482232,12.21068708
702,6.6,-0.4,124,139.7406699,10.98452428
787,6.6,4.8,170,155.0846012,13.34102241
204,6.8,-6,157,162.9767313,12.70579812
234,6.8,2,172,158.9641834,14.5399255
309,6.8,-5,146,148.4405927,13.29796531
325,6.8,8.8,150,145.1473936,11.72351957
332,6.8,8.4,155,150.7260222,13.34014941
343,6.8,-4.6,132,136.7149497,11.7593512
388,6.8,7.6,113,113.0173954,10.33265501
483,6.8,20.6,155,142.6484065,12.67416286
484,6.8,14.8,101,135.808958,11.43509726
503,6.8,16,138,142.2708694,12.55989872
564,6.8,-7.6,138,146.8555766,12.53359469
612,6.8,-3.4,151,152.6090555,11.82362162
612,6.8,7.4,158,152.6090555,11.82362162
648,6.8,-1.4,115,124.3860252,10.98772784
694,6.8,5,139,141.2464205,11.63201914
721,6.8,22.8,162,160.2190444,12.87415599
768,6.8,-2.6,114,143.459102,11.37431528
772,6.8,6.8,168,159.2233989,12.89047388
795,6.8,-14.6,146,146.2261249,11.43082635
822,6.8,9,137,142.1102842,11.9294511
41,7,15.8,152,147.227519,12.54318397
58,7,-2,162,152.8408987,13.5253513
96,7,2.8,160,163.5007496,13.8260468
169,7,6.2,157,153.4051095,12.41060528
186,7,-11.6,174,159.4518037,15.15766497
188,7,5.6,160,159.9779099,15.06375379
239,7,6.4,144,143.7649805,13.2274198
260,7,0.4,166,152.1223502,12.73178309
270,7,5,174,167.7809446,14.48968734
273,7,-8,166,142.8680053,11.78018117
303,7,-6.2,144,149.6460797,12.66235112
327,7,-17.6,129,142.4539326,12.76870674
372,7,7.4,149,140.7526602,12.38829208
387,7,9.8,134,136.7578046,12.10413353
388,7,7,144,113.0173954,10.33265501
392,7,13.6,157,152.5569704,12.60016104
502,7,-1.4,171,146.8860927,12.50144424
518,7,12,140,140.3242291,12.78853216
565,7,13.2,147,143.8994073,12.31715324
582,7,9.2,138,141.53125,11.93411586
585,7,13.2,122,138.4226295,11.67174989
585,7,-2.8,133,138.4226295,11.67174989
638,7,0.4,134,133.9193217,12.06376095
639,7,12.8,143,141.5268435,11.34375738
657,7,5.2,170,148.8694648,11.7695663
666,7,2.8,140,127.9903174,10.76990446
776,7,-1.2,110,135.3754181,9.687229766
795,7,16.2,145,146.2261249,11.43082635
41,7.2,7.8,154,147.227519,12.54318397
167,7.2,-8.6,161,158.0290598,13.51426506
178,7.2,-2.8,183,158.8602251,14.00897399
223,7.2,16.8,146,149.686976,12.9575128
224,7.2,7.2,167,162.8968354,12.3825441
239,7.2,9.6,125,143.7649805,13.2274198
306,7.2,-3.6,170,154.1877627,15.75150935
348,7.2,8.8,149,146.9683327,13.272676
355,7.2,14,133,135.5260516,12.38773078
366,7.2,2.4,153,151.6804295,13.28709472
437,7.2,25,116,122.7234957,10.68763958
453,7.2,-2.8,136,135.5776993,12.19491558
478,7.2,-27.4,144,134.6162162,11.13113201
569,7.2,-4.6,146,133.8945445,11.25614471
585,7.2,6.4,142,138.4226295,11.67174989
589,7.2,7.2,139,140.4366293,11.20080284
592,7.2,7.2,153,138.4963156,11.19528687
607,7.2,13,136,138.6397466,11.31168527
608,7.2,2.8,131,133.2935022,10.9897652
615,7.2,4.2,136,141.8532533,11.53285722
619,7.2,-6,163,139.8797771,10.99316375
619,7.2,-1.2,138,139.8797771,10.99316375
677,7.2,1.2,170,160.3102482,14.35365755
688,7.2,28,153,148.2147947,11.53261943
714,7.2,0.4,145,152.0839895,12.9531225
763,7.2,36.8,134,141.7130435,11.87127384
779,7.2,7.2,139,134.8043947,10.76938526
45,7.4,-12.4,157,153.4091125,12.49329853
70,7.4,6,113,154.745886,13.25632251
135,7.4,6,173,155.7290363,15.85348536
142,7.4,7.4,175,163.4546314,16.73681813
159,7.4,15.4,156,148.991606,12.91908798
239,7.4,6.4,154,143.7649805,13.2274198
239,7.4,9.6,154,143.7649805,13.2274198
275,7.4,12.6,143,140.5686783,11.93234551
295,7.4,12.4,131,132.4790005,10.0733566
372,7.4,2,164,140.7526602,12.38829208
412,7.4,7.2,146,144.6958002,13.07706943
449,7.4,0.2,165,147.0018645,12.62140087
452,7.4,0.4,133,141.8966725,12.71025961
611,7.4,-12.2,138,139.5548545,11.06759033
641,7.4,4.4,145,134.0667441,11.71085955
644,7.4,-7,136,134.0286275,11.46109976
657,7.4,7.4,170,148.8694648,11.7695663
820,7.4,7.6,133,142.6821809,11.93404661
70,7.6,-11.6,150,154.745886,13.25632251
246,7.6,7.6,162,158.7899878,14.08207326
257,7.6,-6,135,147.5862228,12.0639828
258,7.6,13.8,126,142.3249391,12.95713501
279,7.6,7.6,169,145.2683616,13.05604322
428,7.6,-17,133,142.9906617,12.51455469
429,7.6,7,133,141.8463995,13.40825331
430,7.6,3.2,136,133.4275643,12.15925569
526,7.6,12.8,155,163.1066176,11.4904006
566,7.6,16.2,144,147.3796664,12.86458501
581,7.6,12.6,147,141.8521303,12.46778256
634,7.6,5.2,147,144.26726,12.5807642
643,7.6,-5.4,164,159.8023609,13.22962382
650,7.6,14.4,171,164.8840125,19.24000251
660,7.6,9.4,165,151.977494,13.65589691
663,7.6,7.6,141,157.7307745,12.37343112
667,7.6,10.4,139,148.4574326,12.18129512
674,7.6,0.2,166,141.4364833,12.19855193
703,7.6,-1,141,141.7186188,11.04527541
770,7.6,-1.6,148,148.2014828,11.51102663
788,7.6,-5.6,170,154.0656852,13.69744417
23,7.8,5.6,157,153.0618893,14.41774788
35,7.8,5.8,145,141.7006481,12.15138275
115,7.8,25.4,162,155.465225,12.2393317
190,7.8,7,180,165.1070597,14.18910535
209,7.8,23.4,160,154.1025595,12.07064157
340,7.8,-0.2,150,151.2438725,13.55095486
396,7.8,2.2,140,142.1334702,14.70209877
449,7.8,-1.2,161,147.0018645,12.62140087
470,7.8,-8.8,120,128.9831844,11.04198697
566,7.8,7.4,149,147.3796664,12.86458501
660,7.8,11.2,155,151.977494,13.65589691
682,7.8,20.2,147,144.9135063,11.54548503
683,7.8,7.4,140,142.2087576,11.9734306
702,7.8,26,158,139.7406699,10.98452428
744,7.8,9.6,138,135.4580537,10.64903656
779,7.8,15.8,170,134.8043947,10.76938526
835,7.8,3.8,153,154.8328321,12.8137994
58,8,24.2,161,152.8408987,13.5253513
67,8,-7,154,155.0169122,12.71484255
125,8,-2.2,157,157.0535588,12.17706216
129,8,-14.8,164,156.5294118,12.28740477
187,8,98.4,166,162.845843,13.63758256
229,8,-5,165,154.4663986,13.24942056
249,8,16,156,147.6396166,12.12632741
258,8,0.2,137,142.3249391,12.95713501
293,8,-2.6,141,154.1002132,12.77916716
306,8,8,178,154.1877627,15.75150935
340,8,7.6,155,151.2438725,13.55095486
357,8,-10.4,159,152.4189935,13.0507545
388,8,8,148,113.0173954,10.33265501
389,8,-3.4,140,141.4928297,12.06581364
458,8,10.8,146,163.0935987,9.454793552
477,8,8.2,139,142.5822864,11.69710101
481,8,3.4,157,155.4838391,13.67780343
483,8,4.4,158,142.6484065,12.67416286
492,8,-6.8,139,151.0400209,12.85785341
572,8,8,169,139.7391823,11.65189091
577,8,6.6,149,148.7532051,12.548362
585,8,5,128,138.4226295,11.67174989
597,8,-2.2,136,147.3165171,12.2914424
609,8,29,135,140.9433962,11.07445489
654,8,1,139,143.2450871,11.95366601
738,8,11,167,151.986227,12.3798793
750,8,7.2,135,146.7084779,11.38021398
825,8,8,122,151.7671233,11.18817722
26,8.2,8.2,152,160.8444993,14.19130155
167,8.2,-14.8,154,158.0290598,13.51426506
206,8.2,1.2,153,152.0646617,12.47342941
206,8.2,13.6,158,152.0646617,12.47342941
226,8.2,10,148,158.4130627,14.21131176
233,8.2,6.4,161,151.3371721,13.25074834
265,8.2,13.4,153,149.8431973,14.19612598
363,8.2,14,167,155.973672,12.49158788
431,8.2,-19.8,116,129.8381743,10.48406426
452,8.2,-2.6,138,141.8966725,12.71025961
539,8.2,17.2,148,155.9655431,13.35438921
581,8.2,4.6,146,141.8521303,12.46778256
587,8.2,10.8,145,147.4953429,12.59395687
593,8.2,15.2,147,139.5662898,11.85406865
601,8.2,2.8,159,151.5185766,12.03512281
602,8.2,5.2,163,153.4196429,12.20600078
624,8.2,-1.2,133,137.5638186,11.45548291
631,8.2,-4.8,144,145.8332621,12.42157846
735,8.2,18.6,154,150.1109906,11.80352408
191,8.4,2.2,148,152.7274011,12.6548161
223,8.4,16.6,149,149.686976,12.9575128
241,8.4,8.4,163,162.3443332,12.76949372
352,8.4,6,176,165.2861086,16.64861564
398,8.4,1,145,151.7238112,12.16203495
445,8.4,18,143,136.8441128,12.01349353
449,8.4,-7.8,139,147.0018645,12.62140087
449,8.4,14.4,150,147.0018645,12.62140087
470,8.4,8.4,157,128.9831844,11.04198697
549,8.4,12.2,125,134.4587222,11.32200646
573,8.4,8,137,152.611755,12.40211712
591,8.4,-8.2,137,133.0942207,10.80352056
641,8.4,0.8,134,134.0667441,11.71085955
695,8.4,-10.2,149,146.3031693,12.03821431
815,8.4,2.8,145,145.9101924,12.25481281
10,8.6,16.6,174,165.4359465,16.41009407
39,8.6,-6.8,153,153.7267809,14.22195361
58,8.6,18.4,134,152.8408987,13.5253513
145,8.6,8.6,158,149.2709114,14.4985903
145,8.6,12.2,174,149.2709114,14.4985903
153,8.6,-2.2,154,160.5744417,13.10153853
239,8.6,8.4,151,143.7649805,13.2274198
241,8.6,11.6,154,162.3443332,12.76949372
252,8.6,10.6,139,142.3891695,12.61661597
293,8.6,8.6,165,154.1002132,12.77916716
310,8.6,16,104,131.5135422,11.3657009
417,8.6,-4,148,136.3214719,12.10536233
483,8.6,24,124,142.6484065,12.67416286
483,8.6,18.2,150,142.6484065,12.67416286
517,8.6,3.2,132,143.3679171,12.61819785
555,8.6,-2,136,144.8224058,12.46288405
581,8.6,-1.4,145,141.8521303,12.46778256
588,8.6,-0.6,147,143.8118514,12.50280721
611,8.6,2.8,119,139.5548545,11.06759033
615,8.6,5.4,134,141.8532533,11.53285722
644,8.6,21.4,138,134.0286275,11.46109976
652,8.6,3.8,145,149.296372,11.77471978
672,8.6,2,143,142.270775,11.58851653
699,8.6,13.6,160,149.2358739,11.28956561
37,8.8,1,158,149.6513761,13.31589369
157,8.8,6.8,162,157.4129646,13.13309456
171,8.8,8.8,145,141.1032468,12.69442753
246,8.8,8.8,163,158.7899878,14.08207326
289,8.8,8.8,161,143.3810538,12.60505609
295,8.8,6.8,123,132.4790005,10.0733566
306,8.8,9.4,171,154.1877627,15.75150935
483,8.8,18.2,142,142.6484065,12.67416286
483,8.8,15.6,143,142.6484065,12.67416286
542,8.8,1.8,142,141.6970502,12.40585352
589,8.8,-8.4,136,140.4366293,11.20080284
606,8.8,-1.4,138,134.6039861,11.17817192
637,8.8,-47.8,137,140.8169811,11.06175849
658,8.8,9.4,132,140.3690023,11.58462727
674,8.8,-3.2,150,141.4364833,12.19855193
684,8.8,15,92,139.8482232,12.21068708
706,8.8,9.6,143,138.0301825,11.37442695
748,8.8,24.4,139,150.2074468,12.52447755
804,8.8,3.6,147,149.7258111,12.86792754
809,8.8,4.2,152,149.6405615,13.34909922
832,8.8,-8.6,129,138.5223325,11.34720803
833,8.8,-7.4,166,150.154239,12.60455975
145,9,-5,149,149.2709114,14.4985903
167,9,19.2,172,158.0290598,13.51426506
208,9,3.8,158,156.0059484,13.01731447
216,9,9,188,165.2325777,14.91045945
244,9,2.6,160,150.1240135,13.03189448
290,9,-25,158,154.6904594,11.93482177
327,9,10,163,142.4539326,12.76870674
337,9,4.6,155,148.3453423,12.99541862
399,9,7.4,122,154.0680152,12.45351504
449,9,-4.4,142,147.0018645,12.62140087
457,9,10.8,119,137.3216208,11.62555442
572,9,1.8,128,139.7391823,11.65189091
579,9,4.8,154,152.9274599,13.58003819
605,9,1.4,133,142.2888889,12.20021799
628,9,10.8,124,134.6153846,10.99814806
692,9,3.6,130,129.5729043,11.351641
702,9,8.6,147,139.7406699,10.98452428
776,9,-1.2,113,135.3754181,9.687229766
812,9,1.4,161,138.2446853,12.01709112
816,9,-6.2,139,131.4234069,10.68595147
835,9,-6.4,146,154.8328321,12.8137994
13,9.2,17.6,143,143.8639944,12.11354875
18,9.2,9.6,150,144.2280903,13.2715729
172,9.2,-27.8,166,155.8322034,13.4239973
202,9.2,15,168,158.759415,13.54352775
212,9.2,-8.4,165,154.0117754,13.01687772
240,9.2,1.2,171,163.9232082,15.26205563
307,9.2,1,140,143.5063902,12.4572761
379,9.2,13,112,112.8872215,10.26521746
454,9.2,14,159,144.9427046,11.92273943
485,9.2,7.8,158,150.6505017,12.40069365
557,9.2,4.4,124,133.4164692,11.77501777
563,9.2,-11.4,155,152.8030903,13.5358046
585,9.2,-6,140,138.4226295,11.67174989
594,9.2,16.6,142,150.4772932,11.49328746
599,9.2,22.6,147,140.8831397,11.33928836
605,9.2,11.4,149,142.2888889,12.20021799
654,9.2,-2,141,143.2450871,11.95366601
708,9.2,9.2,170,138.7173469,11.70572557
800,9.2,16,169,153.1344095,12.84634902
827,9.2,8.4,170,162.0182228,14.24686102
58,9.4,11,146,152.8408987,13.5253513
110,9.4,9.4,160,156.9107143,14.20249176
238,9.4,9.4,155,152.7323232,13.88891943
252,9.4,-1.2,140,142.3891695,12.61661597
283,9.4,13.2,167,156.2475655,15.77736404
306,9.4,5,172,154.1877627,15.75150935
327,9.4,9.4,146,142.4539326,12.76870674
350,9.4,8,137,134.3880699,12.08442408
365,9.4,5.4,139,138.9651639,13.26010082
394,9.4,7,145,131.0369108,12.39664191
398,9.4,4.4,151,151.7238112,12.16203495
483,9.4,19.2,157,142.6484065,12.67416286
556,9.4,5.8,152,142.2152847,11.99152638
562,9.4,8.2,143,146.4650073,12.95960657
565,9.4,0,149,143.8994073,12.31715324
567,9.4,-8.4,130,140.1416838,12.12138577
579,9.4,7.4,143,152.9274599,13.58003819
621,9.4,29.6,164,164.7966448,12.25613666
629,9.4,-8.4,155,150.9587284,11.26131144
640,9.4,9.6,137,146.7283455,12.12308369
643,9.4,13.8,175,159.8023609,13.22962382
666,9.4,5.6,119,127.9903174,10.76990446
683,9.4,0.6,135,142.2087576,11.9734306
690,9.4,11.6,129,140.9237231,11.80258488
804,9.4,5.4,145,149.7258111,12.86792754
13,9.6,-2.2,73,143.8639944,12.11354875
32,9.6,-8.2,154,154.3617443,11.45392983
35,9.6,35.4,161,141.7006481,12.15138275
70,9.6,8.4,157,154.745886,13.25632251
119,9.6,0.2,172,162.357193,13.63178779
138,9.6,9.8,178,156.9331976,15.20062974
186,9.6,-1.2,173,159.4518037,15.15766497
207,9.6,-5.2,158,157.676485,12.70128778
252,9.6,-6.4,142,142.3891695,12.61661597
272,9.6,9.6,167,141.2669718,12.93716407
293,9.6,0.8,141,154.1002132,12.77916716
305,9.6,9.4,137,145.2950474,12.98997345
334,9.6,-13.4,145,144.7770545,12.89844293
350,9.6,4.8,139,134.3880699,12.08442408
359,9.6,9.6,159,144.0622407,12.13536281
406,9.6,-9,149,151.2854197,13.47094744
438,9.6,6.2,166,142.9070175,14.10274412
471,9.6,12.4,163,149.5601323,12.30951238
562,9.6,-4.8,146,146.4650073,12.95960657
579,9.6,13.6,156,152.9274599,13.58003819
590,9.6,-18.8,142,152.2497663,11.60578486
611,9.6,2.2,145,139.5548545,11.06759033
663,9.6,-2.8,171,157.7307745,12.37343112
678,9.6,8.8,134,139.8629168,11.78029613
714,9.6,9.6,162,152.0839895,12.9531225
750,9.6,3.6,152,146.7084779,11.38021398
816,9.6,50.6,125,131.4234069,10.68595147
43,9.8,22,142,154.2322893,12.37423998
56,9.8,24,154,153.9415496,13.09210304
124,9.8,5,151,157.015691,13.43178576
140,9.8,21.8,153,149.2883379,12.4245157
149,9.8,-1.4,163,161.6591745,14.32630629
155,9.8,9.8,160,158.3825257,14.49656564
177,9.8,1.2,140,159.6361474,13.77307776
281,9.8,5.4,131,126.4245283,10.94288724
350,9.8,-34.8,139,134.3880699,12.08442408
462,9.8,12.8,110,137.5573277,12.08770637
485,9.8,5.8,143,150.6505017,12.40069365
572,9.8,5.6,147,139.7391823,11.65189091
604,9.8,7.4,128,140.9186239,11.25432024
612,9.8,2,163,152.6090555,11.82362162
619,9.8,13.4,140,139.8797771,10.99316375
661,9.8,0,125,134.175117,10.73866661
698,9.8,-3.4,149,146.005604,11.93931818
713,9.8,-0.8,106,138.3207237,11.31661761
768,9.8,4.2,134,143.459102,11.37431528
817,9.8,13.4,159,136.4993987,11.22162862
104,10,7.8,166,161.4797868,14.23986637
135,10,10,161,155.7290363,15.85348536
236,10,5.4,158,151.2514286,13.91136136
279,10,10,142,145.2683616,13.05604322
372,10,12.8,143,140.7526602,12.38829208
408,10,2.4,146,146.8439292,11.44689004
454,10,-17,159,144.9427046,11.92273943
531,10,-1.4,126,141.9485522,12.00121892
559,10,-13,143,151.0621741,12.40170968
561,10,6.6,147,148.3965368,12.80891065
568,10,-27.8,130,136.1166961,11.33732169
590,10,-19.6,156,152.2497663,11.60578486
639,10,19.2,144,141.5268435,11.34375738
685,10,8.2,149,141.6434837,11.11982368
747,10,12.4,138,145.3297521,11.97043289
273,10.2,7.8,142,142.8680053,11.78018117
329,10.2,7.4,138,138.1370034,12.60700519
339,10.2,7.2,149,139.6171783,12.95794179
413,10.2,8.4,115,158.6134715,15.45156933
511,10.2,20.6,139,148.0454387,12.68964676
513,10.2,-35.6,162,149.0662177,13.03614686
560,10.2,-18.4,156,148.804205,12.04383926
620,10.2,-1.4,177,163.6454821,13.72806381
705,10.2,19.2,148,144.3242718,12.55562097
27,10.4,2.2,137,142.3197851,12.18187442
131,10.4,0.8,160,153.9189679,13.15786673
249,10.4,2,159,147.6396166,12.12632741
276,10.4,-6,140,144.846901,12.84752081
314,10.4,-5.6,152,153.1717352,13.88890948
327,10.4,9.6,152,142.4539326,12.76870674
415,10.4,-9.6,168,164.3565072,12.85513448
506,10.4,15,132,147.2384519,11.76096629
546,10.4,-2,133,149.9232448,12.69359745
752,10.4,9.6,155,145.5150215,11.03408594
775,10.4,12,136,139.885486,10.81514181
817,10.4,4.2,130,136.4993987,11.22162862
69,10.6,-3.8,162,162.8087406,13.82466316
180,10.6,6.8,160,157.0405503,13.05411875
209,10.6,45.8,137,154.1025595,12.07064157
266,10.6,10.6,156,155.1522601,14.23370626
399,10.6,15,166,154.0680152,12.45351504
442,10.6,9.4,153,153.0657954,13.60284254
562,10.6,5.2,164,146.4650073,12.95960657
586,10.6,-24.6,133,136.4125619,11.65649789
637,10.6,4.4,159,140.8169811,11.06175849
740,10.6,-4,139,143.6016742,11.35486946
811,10.6,2,145,147.9395589,12.67819929
50,10.8,10.8,155,150.2420382,12.97113529
58,10.8,18,156,152.8408987,13.5253513
58,10.8,8.6,164,152.8408987,13.5253513
143,10.8,4.4,163,160.6253937,13.9156329
153,10.8,8.8,164,160.5744417,13.10153853
159,10.8,-16,149,148.991606,12.91908798
166,10.8,-3.4,155,150.4239421,13.23684865
168,10.8,16.8,153,151.2732278,13.54063317
201,10.8,10.8,160,150.1290163,12.54888641
214,10.8,17.2,165,157.4463547,14.27044563
222,10.8,2,162,157.3443609,14.17875104
281,10.8,10.8,147,126.4245283,10.94288724
376,10.8,2.6,130,129.845187,12.0217684
421,10.8,5.4,128,130.8985788,11.14819767
484,10.8,-14.4,108,135.808958,11.43509726
604,10.8,9.2,130,140.9186239,11.25432024
662,10.8,11.8,121,127.1428073,10.84690157
665,10.8,7.2,136,143.5741643,12.3166114
695,10.8,-20.8,151,146.3031693,12.03821431
695,10.8,20.6,143,146.3031693,12.03821431
704,10.8,10.4,154,140.293653,12.06206525
713,10.8,8.4,130,138.3207237,11.31661761
780,10.8,10.8,122,147.4907621,9.91761963
803,10.8,1.8,128,135.4876777,10.88275905
110,11,11.6,159,156.9107143,14.20249176
138,11,11.8,175,156.9331976,15.20062974
157,11,-1.8,162,157.4129646,13.13309456
213,11,1,135,147.4979339,11.75777256
213,11,-4,172,147.4979339,11.75777256
298,11,30.4,155,147.4982771,13.43258746
327,11,24.2,122,142.4539326,12.76870674
381,11,-2.4,134,133.1346633,11.5817968
453,11,8.6,165,135.5776993,12.19491558
484,11,6.4,131,135.808958,11.43509726
502,11,8.8,146,146.8860927,12.50144424
585,11,-5.6,137,138.4226295,11.67174989
702,11,-3.2,116,139.7406699,10.98452428
712,11,16.6,143,141.8499096,11.43291377
713,11,17.2,134,138.3207237,11.31661761
16,11.2,19.4,140,143.0171329,12.58336786
43,11.2,-4.8,146,154.2322893,12.37423998
86,11.2,45.6,154,156.4048641,13.65217854
108,11.2,-8.6,153,163.8978037,11.37052947
193,11.2,5.6,164,161.2054846,12.37472425
214,11.2,4.2,168,157.4463547,14.27044563
262,11.2,-0.8,141,145.6017108,13.03849751
331,11.2,5.6,142,144.6890424,12.25198697
359,11.2,11.6,147,144.0622407,12.13536281
381,11.2,17.4,131,133.1346633,11.5817968
388,11.2,23.6,109,113.0173954,10.33265501
436,11.2,-2.4,148,145.2131404,12.81763535
453,11.2,8.6,133,135.5776993,12.19491558
485,11.2,-6.4,157,150.6505017,12.40069365
535,11.2,0,129,140.9521853,10.95394701
565,11.2,15.2,145,143.8994073,12.31715324
570,11.2,4.6,128,136.3950348,11.05964758
577,11.2,-0.2,135,148.7532051,12.548362
599,11.2,1.2,146,140.8831397,11.33928836
771,11.2,19,159,152.0386213,12.62976578
787,11.2,11.2,165,155.0846012,13.34102241
816,11.2,17.4,144,131.4234069,10.68595147
41,11.4,-16,149,147.227519,12.54318397
58,11.4,11.4,134,152.8408987,13.5253513
174,11.4,11.2,161,162.3820173,13.14627218
245,11.4,-5.4,165,167.9338061,14.04126525
338,11.4,10.2,142,139.7032622,11.93398419
386,11.4,-6.6,146,149.0964686,13.30815917
419,11.4,15.8,150,133.3709199,12.714673
466,11.4,6.6,161,151.4891097,13.72228109
480,11.4,8,163,147.7496439,11.60891923
569,11.4,2.8,131,133.8945445,11.25614471
585,11.4,2.2,139,138.4226295,11.67174989
595,11.4,21,143,148.6330325,12.38963134
597,11.4,-2,144,147.3165171,12.2914424
613,11.4,7.6,147,140.6692876,11.38949786
645,11.4,11.4,161,144.8565084,12.42341305
652,11.4,7.6,148,149.296372,11.77471978
657,11.4,11.4,137,148.8694648,11.7695663
724,11.4,10,135,145.2443268,11.81352018
66,11.6,11.6,154,151.6160584,13.02983737
97,11.6,5.2,155,156.0500272,12.56464013
172,11.6,6.8,158,155.8322034,13.4239973
213,11.6,-0.6,170,147.4979339,11.75777256
345,11.6,14,156,157.6390469,14.4173138
388,11.6,-17,111,113.0173954,10.33265501
400,11.6,25,126,124.564346,11.27125633
412,11.6,3,129,144.6958002,13.07706943
480,11.6,7.6,153,147.7496439,11.60891923
485,11.6,1,144,150.6505017,12.40069365
507,11.6,5,151,153.3786107,12.69866466
566,11.6,-0.2,163,147.3796664,12.86458501
567,11.6,-1.4,134,140.1416838,12.12138577
661,11.6,8.6,142,134.175117,10.73866661
687,11.6,2.2,143,143.0897803,11.90535939
819,11.6,17.6,155,159.3449409,11.83145677
43,11.8,0.8,162,154.2322893,12.37423998
47,11.8,-6,160,160.3270349,13.46869884
78,11.8,19.6,164,161.5697108,13.00911345
209,11.8,6.8,140,154.1025595,12.07064157
290,11.8,10,146,154.6904594,11.93482177
309,11.8,3.6,166,148.4405927,13.29796531
318,11.8,7.2,131,146.0843069,12.86701838
398,11.8,11.8,157,151.7238112,12.16203495
407,11.8,-18.4,164,156.4071856,15.57675449
560,11.8,2.6,145,148.804205,12.04383926
566,11.8,9.6,150,147.3796664,12.86458501
579,11.8,5,155,152.9274599,13.58003819
605,11.8,9.4,139,142.2888889,12.20021799
656,11.8,-1.6,138,142.4051891,11.34577291
737,11.8,3.4,157,153.8271908,11.9531027
142,12,12,169,163.4546314,16.73681813
213,12,12,154,147.4979339,11.75777256
232,12,12,166,144.615493,11.02947718
250,12,12,182,175.8231047,11.653187
293,12,-6.6,154,154.1002132,12.77916716
411,12,15.4,164,126.723487,12.11841755
424,12,-6,138,133.2035637,11.91873469
550,12,8.4,160,145.0559918,12.15409778
585,12,3.8,131,138.4226295,11.67174989
588,12,6.4,142,143.8118514,12.50280721
617,12,-13,154,148.2345854,11.00028567
660,12,16.8,163,151.977494,13.65589691
671,12,10,125,132.0570583,11.17135841
51,12.2,-11.6,139,149.4088617,12.88471643
116,12.2,6.4,155,157.2700587,13.2847773
130,12.2,-0.2,168,162.3972795,13.86289081
283,12.2,0,169,156.2475655,15.77736404
355,12.2,34,135,135.5260516,12.38773078
410,12.2,4.8,171,146.1625045,13.67847089
577,12.2,24.8,140,148.7532051,12.548362
755,12.2,-2.2,132,143.8334201,12.32377449
62,12.4,12.4,151,157.534079,13.279226
85,12.4,2,159,150.8939567,13.23366773
161,12.4,5.8,166,164.6705927,12.94125435
242,12.4,12.4,166,155.4660422,11.70505222
256,12.4,7.4,136,140.150771,12.70206
319,12.4,12.4,159,139.4069952,12.14284781
354,12.4,-28.8,138,155.9744501,14.66009376
381,12.4,-5.8,143,133.1346633,11.5817968
411,12.4,12.4,156,126.723487,12.11841755
434,12.4,12.4,172,168.8210526,12.79868211
434,12.4,-0.2,162,168.8210526,12.79868211
476,12.4,9.4,136,139.2009536,12.12095616
565,12.4,-8,161,143.8994073,12.31715324
576,12.4,1.6,142,147.4588071,11.56513179
612,12.4,2.8,155,152.6090555,11.82362162
613,12.4,9.8,132,140.6692876,11.38949786
647,12.4,9.4,138,137.2684373,11.70552419
746,12.4,9.4,137,147.9982818,11.59539897
37,12.6,1,157,149.6513761,13.31589369
169,12.6,3.2,144,153.4051095,12.41060528
239,12.6,10.6,142,143.7649805,13.2274198
360,12.6,2.6,128,136.7178453,12.37743243
392,12.6,9.2,161,152.5569704,12.60016104
514,12.6,12.8,140,139.5167611,12.27525977
591,12.6,2.4,135,133.0942207,10.80352056
796,12.6,8.6,154,153.608076,12.28794706
834,12.6,10,156,157.2769508,13.45272909
27,12.8,8.8,143,142.3197851,12.18187442
55,12.8,12.8,146,159.77159,14.47314479
148,12.8,12.8,111,149.2040956,13.4606015
183,12.8,8.2,161,152.5792896,12.98946996
219,12.8,7.2,160,154.497555,13.23984279
248,12.8,13,138,145.9598863,13.12178698
263,12.8,10.2,145,141.4714202,12.22440919
305,12.8,23.8,147,145.2950474,12.98997345
331,12.8,14.4,149,144.6890424,12.25198697
361,12.8,10,188,146.2313897,13.34831961
362,12.8,-1,137,136.1409266,13.05230734
369,12.8,2.6,141,149.1462552,13.21641813
532,12.8,19.4,165,159.0066086,12.30621232
577,12.8,3.6,138,148.7532051,12.548362
586,12.8,-9.8,127,136.4125619,11.65649789
593,12.8,5.6,147,139.5662898,11.85406865
808,12.8,21.6,126,148.3564785,12.0847347
134,13,17,156,152.8026735,12.44712914
256,13,4.8,129,140.150771,12.70206
275,13,-56.2,131,140.5686783,11.93234551
287,13,4.4,152,142.0402145,13.38914316
424,13,-38.6,134,133.2035637,11.91873469
480,13,1.2,117,147.7496439,11.60891923
509,13,2.2,170,159.5567686,12.79447331
593,13,0.2,139,139.5662898,11.85406865
641,13,12,148,134.0667441,11.71085955
674,13,-0.6,150,141.4364833,12.19855193
700,13,4.2,145,143.8718549,11.36093856
715,13,2.2,150,145.5974106,12.3509053
43,13.2,13.6,150,154.2322893,12.37423998
70,13.2,-0.8,151,154.745886,13.25632251
307,13.2,5.8,154,143.5063902,12.4572761
333,13.2,16.4,123,151.2302826,13.80920219
519,13.2,15.6,138,159.3945139,13.7678539
622,13.2,15.4,153,155.4139665,11.09991419
643,13.2,13.2,158,159.8023609,13.22962382
648,13.2,2.2,131,124.3860252,10.98772784
807,13.2,12.4,150,144.3365931,12.68920505
56,13.4,19.4,161,153.9415496,13.09210304
125,13.4,10,160,157.0535588,12.17706216
205,13.4,-5.4,143,150.8678663,12.62670848
209,13.4,3.6,160,154.1025595,12.07064157
277,13.4,5,148,144.3463801,13.32328427
405,13.4,14.4,121,124.305033,11.00503162
515,13.4,16.4,142,154.3949359,13.3310711
560,13.4,-4.2,161,148.804205,12.04383926
563,13.4,27,150,152.8030903,13.5358046
573,13.4,13.4,167,152.611755,12.40211712
580,13.4,10.6,133,140.3149171,11.58190856
590,13.4,6.6,152,152.2497663,11.60578486
614,13.4,13.4,139,136.1401548,11.66404127
697,13.4,5.2,145,147.764148,12.20242137
719,13.4,-2.6,162,155.1047516,12.92465054
721,13.4,8.2,149,160.2190444,12.87415599
129,13.6,7.6,167,156.5294118,12.28740477
161,13.6,13.2,166,164.6705927,12.94125435
286,13.6,-10.2,158,159.8837398,15.3856257
438,13.6,9.4,166,142.9070175,14.10274412
453,13.6,-65.8,142,135.5776993,12.19491558
466,13.6,4.8,135,151.4891097,13.72228109
484,13.6,13.6,177,135.808958,11.43509726
527,13.6,4,147,161.3211009,12.04734128
608,13.6,15.8,145,133.2935022,10.9897652
65,13.8,13.8,160,144.4270463,9.956165125
114,13.8,9.2,184,167.6388416,15.09870358
124,13.8,-3.2,156,157.015691,13.43178576
141,13.8,13.8,158,160.4556213,14.40799349
165,13.8,13.8,122,147.4274648,13.69418213
168,13.8,1.8,155,151.2732278,13.54063317
186,13.8,10.6,159,159.4518037,15.15766497
283,13.8,-2.2,168,156.2475655,15.77736404
311,13.8,13.8,158,153.5604808,14.03154013
332,13.8,7.8,153,150.7260222,13.34014941
354,13.8,14.8,153,155.9744501,14.66009376
361,13.8,14.6,138,146.2313897,13.34831961
392,13.8,5.8,155,152.5569704,12.60016104
396,13.8,-32.2,163,142.1334702,14.70209877
398,13.8,-9.6,160,151.7238112,12.16203495
409,13.8,8.4,145,137.4721323,12.41955081
617,13.8,9.2,157,148.2345854,11.00028567
625,13.8,-7.2,147,141.0831522,11.27346261
12,14,12,154,146.0817464,12.61257074
25,14,8.6,142,136.8131289,11.79161629
134,14,14,156,152.8026735,12.44712914
148,14,13.6,148,149.2040956,13.4606015
396,14,13.8,169,142.1334702,14.70209877
662,14,-23.8,115,127.1428073,10.84690157
672,14,-5.6,156,142.270775,11.58851653
721,14,-1.8,154,160.2190444,12.87415599
734,14,6.2,164,147.6627191,12.52947172
810,14,25,169,156.884677,13.65389664
9,14.2,14.2,148,153.6259887,12.05757559
23,14.2,13.8,160,153.0618893,14.41774788
25,14.2,14.2,136,136.8131289,11.79161629
155,14.2,14.6,163,158.3825257,14.49656564
197,14.2,6.8,162,160.8180272,12.95919866
200,14.2,23.4,156,159.723779,13.1166
243,14.2,13.6,155,151.7248996,13.3635759
272,14.2,1.6,134,141.2669718,12.93716407
299,14.2,8,162,153.7496635,12.55786018
310,14.2,14.2,159,131.5135422,11.3657009
511,14.2,31.8,91,148.0454387,12.68964676
574,14.2,12.2,134,136.1698915,11.47560906
606,14.2,27.2,120,134.6039861,11.17817192
814,14.2,6,166,147.1752632,12.20904568
110,14.4,17.2,153,156.9107143,14.20249176
164,14.4,2,170,163.1516252,14.59060607
209,14.4,5.4,146,154.1025595,12.07064157
259,14.4,18.2,174,162.4146341,15.08849447
301,14.4,30,137,141.4507175,11.53964017
396,14.4,2.6,167,142.1334702,14.70209877
565,14.4,-14,144,143.8994073,12.31715324
566,14.4,-9.8,150,147.3796664,12.86458501
579,14.4,3,149,152.9274599,13.58003819
594,14.4,16.6,148,150.4772932,11.49328746
691,14.4,18.2,146,154.3849733,13.05931359
21,14.6,8,141,134.9046653,12.52254888
29,14.6,14.6,153,152.5630281,12.54418169
36,14.6,2.8,143,149.4401089,13.80828675
84,14.6,20.6,150,154.0247295,13.88771499
103,14.6,-2.2,145,155.8267148,12.3746761
138,14.6,4.8,149,156.9331976,15.20062974
243,14.6,15.4,160,151.7248996,13.3635759
259,14.6,18,174,162.4146341,15.08849447
333,14.6,6.2,153,151.2302826,13.80920219
482,14.6,29.4,137,145.0674258,12.56726017
500,14.6,15,142,141.2747902,11.87614065
572,14.6,12.2,141,139.7391823,11.65189091
593,14.6,-3.8,140,139.5662898,11.85406865
683,14.6,5.2,153,142.2087576,11.9734306
719,14.6,51.8,157,155.1047516,12.92465054
835,14.6,-0.8,165,154.8328321,12.8137994
159,14.8,-4.4,137,148.991606,12.91908798
248,14.8,11.8,117,145.9598863,13.12178698
248,14.8,21,126,145.9598863,13.12178698
307,14.8,8.8,144,143.5063902,12.4572761
325,14.8,22,159,145.1473936,11.72351957
428,14.8,-4,134,142.9906617,12.51455469
484,14.8,-24.8,161,135.808958,11.43509726
496,14.8,11.8,167,155.1664342,13.77065774
565,14.8,8.2,138,143.8994073,12.31715324
630,14.8,7.4,134,146.3974215,12.85647982
664,14.8,9.4,158,139.7860418,11.2361135
678,14.8,0.4,134,139.8629168,11.78029613
693,14.8,21,152,150.4574468,13.10092004
730,14.8,-26.6,148,141.4448854,11.83667143
742,14.8,14,150,141.0710688,10.87544916
144,15,14.4,170,154.9451567,13.99220513
154,15,18.8,156,141.1230931,12.2053919
161,15,22,168,164.6705927,12.94125435
210,15,16.6,145,146.3213744,12.49045403
282,15,17.2,156,146.4289793,13.58297239
347,15,15,158,149.8834356,13.43652831
617,15,5.2,138,148.2345854,11.00028567
638,15,20.4,156,133.9193217,12.06376095
645,15,22.8,154,144.8565084,12.42341305
660,15,20.8,168,151.977494,13.65589691
668,15,6.8,162,137.2118708,10.77554245
808,15,14.8,104,148.3564785,12.0847347
186,15.2,-1.6,171,159.4518037,15.15766497
357,15.2,4,165,152.4189935,13.0507545
359,15.2,18.2,146,144.0622407,12.13536281
502,15.2,-22.2,166,146.8860927,12.50144424
562,15.2,13.6,152,146.4650073,12.95960657
688,15.2,21.4,146,148.2147947,11.53261943
755,15.2,20.8,170,143.8334201,12.32377449
35,15.4,13.4,150,141.7006481,12.15138275
39,15.4,14.2,146,153.7267809,14.22195361
156,15.4,7,145,151.4870993,14.28048646
224,15.4,6.2,177,162.8968354,12.3825441
228,15.4,-11.4,167,160.7869885,13.43828248
283,15.4,21.2,150,156.2475655,15.77736404
301,15.4,12,182,141.4507175,11.53964017
358,15.4,11.2,149,146.8983532,13.19570136
375,15.4,-6.8,144,138.5747918,13.28684755
563,15.4,15.4,150,152.8030903,13.5358046
622,15.4,-22.2,164,155.4139665,11.09991419
647,15.4,10.2,136,137.2684373,11.70552419
3,15.6,8.6,155,156.4921384,13.42871132
40,15.6,14,149,146.2391529,12.55996488
137,15.6,4.8,167,165.3229833,13.99224219
411,15.6,-4.2,127,126.723487,12.11841755
424,15.6,6.4,126,133.2035637,11.91873469
611,15.6,7,129,139.5548545,11.06759033
656,15.6,18.6,163,142.4051891,11.34577291
678,15.6,7.2,132,139.8629168,11.78029613
706,15.6,4.6,141,138.0301825,11.37442695
43,15.8,22.4,165,154.2322893,12.37423998
105,15.8,-1.4,161,161.3524664,12.00021094
292,15.8,14.8,154,145.2756233,13.42369343
292,15.8,18.6,145,145.2756233,13.42369343
440,15.8,20,133,140.0800395,11.93315336
483,15.8,21.6,135,142.6484065,12.67416286
510,15.8,17.4,152,151.6854589,12.20306044
538,15.8,9,163,153.9642737,11.98583588
556,15.8,5,134,142.2152847,11.99152638
583,15.8,17.6,149,150.2539219,12.86167968
599,15.8,-0.6,143,140.8831397,11.33928836
612,15.8,11.4,115,152.6090555,11.82362162
615,15.8,8.2,133,141.8532533,11.53285722
617,15.8,2,151,148.2345854,11.00028567
56,16,1.8,154,153.9415496,13.09210304
145,16,11.4,150,149.2709114,14.4985903
168,16,-4.8,156,151.2732278,13.54063317
242,16,13.4,161,155.4660422,11.70505222
292,16,16,139,145.2756233,13.42369343
296,16,3.2,171,151.6664204,13.10634239
355,16,65.2,131,135.5260516,12.38773078
567,16,16,141,140.1416838,12.12138577
588,16,9.2,120,143.8118514,12.50280721
120,16.2,8.6,155,160.6370848,14.20895548
146,16.2,14,155,143.9933628,12.76258142
459,16.2,21.4,133,149.1891206,12.95406223
625,16.2,-15.6,140,141.0831522,11.27346261
706,16.2,5.6,132,138.0301825,11.37442695
726,16.2,15.6,154,156.1892405,12.09760063
74,16.4,18.6,167,159.8856224,14.2933593
161,16.4,25.6,166,164.6705927,12.94125435
164,16.4,19.6,173,163.1516252,14.59060607
181,16.4,26,156,148.3735882,12.73259322
275,16.4,22.8,139,140.5686783,11.93234551
310,16.4,7.8,125,131.5135422,11.3657009
390,16.4,11.4,157,145.4269289,13.96439891
508,16.4,11.4,144,146.6828074,12.1743753
691,16.4,-6,148,154.3849733,13.05931359
809,16.4,16.4,159,149.6405615,13.34909922
274,16.6,10.2,153,156.8457986,14.27637799
341,16.6,16.6,165,150.940133,13.51946608
362,16.6,6.6,148,136.1409266,13.05230734
399,16.6,8.6,153,154.0680152,12.45351504
413,16.6,-0.6,142,158.6134715,15.45156933
584,16.6,20.8,137,135.7148453,11.9700973
826,16.6,10.8,147,141.0436469,12.08379631
141,16.8,11.2,168,160.4556213,14.40799349
171,16.8,16.8,129,141.1032468,12.69442753
275,16.8,-3.2,145,140.5686783,11.93234551
310,16.8,16.8,152,131.5135422,11.3657009
703,16.8,1.8,149,141.7186188,11.04527541
22,17,43,148,159.7882987,14.71919353
227,17,14.8,142,147.4470046,13.07918894
368,17,11.2,155,143.8108242,13.43589533
590,17,24,151,152.2497663,11.60578486
597,17,-30.2,150,147.3165171,12.2914424
27,17.2,9.4,150,142.3197851,12.18187442
86,17.2,10,153,156.4048641,13.65217854
152,17.2,9,173,158.2961918,14.13959281
175,17.2,17.2,129,148.86,13.49623862
243,17.2,29.8,157,151.7248996,13.3635759
287,17.2,22.2,150,142.0402145,13.38914316
312,17.2,20.2,148,136.8146311,11.85785319
327,17.2,-1.6,122,142.4539326,12.76870674
416,17.2,18.4,135,127.1783701,11.82878073
484,17.2,17.2,159,135.808958,11.43509726
576,17.2,-41,153,147.4588071,11.56513179
579,17.2,9.6,141,152.9274599,13.58003819
612,17.2,4,159,152.6090555,11.82362162
161,17.4,2.2,180,164.6705927,12.94125435
193,17.4,12.8,163,161.2054846,12.37472425
241,17.4,17.4,163,162.3443332,12.76949372
267,17.4,12.8,156,152.6960519,13.04170856
366,17.4,8.8,157,151.6804295,13.28709472
403,17.4,5.2,147,147.4767559,11.47452658
444,17.4,12.6,142,127.3329601,11.52190075
444,17.4,14.2,124,127.3329601,11.52190075
528,17.4,11,143,145.0233062,12.68231285
567,17.4,-4.8,139,140.1416838,12.12138577
635,17.4,2.8,147,144.6788775,12.29004624
736,17.4,46.6,171,160.1608911,12.82462408
20,17.6,13.4,146,135.8560121,12.37443076
171,17.6,22,154,141.1032468,12.69442753
191,17.6,18.6,158,152.7274011,12.6548161
201,17.6,17.8,156,150.1290163,12.54888641
257,17.6,17.6,165,147.5862228,12.0639828
339,17.6,-9.6,129,139.6171783,12.95794179
360,17.6,15.8,138,136.7178453,12.37743243
405,17.6,23.4,137,124.305033,11.00503162
433,17.6,19.2,150,143.9187675,12.92139126
483,17.6,24.6,143,142.6484065,12.67416286
534,17.6,8,160,154.9665657,13.91233314
552,17.6,19.4,133,154.0830013,13.63645817
579,17.6,6.8,159,152.9274599,13.58003819
626,17.6,26.6,158,154.7532391,12.24782259
691,17.6,8,157,154.3849733,13.05931359
781,17.6,15.2,161,138.5284828,10.08919797
80,17.8,-1,155,162.7320246,14.36619934
112,17.8,30.4,161,155.995481,12.89270859
144,17.8,17.8,152,154.9451567,13.99220513
341,17.8,17.8,167,150.940133,13.51946608
567,17.8,11,132,140.1416838,12.12138577
597,17.8,9.4,145,147.3165171,12.2914424
612,17.8,3.6,142,152.6090555,11.82362162
628,17.8,22,136,134.6153846,10.99814806
44,18,11.2,152,156.3614953,14.42921688
109,18,-1,163,156.8921371,12.33787658
195,18,18,180,165.9437593,13.32884815
345,18,11.6,177,157.6390469,14.4173138
424,18,0,112,133.2035637,11.91873469
484,18,11.6,162,135.808958,11.43509726
570,18,-8,146,136.3950348,11.05964758
585,18,22.6,145,138.4226295,11.67174989
722,18,3.8,149,143.6810176,12.6176407
822,18,16.2,146,142.1102842,11.9294511
16,18.2,19.4,157,143.0171329,12.58336786
161,18.2,-0.8,174,164.6705927,12.94125435
257,18.2,18.2,170,147.5862228,12.0639828
271,18.2,10.6,170,164.1253223,12.39227317
347,18.2,25.4,169,149.8834356,13.43652831
349,18.2,20.6,141,137.3125972,12.77072926
492,18.2,3.2,141,151.0400209,12.85785341
525,18.2,19.2,125,136.505753,11.83179622
798,18.2,11.2,142,137.8733333,11.8005888
806,18.2,11.4,147,151.1858072,12.47697031
161,18.4,-9.6,161,164.6705927,12.94125435
182,18.4,12.6,171,165.8900826,14.88449752
285,18.4,15.4,142,139.1203501,12.60415667
329,18.4,15.2,135,138.1370034,12.60700519
437,18.4,1.6,159,122.7234957,10.68763958
470,18.4,18.4,153,128.9831844,11.04198697
478,18.4,14.8,118,134.6162162,11.13113201
557,18.4,2.8,160,133.4164692,11.77501777
690,18.4,30.8,146,140.9237231,11.80258488
817,18.4,7.4,142,136.4993987,11.22162862
171,18.6,20.6,140,141.1032468,12.69442753
283,18.6,18.6,160,156.2475655,15.77736404
502,18.6,20.4,163,146.8860927,12.50144424
541,18.6,5.2,161,153.117617,13.8883259
557,18.6,9.4,133,133.4164692,11.77501777
577,18.6,2,150,148.7532051,12.548362
684,18.6,17.6,155,139.8482232,12.21068708
779,18.6,11.6,117,134.8043947,10.76938526
144,18.8,10.6,149,154.9451567,13.99220513
449,18.8,31.6,151,147.0018645,12.62140087
648,18.8,16.2,133,124.3860252,10.98772784
75,19,18.4,144,146.9471698,12.45780291
290,19,28.4,158,154.6904594,11.93482177
395,19,9.2,137,139.4363434,12.67752791
560,19,20.4,143,148.804205,12.04383926
675,19,21.8,164,143.3512807,11.38810601
720,19,-16,164,163.2158365,12.42664138
828,19,13.4,146,146.9105004,12.57369894
45,19.2,30.2,153,153.4091125,12.49329853
236,19.2,18.2,164,151.2514286,13.91136136
265,19.2,7.2,151,149.8431973,14.19612598
339,19.2,1.8,117,139.6171783,12.95794179
361,19.2,11.8,154,146.2313897,13.34831961
397,19.2,23.6,170,149.9138269,14.69701058
400,19.2,19.2,125,124.564346,11.27125633
405,19.2,19.2,151,124.305033,11.00503162
493,19.2,21.8,145,145.5803903,11.84704294
587,19.2,-8.2,144,147.4953429,12.59395687
599,19.2,-3.4,142,140.8831397,11.33928836
612,19.2,22.8,159,152.6090555,11.82362162
613,19.2,9,126,140.6692876,11.38949786
648,19.2,8.2,139,124.3860252,10.98772784
655,19.2,30.6,142,137.9701428,11.2655031
709,19.2,14.4,149,135.7735997,11.14782797
731,19.2,16.8,151,148.5152542,12.03456661
741,19.2,26.2,155,149.398017,12.41116294
152,19.4,15.6,154,158.2961918,14.13959281
227,19.4,6.2,109,147.4470046,13.07918894
407,19.4,10.6,147,156.4071856,15.57675449
422,19.4,5,141,131.2356091,12.29049542
439,19.4,6,135,134.8931465,11.3505249
493,19.4,-9.8,154,145.5803903,11.84704294
576,19.4,9,132,147.4588071,11.56513179
581,19.4,19,143,141.8521303,12.46778256
676,19.4,18.8,155,136.6160355,11.42385157
690,19.4,8.2,144,140.9237231,11.80258488
24,19.6,21.8,154,154.3619925,12.14122743
112,19.6,20.6,161,155.995481,12.89270859
155,19.6,19.6,163,158.3825257,14.49656564
295,19.6,13,139,132.4790005,10.0733566
411,19.6,15.6,140,126.723487,12.11841755
483,19.6,19.6,161,142.6484065,12.67416286
598,19.6,-39,176,154.2317808,11.91046388
802,19.6,10.8,135,139.5852824,11.33882533
17,19.8,11.6,142,135.2583047,10.10541781
27,19.8,27.8,138,142.3197851,12.18187442
66,19.8,6.6,160,151.6160584,13.02983737
168,19.8,21.6,148,151.2732278,13.54063317
301,19.8,-118,134,141.4507175,11.53964017
319,19.8,8.4,146,139.4069952,12.14284781
326,19.8,-6,158,152.5339151,12.86466709
381,19.8,17.8,158,133.1346633,11.5817968
430,19.8,12.6,148,133.4275643,12.15925569
572,19.8,34,131,139.7391823,11.65189091
667,19.8,9.4,163,148.4574326,12.18129512
124,20,0.6,152,157.015691,13.43178576
274,20,18.4,164,156.8457986,14.27637799
361,20,12.8,144,146.2313897,13.34831961
478,20,-6,138,134.6162162,11.13113201
498,20,26.4,155,152.8504519,12.39915579
500,20,19.8,135,141.2747902,11.87614065
763,20,11,140,141.7130435,11.87127384
175,20.2,20.2,145,148.86,13.49623862
366,20.2,17.2,161,151.6804295,13.28709472
405,20.2,20.2,158,124.305033,11.00503162
423,20.2,17.6,160,155.4582043,13.79761345
453,20.2,-56,111,135.5776993,12.19491558
493,20.2,21.2,123,145.5803903,11.84704294
523,20.2,9.2,166,155.1325681,13.32755587
534,20.2,20.6,146,154.9665657,13.91233314
779,20.2,22,123,134.8043947,10.76938526
153,20.4,29.2,160,160.5744417,13.10153853
243,20.4,21.8,150,151.7248996,13.3635759
361,20.4,22,140,146.2313897,13.34831961
363,20.4,17.4,164,155.973672,12.49158788
483,20.4,23,141,142.6484065,12.67416286
490,20.4,15.8,147,151.4542564,12.62012109
563,20.4,22.6,160,152.8030903,13.5358046
624,20.4,-3.8,144,137.5638186,11.45548291
679,20.4,18.8,134,136.9261201,10.91028217
696,20.4,21,163,147.1171623,12.32862888
714,20.4,15.6,159,152.0839895,12.9531225
305,20.6,15.2,154,145.2950474,12.98997345
402,20.6,12.8,171,150.1008111,14.19662086
533,20.6,16.2,145,158.5878824,13.82946587
764,20.6,24.2,153,145.877836,11.82033961
220,20.8,27.2,153,146.5896657,13.04444446
332,20.8,21,157,150.7260222,13.34014941
431,20.8,21,121,129.8381743,10.48406426
467,20.8,20.8,168,144.3100102,11.80783495
645,20.8,23.2,140,144.8565084,12.42341305
720,20.8,-14.2,170,163.2158365,12.42664138
60,21,15.4,156,148.1702606,13.32267493
476,21,-2.2,144,139.2009536,12.12095616
692,21,23.2,151,129.5729043,11.351641
813,21,21.8,167,150.6745016,13.36424528
272,21.2,9,139,141.2669718,12.93716407
328,21.2,29.4,141,155.2241379,14.00807055
429,21.2,15.2,146,141.8463995,13.40825331
673,21.2,19.4,156,144.3865979,11.41544155
756,21.2,8.2,150,150.0225779,11.49022669
3,21.4,13,154,156.4921384,13.42871132
93,21.4,18.8,160,156.086785,12.89582485
107,21.4,21.4,163,163.4945726,12.97775593
304,21.4,3.8,168,165.3728949,15.38680417
413,21.4,26.6,157,158.6134715,15.45156933
568,21.4,31.4,132,136.1166961,11.33732169
576,21.4,2.6,143,147.4588071,11.56513179
720,21.4,45.6,169,163.2158365,12.42664138
739,21.4,20.8,136,142.4615034,11.69695599
260,21.6,16.2,146,152.1223502,12.73178309
381,21.6,25,131,133.1346633,11.5817968
483,21.6,34,149,142.6484065,12.67416286
816,21.6,36.2,140,131.4234069,10.68595147
151,21.8,10.8,148,158.156172,12.77093859
168,21.8,21.8,157,151.2732278,13.54063317
257,21.8,9.2,157,147.5862228,12.0639828
569,21.8,75.4,139,133.8945445,11.25614471
770,21.8,11.2,144,148.2014828,11.51102663
287,22,27.8,142,142.0402145,13.38914316
292,22,5.2,151,145.2756233,13.42369343
368,22,19.8,152,143.8108242,13.43589533
757,22,23.2,170,143.7619048,11.47516384
774,22,13.8,150,140.6763314,11.35619574
5,22.2,25.8,161,158.4160679,13.0988873
153,22.2,37,163,160.5744417,13.10153853
173,22.2,7.6,166,163.5308057,14.91091343
237,22.2,19.4,150,138.6553641,12.05199956
302,22.2,18.8,133,146.9779769,12.84908264
446,22.2,23,135,134.9049787,12.17770945
127,22.4,15,175,160.5408163,14.31782449
214,22.4,22.4,164,157.4463547,14.27044563
230,22.4,31.6,158,155.7287523,13.08640199
298,22.4,33.6,145,147.4982771,13.43258746
348,22.4,12,156,146.9683327,13.272676
442,22.4,27,156,153.0657954,13.60284254
350,22.6,-4.6,138,134.3880699,12.08442408
354,22.6,-6.4,155,155.9744501,14.66009376
689,22.6,24,157,144.0797571,11.52142543
2,22.8,22.8,156,155.442131,13.04024715
186,22.8,15.4,178,159.4518037,15.15766497
401,22.8,19.6,156,145.7766583,13.70208161
483,22.8,42.6,141,142.6484065,12.67416286
773,22.8,30.8,147,147.7922581,11.729196
175,23,26.2,141,148.86,13.49623862
301,23,18,149,141.4507175,11.53964017
417,23,-12.4,123,136.3214719,12.10536233
502,23,6.6,162,146.8860927,12.50144424
544,23,19.2,142,145.5403138,12.65257103
609,23,4,130,140.9433962,11.07445489
772,23,25.2,162,159.2233989,12.89047388
136,23.2,38,144,136.8065476,11.92417143
148,23.2,23.4,165,149.2040956,13.4606015
169,23.2,11.6,161,153.4051095,12.41060528
254,23.2,25.4,161,159.852289,12.26502353
443,23.2,25.2,131,133.1828645,11.33681893
468,23.2,19.2,134,139.6981379,11.27345822
620,23.2,37,163,163.6454821,13.72806381
758,23.2,13.8,141,131.2171166,11.26230121
763,23.2,32.2,140,141.7130435,11.87127384
795,23.2,25.2,148,146.2261249,11.43082635
38,23.4,15.4,159,156.6927587,13.85663536
119,23.4,24,171,162.357193,13.63178779
295,23.4,20.4,122,132.4790005,10.0733566
388,23.4,33.2,114,113.0173954,10.33265501
448,23.4,18.4,134,131.3169919,11.41928567
511,23.4,18.8,141,148.0454387,12.68964676
532,23.4,344.6,172,159.0066086,12.30621232
765,23.4,22.6,153,151.8333906,12.21837032
425,23.6,27.2,125,126.7937086,11.74841523
613,23.6,14.2,130,140.6692876,11.38949786
163,23.8,-19.2,144,161.2394708,14.59632149
253,23.8,2.4,169,155.6612815,12.38155031
309,23.8,12,149,148.4405927,13.29796531
411,23.8,26.8,147,126.723487,12.11841755
70,24,14.6,163,154.745886,13.25632251
306,24,23.4,153,154.1877627,15.75150935
311,24,20.4,162,153.5604808,14.03154013
449,24,14.2,154,147.0018645,12.62140087
519,24,32.4,145,159.3945139,13.7678539
579,24,11,144,152.9274599,13.58003819
35,24.2,24.2,139,141.7006481,12.15138275
130,24.2,16,178,162.3972795,13.86289081
581,24.2,4.4,132,141.8521303,12.46778256
442,24.4,26.8,150,153.0657954,13.60284254
549,24.4,25,138,134.4587222,11.32200646
604,24.4,19.2,146,140.9186239,11.25432024
175,24.6,9.8,166,148.86,13.49623862
418,24.6,17,155,132.6454462,12.26532172
163,24.8,-2.4,152,161.2394708,14.59632149
493,24.8,31,146,145.5803903,11.84704294
534,24.8,33.8,118,154.9665657,13.91233314
687,24.8,26.2,147,143.0897803,11.90535939
814,24.8,12.4,147,147.1752632,12.20904568
214,25,21.6,164,157.4463547,14.27044563
581,25,4.4,83,141.8521303,12.46778256
747,25,25.2,148,145.3297521,11.97043289
209,25.2,27.6,159,154.1025595,12.07064157
339,25.2,17.8,139,139.6171783,12.95794179
95,25.4,12,145,157.7890625,12.71941108
387,25.4,24.2,143,136.7578046,12.10413353
438,25.4,20.8,133,142.9070175,14.10274412
447,25.4,20,126,132.3478555,11.74058116
529,25.4,28.2,129,150.0365051,12.07114039
697,25.4,25.4,170,147.764148,12.20242137
82,25.6,37.2,154,155.2078327,13.07001332
210,25.6,-4.4,154,146.3213744,12.49045403
231,25.6,26.4,160,152.8774617,13.56997287
238,25.6,35.8,159,152.7323232,13.88891943
356,25.6,23.2,114,149.4066038,14.5269583
368,25.6,27,146,143.8108242,13.43589533
457,25.6,24.8,140,137.3216208,11.62555442
833,25.6,23.4,153,150.154239,12.60455975
42,25.8,32.6,170,164.2277261,15.49029854
83,25.8,24.6,156,151.7964149,12.64283739
209,25.8,7.2,154,154.1025595,12.07064157
256,25.8,36.8,152,140.150771,12.70206
336,25.8,29.4,144,138.2307692,12.29114446
355,25.8,20.8,141,135.5260516,12.38773078
377,25.8,25,132,136.8225299,11.53318565
556,25.8,14,133,142.2152847,11.99152638
598,25.8,-26,147,154.2317808,11.91046388
381,26,42.6,132,133.1346633,11.5817968
502,26.2,9.8,147,146.8860927,12.50144424
564,26.2,26,147,146.8555766,12.53359469
567,26.2,26.2,162,140.1416838,12.12138577
573,26.2,26.2,165,152.611755,12.40211712
608,26.2,24.6,129,133.2935022,10.9897652
122,26.4,26.4,159,164.7571885,13.2009634
347,26.6,59,133,149.8834356,13.43652831
494,26.6,19.6,129,135.9601617,11.70923903
566,26.6,8.8,158,147.3796664,12.86458501
573,26.6,-7.2,144,152.611755,12.40211712
72,26.8,29.2,159,158.3687104,12.39081336
107,26.8,18.8,174,163.4945726,12.97775593
153,26.8,42,161,160.5744417,13.10153853
211,26.8,24,160,152.9886493,13.09466901
242,26.8,27.6,155,155.4660422,11.70505222
400,26.8,40.4,117,124.564346,11.27125633
414,26.8,24.4,146,137.0905365,12.99864268
432,26.8,28,134,136.4604701,12.3591359
444,26.8,9.6,121,127.3329601,11.52190075
567,26.8,25.2,136,140.1416838,12.12138577
133,27,17.4,168,160.0920716,13.30483857
436,27,26.2,144,145.2131404,12.81763535
488,27,23.4,144,152.340274,12.82628121
509,27,20.6,155,159.5567686,12.79447331
18,27.2,27.2,154,144.2280903,13.2715729
292,27.2,10.4,143,145.2756233,13.42369343
310,27.2,22.8,131,131.5135422,11.3657009
318,27.2,10,157,146.0843069,12.86701838
511,27.2,26.2,154,148.0454387,12.68964676
551,27.2,42,138,139.232229,11.49736365
803,27.2,26.6,151,135.4876777,10.88275905
825,27.2,17.8,141,151.7671233,11.18817722
11,27.4,36.4,143,138.4541667,12.024105
54,27.4,33.6,148,139.8948718,11.39803385
6,27.6,27.4,141,144.8876781,14.83615977
381,27.6,35.6,126,133.1346633,11.5817968
631,27.6,28.4,139,145.8332621,12.42157846
181,27.8,-11.6,147,148.3735882,12.73259322
554,27.8,26.8,162,134.6983169,11.59079733
761,27.8,18.2,150,141.0386013,11.27674496
337,28,33,160,148.3453423,12.99541862
350,28,12.6,143,134.3880699,12.08442408
393,28,21.4,146,143.0461049,12.49604833
478,28,-2.6,132,134.6162162,11.13113201
219,28.2,37,162,154.497555,13.23984279
231,28.2,22.8,136,152.8774617,13.56997287
558,28.2,29.2,141,142.004771,11.40661546
662,28.2,6.8,125,127.1428073,10.84690157
144,28.4,28.4,153,154.9451567,13.99220513
540,28.4,19.4,131,140.7291855,11.67673654
797,28.4,28.4,166,147.2979777,12.02068675
68,28.6,22,157,153.1324742,12.60342742
86,28.6,-78.4,158,156.4048641,13.65217854
384,28.6,19.8,142,141.9528411,13.3879213
480,28.6,3.4,164,147.7496439,11.60891923
510,28.6,28.6,174,151.6854589,12.20306044
161,28.8,27.4,158,164.6705927,12.94125435
283,28.8,21.8,152,156.2475655,15.77736404
353,28.8,28.2,144,134.2844542,11.32606439
710,28.8,24.2,159,139.8891844,11.91775053
15,29,31,143,135.6187215,12.30299178
497,29,42.8,150,162.7599289,14.98121181
597,29,-11.4,145,147.3165171,12.2914424
760,29,25.8,158,144.4695777,12.28244882
4,29.2,33.6,145,149.4106115,12.51918142
22,29.2,9.6,147,159.7882987,14.71919353
224,29.2,21.6,158,162.8968354,12.3825441
517,29.2,-5.4,135,143.3679171,12.61819785
597,29.2,31.2,139,147.3165171,12.2914424
647,29.2,32.2,135,137.2684373,11.70552419
219,29.4,38.4,160,154.497555,13.23984279
317,29.4,27,144,135.8016194,12.00831255
322,29.6,16.8,160,144.7227969,12.52358974
335,29.6,40,151,157.7813394,14.27815741
478,29.6,0,164,134.6162162,11.13113201
1,29.8,30.2,156,145.8283465,13.56301134
51,29.8,28.8,152,149.4088617,12.88471643
65,29.8,28.2,155,144.4270463,9.956165125
347,29.8,42.4,153,149.8834356,13.43652831
512,29.8,17.2,162,156.1885914,13.47361048
230,30,29.2,164,155.7287523,13.08640199
2,30.2,29,166,155.442131,13.04024715
282,30.2,25,146,146.4289793,13.58297239
320,30.2,30.2,171,154.1055156,15.44344536
488,30.2,32.8,108,152.340274,12.82628121
499,30.2,29,146,144.4975978,12.4185558
702,30.2,34,123,139.7406699,10.98452428
333,30.4,22,158,151.2302826,13.80920219
304,30.6,22.8,166,165.3728949,15.38680417
501,30.6,32.2,146,153.0338288,12.52319431
670,30.6,13,171,146.1532928,13.29324604
154,30.8,30.8,122,141.1230931,12.2053919
187,30.8,23.6,170,162.845843,13.63758256
25,31,22,141,136.8131289,11.79161629
369,31.2,32.4,137,149.1462552,13.21641813
613,31.2,23.4,148,140.6692876,11.38949786
441,31.4,18.6,167,138.5281583,12.63057863
568,31.4,-47.6,158,136.1166961,11.33732169
749,31.4,23.6,147,144.087469,11.00955931
188,31.6,6.8,164,159.9779099,15.06375379
298,31.6,22.4,154,147.4982771,13.43258746
454,31.6,5.2,137,144.9427046,11.92273943
192,31.8,36.8,160,153.0833768,12.7731827
209,31.8,19.8,146,154.1025595,12.07064157
304,31.8,31.8,165,165.3728949,15.38680417
772,31.8,32.2,151,159.2233989,12.89047388
452,32,26.8,155,141.8966725,12.71025961
350,32.2,15.6,141,134.3880699,12.08442408
370,32.2,25.4,142,137.6782462,12.72839071
370,32.2,27.6,139,137.6782462,12.72839071
339,32.4,0.8,141,139.6171783,12.95794179
355,32.4,22.6,150,135.5260516,12.38773078
561,32.4,4.6,143,148.3965368,12.80891065
719,32.4,54.2,159,155.1047516,12.92465054
69,32.6,26.6,170,162.8087406,13.82466316
199,32.6,26.2,161,159.6288574,12.20313109
517,32.8,25.2,157,143.3679171,12.61819785
102,33,27,155,157.531537,14.04196424
321,33,37.4,149,137.5649251,12.05732392
197,33.2,33.4,165,160.8180272,12.95919866
259,33.2,35.8,153,162.4146341,15.08849447
301,33.2,33.2,169,141.4507175,11.53964017
559,33.2,2.2,155,151.0621741,12.40170968
517,33.4,33.4,170,143.3679171,12.61819785
62,33.6,24.4,162,157.534079,13.279226
117,33.6,22,150,160.077783,13.62924117
131,33.6,26.6,163,153.9189679,13.15786673
421,33.6,35.2,138,130.8985788,11.14819767
528,33.6,10.8,163,145.0233062,12.68231285
346,33.8,40,153,152.111976,13.12989136
240,34,34,140,163.9232082,15.26205563
480,34,10,136,147.7496439,11.60891923
577,34.2,9.2,142,148.7532051,12.548362
723,34.2,29.4,142,145.0860821,11.64771456
215,34.4,31,154,151.8104396,12.71019956
25,34.8,56,142,136.8131289,11.79161629
256,34.8,-3,163,140.150771,12.70206
355,34.8,35.8,142,135.5260516,12.38773078
210,35.2,21,153,146.3213744,12.49045403
105,35.4,28.4,159,161.3524664,12.00021094
204,35.4,44.6,162,162.9767313,12.70579812
558,35.4,35.4,177,142.004771,11.40661546
835,35.4,16.8,164,154.8328321,12.8137994
177,35.6,29,148,159.6361474,13.77307776
246,35.6,42.6,163,158.7899878,14.08207326
308,35.6,25.8,145,144.3101737,12.60303292
388,35.6,31.6,112,113.0173954,10.33265501
489,35.6,40,148,146.5325325,11.97196036
540,35.6,35.6,172,140.7291855,11.67673654
103,36,37.6,153,155.8267148,12.3746761
122,36,21.8,179,164.7571885,13.2009634
575,36,48.2,155,154.5339196,11.58307688
358,36.2,48,152,146.8983532,13.19570136
374,36.2,30.8,115,124.0124429,11.67059848
166,36.4,20,156,150.4239421,13.23684865
373,36.4,32.8,142,132.5454545,12.06299561
118,36.6,27.4,160,159.7467199,13.20297638
460,36.6,23.6,135,142.0472279,12.21654086
509,36.6,25.8,156,159.5567686,12.79447331
623,36.6,-231.6,129,139.0111871,11.44366613
86,36.8,-69,165,156.4048641,13.65217854
162,36.8,32.6,160,155.0155211,12.78939831
200,36.8,37.6,163,159.723779,13.1166
148,37,37,139,149.2040956,13.4606015
579,37,48.8,148,152.9274599,13.58003819
462,37.2,30.6,140,137.5573277,12.08770637
243,37.4,37.4,171,151.7248996,13.3635759
455,37.6,38.2,150,149.2405154,12.97530064
171,38,34.2,152,141.1032468,12.69442753
141,38.4,38.4,151,160.4556213,14.40799349
246,38.8,34.8,161,158.7899878,14.08207326
171,39,27.8,148,141.1032468,12.69442753
212,39,37.2,152,154.0117754,13.01687772
590,39,54,151,152.2497663,11.60578486
772,39,36.8,167,159.2233989,12.89047388
343,39.4,31.4,143,136.7149497,11.7593512
77,39.8,31.2,148,150.9856074,12.59838964
153,39.8,43.2,160,160.5744417,13.10153853
165,39.8,32.2,139,147.4274648,13.69418213
209,39.8,20.4,163,154.1025595,12.07064157
386,39.8,34.2,154,149.0964686,13.30815917
458,39.8,39.8,164,163.0935987,9.454793552
189,40,40,159,156.69383,13.87056112
719,40,31.2,166,155.1047516,12.92465054
574,40.2,33.8,133,136.1698915,11.47560906
339,40.4,41.8,156,139.6171783,12.95794179
381,40.4,27.6,149,133.1346633,11.5817968
256,40.6,4,154,140.150771,12.70206
350,40.6,-0.8,119,134.3880699,12.08442408
27,40.8,29.4,156,142.3197851,12.18187442
588,40.8,12.8,142,143.8118514,12.50280721
160,41.2,16.4,166,153.7111018,12.99154185
488,41.2,41.6,154,152.340274,12.82628121
606,41.6,21.6,119,134.6039861,11.17817192
17,41.8,6.2,164,135.2583047,10.10541781
73,42,45.4,162,159.5405702,13.38063026
543,42.2,32.6,144,149.6042201,13.22597744
301,42.4,42.4,160,141.4507175,11.53964017
304,42.4,42.4,193,165.3728949,15.38680417
570,42.4,31.2,134,136.3950348,11.05964758
19,43.2,47.2,144,147.1717105,11.82261848
467,43.2,36.4,140,144.3100102,11.80783495
139,43.4,39.2,153,144.840143,11.86575628
320,43.4,41.4,160,154.1055156,15.44344536
570,43.4,18,139,136.3950348,11.05964758
281,43.6,44.8,129,126.4245283,10.94288724
584,43.6,21,142,135.7148453,11.9700973
615,43.6,54.6,147,141.8532533,11.53285722
301,44,43.2,157,141.4507175,11.53964017
153,44.4,52.6,161,160.5744417,13.10153853
415,44.4,35.2,162,164.3565072,12.85513448
461,44.4,42.4,129,141.7818182,11.67475304
339,45,49.8,132,139.6171783,12.95794179
355,45.8,21.4,130,135.5260516,12.38773078
519,46,56.6,131,159.3945139,13.7678539
607,46.2,31.4,138,138.6397466,11.31168527
620,46.2,2.4,165,163.6454821,13.72806381
31,46.8,56.6,162,156.5321285,12.36776024
71,46.8,41.8,154,158.3722067,12.47578994
367,47.2,41.4,163,145.1557377,12.23394552
610,48,8.2,144,144.8961749,11.49045653
569,48.2,35.8,131,133.8945445,11.25614471
428,49.8,40.4,153,142.9906617,12.51455469
621,49.8,-39.4,161,164.7966448,12.25613666
