event_id,total_running_time,heart_rate_stop,avg_hr,avg_speed,avg_temp
14,1,70,133.5092177,12.03967713,18
508,4,145,146.6828074,12.1743753,0
172,8,156,155.8322034,13.4239973,16
483,9,88,142.6484065,12.67416286,9
120,15,152,160.6370848,14.20895548,20
485,16,131,150.6505017,12.40069365,6
800,18,144,153.1344095,12.84634902,16
88,19,163,168.2782324,12.32521571,8
261,19,113,162.8026549,15.77974938,4
639,20,168,141.5268435,11.34375738,25
55,21,146,159.77159,14.47314479,17
157,21,140,157.4129646,13.13309456,28
206,22,167,152.0646617,12.47342941,2
540,22,172,140.7291855,11.67673654,9
291,23,157,165.6520651,13.22159099,22
470,23,153,128.9831844,11.04198697,10
240,24,140,163.9232082,15.26205563,
632,24,138,159.4849878,12.54627363,33
11,25,114,138.4541667,12.024105,16
99,25,149,156.295082,13.13780462,2
481,25,153,155.4838391,13.67780343,11
216,26,161,165.2325777,14.91045945,10
797,26,166,147.2979777,12.02068675,5
28,27,150,152.5938117,14.02277972,12
112,27,166,155.995481,12.89270859,13
196,27,149,170.1917695,13.62862829,0
421,27,121,130.8985788,11.14819767,22
556,27,153,142.2152847,11.99152638,5
598,29,171,154.2317808,11.91046388,21
122,30,159,164.7571885,13.2009634,34
188,30,158,159.9779099,15.06375379,10
304,30,163,165.3728949,15.38680417,10
624,30,121,137.5638186,11.45548291,26
636,30,140,137.8762353,11.6657568,21
123,31,118,143.6781726,12.0574571,22
245,31,166,167.9338061,14.04126525,-3
301,31,173,141.4507175,11.53964017,16
24,32,175,154.3619925,12.14122743,18
85,32,122,150.8939567,13.23366773,-6
431,32,137,129.8381743,10.48406426,16
141,33,158,160.4556213,14.40799349,22
112,34,150,155.995481,12.89270859,13
507,34,170,153.3786107,12.69866466,0
780,34,122,147.4907621,9.91761963,-7
251,35,166,159.9406667,11.41667121,-5
311,35,174,153.5604808,14.03154013,10
95,36,162,157.7890625,12.71941108,3
155,36,160,158.3825257,14.49656564,24
238,36,155,152.7323232,13.88891943,
257,36,170,147.5862228,12.0639828,-1
702,36,141,139.7406699,10.98452428,25
90,37,155,151.6328125,11.6968875,2
175,37,129,148.86,13.49623862,17
379,37,148,112.8872215,10.26521746,24
706,39,167,138.0301825,11.37442695,13
617,40,167,148.2345854,11.00028567,30
646,40,174,136.4680015,11.89295583,20
107,41,160,163.4945726,12.97775593,9
127,41,159,160.5408163,14.31782449,20
46,42,173,158.5007886,13.79728085,9
657,42,170,148.8694648,11.7695663,30
787,42,165,155.0846012,13.34102241,10
597,43,160,147.3165171,12.2914424,25
165,44,118,147.4274648,13.69418213,19
586,44,159,136.4125619,11.65649789,12
663,44,111,157.7307745,12.37343112,29
5,45,162,158.4160679,13.0988873,
148,45,111,149.2040956,13.4606015,24
360,45,165,136.7178453,12.37743243,22
510,47,174,151.6854589,12.20306044,0
665,47,161,143.5741643,12.3166114,24
171,48,129,141.1032468,12.69442753,20
509,48,170,159.5567686,12.79447331,2
583,51,162,150.2539219,12.86167968,23
648,52,168,124.3860252,10.98772784,22
584,53,130,135.7148453,11.9700973,19
587,53,168,147.4953429,12.59395687,17
34,55,152,136.75,13.32803571,3
184,55,164,158.9580654,13.20138921,13
631,55,169,145.8332621,12.42157846,25
163,56,160,161.2394708,14.59632149,21
239,56,157,143.7649805,13.2274198,
480,57,178,147.7496439,11.60891923,8
573,57,167,152.611755,12.40211712,26
718,57,176,159.2452147,12.76084159,9
366,58,160,151.6804295,13.28709472,33
5,59,144,158.4160679,13.0988873,
667,59,128,148.4574326,12.18129512,27
571,60,172,147.063004,11.83610958,16
829,60,165,138.7577065,11.68778841,10
65,62,140,144.4270463,9.956165125,-1
830,62,166,145.3846463,11.80350145,13
82,63,157,155.2078327,13.07001332,-4
660,63,162,151.977494,13.65589691,23
662,67,161,127.1428073,10.84690157,25
238,69,157,152.7323232,13.88891943,
53,72,170,166.7409836,19.84047344,3
600,72,169,154.9724016,11.98896098,16
209,73,165,154.1025595,12.07064157,0
316,73,155,138.1152882,13.69386767,23
576,73,177,147.4588071,11.56513179,14
238,75,165,152.7323232,13.88891943,
281,76,147,126.4245283,10.94288724,11
687,76,170,143.0897803,11.90535939,22
563,77,154,152.8030903,13.5358046,8
671,78,170,132.0570583,11.17135841,22
43,79,163,154.2322893,12.37423998,4
359,80,177,144.0622407,12.13536281,28
654,81,167,143.2450871,11.95366601,23
163,83,148,161.2394708,14.59632149,21
399,84,153,154.0680152,12.45351504,27
189,85,159,156.69383,13.87056112,1
262,85,168,145.6017108,13.03849751,9
58,86,157,152.8408987,13.5253513,1
282,88,153,146.4289793,13.58297239,14
359,88,139,144.0622407,12.13536281,28
817,88,155,136.4993987,11.22162862,7
265,89,162,149.8431973,14.19612598,4
301,91,169,141.4507175,11.53964017,16
216,92,188,165.2325777,14.91045945,10
486,92,168,145.8768376,12.18002195,14
713,92,165,138.3207237,11.31661761,8
168,93,155,151.2732278,13.54063317,25
292,93,140,145.2756233,13.42369343,24
293,93,166,154.1002132,12.77916716,21
272,94,167,141.2669718,12.93716407,14
243,96,171,151.7248996,13.3635759,-6
710,96,167,139.8891844,11.91775053,11
120,99,159,160.6370848,14.20895548,20
615,99,167,141.8532533,11.53285722,21
61,100,166,165.848329,15.05960823,6
268,101,169,164.63,13.720212,9
145,102,157,149.2709114,14.4985903,20
155,102,160,158.3825257,14.49656564,24
320,102,171,154.1055156,15.44344536,15
521,102,169,140.9851485,12.02496475,-11
809,102,159,149.6405615,13.34909922,17
432,103,162,136.4604701,12.3591359,15
580,103,175,140.3149171,11.58190856,8
572,105,169,139.7391823,11.65189091,10
141,106,151,160.4556213,14.40799349,22
46,107,150,158.5007886,13.79728085,9
702,107,132,139.7406699,10.98452428,25
405,108,158,124.305033,11.00503162,23
475,108,149,137.0305677,13.4123738,3
147,109,161,168.9962121,14.63450568,30
217,111,166,152.3493906,13.59846407,-4
435,111,180,169.0320856,12.39204706,6
535,111,190,140.9521853,10.95394701,3
569,111,164,133.8945445,11.25614471,8
648,111,165,124.3860252,10.98772784,22
835,111,158,154.8328321,12.8137994,20
178,112,160,158.8602251,14.00897399,17
579,112,173,152.9274599,13.58003819,15
246,113,163,158.7899878,14.08207326,0
299,113,156,153.7496635,12.55786018,15
429,117,161,141.8463995,13.40825331,15
580,117,169,140.3149171,11.58190856,8
480,118,172,147.7496439,11.60891923,8
14,119,113,133.5092177,12.03967713,18
213,119,165,147.4979339,11.75777256,9
242,119,166,155.4660422,11.70505222,7
583,119,172,150.2539219,12.86167968,23
682,119,158,144.9135063,11.54548503,18
698,119,163,146.005604,11.93931818,10
503,120,167,142.2708694,12.55989872,-1
241,121,163,162.3443332,12.76949372,1
603,121,168,134.8995357,11.0924358,21
161,122,155,164.6705927,12.94125435,30
235,122,167,162.9964758,15.58666385,4
203,123,164,159.1853699,14.60824272,1
236,123,167,151.2514286,13.91136136,3
350,124,159,134.3880699,12.08442408,25
718,125,169,159.2452147,12.76084159,9
42,126,152,164.2277261,15.49029854,3
226,126,168,158.4130627,14.21131176,-8
219,127,166,154.497555,13.23984279,0
582,127,180,141.53125,11.93411586,14
611,127,164,139.5548545,11.06759033,31
673,127,169,144.3865979,11.41544155,26
533,128,169,158.5878824,13.82946587,3
573,128,165,152.611755,12.40211712,26
728,128,167,149.3596533,11.47300241,6
793,128,166,143.5754829,11.80650494,11
424,129,159,133.2035637,11.91873469,22
794,130,150,136.7301455,11.03329497,4
394,131,139,131.0369108,12.39664191,25
434,131,172,168.8210526,12.79868211,7
296,132,170,151.6664204,13.10634239,14
23,133,141,153.0618893,14.41774788,14
694,133,169,141.2464205,11.63201914,13
13,134,156,143.8639944,12.11354875,17
180,134,158,157.0405503,13.05411875,10
216,134,173,165.2325777,14.91045945,10
388,134,144,113.0173954,10.33265501,24
428,134,141,142.9906617,12.51455469,28
484,134,177,135.808958,11.43509726,5
529,134,168,150.0365051,12.07114039,0
808,134,167,148.3564785,12.0847347,20
832,134,165,138.5223325,11.34720803,14
319,135,171,139.4069952,12.14284781,17
420,135,170,157.875,22.50862941,22
491,135,164,147.0936566,12.47223097,2
525,135,173,136.505753,11.83179622,-4
214,136,164,157.4463547,14.27044563,12
237,136,165,138.6553641,12.05199956,2
244,136,159,150.1240135,13.03189448,0
302,136,166,146.9779769,12.84908264,10
384,136,158,141.9528411,13.3879213,26
452,136,177,141.8966725,12.71025961,12
191,138,162,152.7274011,12.6548161,2
341,138,167,150.940133,13.51946608,15
490,138,172,151.4542564,12.62012109,8
541,138,166,153.117617,13.8883259,2
66,139,154,151.6160584,13.02983737,1
99,139,162,156.295082,13.13780462,2
166,139,159,150.4239421,13.23684865,20
229,139,171,154.4663986,13.24942056,-6
307,139,156,143.5063902,12.4572761,24
383,139,133,145.4414081,13.67306975,30
400,140,160,124.564346,11.27125633,24
412,140,141,144.6958002,13.07706943,28
696,140,135,147.1171623,12.32862888,10
704,140,179,140.293653,12.06206525,20
727,140,159,137.8006536,11.06198487,6
60,141,140,148.1702606,13.32267493,3
105,141,165,161.3524664,12.00021094,4
151,141,161,158.156172,12.77093859,30
283,141,160,156.2475655,15.77736404,4
811,141,160,147.9395589,12.67819929,16
339,142,169,139.6171783,12.95794179,15
391,142,135,151.6929873,13.66343523,28
432,142,168,136.4604701,12.3591359,15
440,142,166,140.0800395,11.93315336,9
230,143,156,155.7287523,13.08640199,-8
744,143,169,135.4580537,10.64903656,8
119,144,165,162.357193,13.63178779,16
200,144,162,159.723779,13.1166,5
205,144,166,150.8678663,12.62670848,5
358,144,129,146.8983532,13.19570136,28
361,144,148,146.2313897,13.34831961,22
415,144,159,164.3565072,12.85513448,25
554,144,164,134.6983169,11.59079733,11
91,145,181,159.5377558,12.40552632,-1
406,145,160,151.2854197,13.47094744,26
435,145,167,169.0320856,12.39204706,6
457,145,170,137.3216208,11.62555442,5
527,145,168,161.3211009,12.04734128,0
697,145,170,147.764148,12.20242137,16
40,146,164,146.2391529,12.55996488,5
92,146,175,155.2954823,12.98193407,1
126,146,150,164.1869424,14.06810511,22
238,146,157,152.7323232,13.88891943,
304,146,193,165.3728949,15.38680417,10
327,146,158,142.4539326,12.76870674,14
340,146,163,151.2438725,13.55095486,16
374,146,135,124.0124429,11.67059848,22
517,146,170,143.3679171,12.61819785,1
582,146,168,141.53125,11.93411586,14
628,146,166,134.6153846,10.99814806,24
749,146,167,144.087469,11.00955931,3
750,146,171,146.7084779,11.38021398,12
6,147,150,144.8876781,14.83615977,18
67,147,162,155.0169122,12.71484255,4
128,147,156,166.6530899,13.02963876,32
425,147,139,126.7937086,11.74841523,25
521,147,173,140.9851485,12.02496475,-11
285,148,185,139.1203501,12.60415667,10
405,148,151,124.305033,11.00503162,23
753,148,162,141.4077817,11.09317262,-1
131,149,150,153.9189679,13.15786673,27
242,149,167,155.4660422,11.70505222,7
312,149,138,136.8146311,11.85785319,27
334,149,170,144.7770545,12.89844293,20
592,149,153,138.4963156,11.19528687,25
4,150,155,149.4106115,12.51918142,
25,150,136,136.8131289,11.79161629,22
30,150,166,148.2611895,12.5410867,5
94,150,156,158.6023529,13.83798155,7
526,150,174,163.1066176,11.4904006,-6
735,150,166,150.1109906,11.80352408,10
24,151,185,154.3619925,12.14122743,18
59,151,159,155.5665116,13.67797395,8
317,151,152,135.8016194,12.00831255,16
357,151,157,152.4189935,13.0507545,26
395,151,162,139.4363434,12.67752791,22
414,151,160,137.0905365,12.99864268,21
769,151,135,130.3586767,11.30669739,0
2,152,156,155.442131,13.04024715,
35,152,139,141.7006481,12.15138275,6
201,152,160,150.1290163,12.54888641,4
389,152,158,141.4928297,12.06581364,23
1,153,132,145.8283465,13.56301134,
12,153,136,146.0817464,12.61257074,24
62,153,151,157.534079,13.279226,0
140,153,160,149.2883379,12.4245157,21
188,153,160,159.9779099,15.06375379,10
73,154,167,159.5405702,13.38063026,0
168,154,160,151.2732278,13.54063317,25
193,154,160,161.2054846,12.37472425,2
465,154,178,132.7483547,11.49108041,3
44,155,150,156.3614953,14.42921688,7
311,155,158,153.5604808,14.03154013,10
437,155,163,122.7234957,10.68763958,11
467,155,168,144.3100102,11.80783495,0
78,156,167,161.5697108,13.00911345,0
144,156,152,154.9451567,13.99220513,24
279,156,169,145.2683616,13.05604322,6
447,156,170,132.3478555,11.74058116,6
703,156,170,141.7186188,11.04527541,17
41,157,161,147.227519,12.54318397,2
82,157,148,155.2078327,13.07001332,-4
366,157,146,151.6804295,13.28709472,33
373,157,164,132.5454545,12.06299561,28
536,157,166,141.4592629,11.81709139,6
539,157,167,155.9655431,13.35438921,9
664,159,150,139.7860418,11.2361135,28
417,160,162,136.3214719,12.10536233,20
471,160,169,149.5601323,12.30951238,6
478,160,167,134.6162162,11.13113201,1
551,160,171,139.232229,11.49736365,1
723,160,160,145.0860821,11.64771456,21
106,161,165,165.5716895,12.14332603,3
172,161,169,155.8322034,13.4239973,16
248,162,163,145.9598863,13.12178698,1
252,162,166,142.3891695,12.61661597,-4
292,162,139,145.2756233,13.42369343,24
570,162,166,136.3950348,11.05964758,15
597,162,158,147.3165171,12.2914424,25
241,163,163,162.3443332,12.76949372,1
459,163,181,149.1891206,12.95406223,-2
289,164,161,143.3810538,12.60505609,23
14,165,132,133.5092177,12.03967713,18
93,165,162,156.086785,12.89582485,5
154,165,122,141.1230931,12.2053919,28
293,165,165,154.1002132,12.77916716,21
509,165,169,159.5567686,12.79447331,2
676,165,147,136.6160355,11.42385157,24
700,166,171,143.8718549,11.36093856,19
476,168,132,139.2009536,12.12095616,3
719,168,178,155.1047516,12.92465054,11
794,168,137,136.7301455,11.03329497,4
111,169,169,164.2467153,13.16230161,7
319,170,164,139.4069952,12.14284781,17
601,170,151,151.5185766,12.03512281,24
545,171,174,152.0648814,13.16030658,6
810,173,161,156.884677,13.65389664,26
65,174,155,144.4270463,9.956165125,-1
110,174,164,156.9107143,14.20249176,16
195,174,190,165.9437593,13.32884815,6
470,174,157,128.9831844,11.04198697,10
484,174,159,135.808958,11.43509726,5
175,175,145,148.86,13.49623862,17
411,175,156,126.723487,12.11841755,20
732,175,167,139.2453245,10.87986337,7
27,176,160,142.3197851,12.18187442,21
705,177,151,144.3242718,12.55562097,24
148,178,139,149.2040956,13.4606015,24
239,178,144,143.7649805,13.2274198,
644,178,131,134.0286275,11.46109976,26
689,179,168,144.0797571,11.52142543,19
232,180,166,144.615493,11.02947718,-25
246,180,162,158.7899878,14.08207326,0
388,181,148,113.0173954,10.33265501,24
213,182,167,147.4979339,11.75777256,9
394,182,139,131.0369108,12.39664191,25
431,182,165,129.8381743,10.48406426,16
618,182,158,135.9792403,11.02112814,23
637,182,135,140.8169811,11.06175849,34
354,183,162,155.9744501,14.66009376,24
567,183,162,140.1416838,12.12138577,5
102,184,165,157.531537,14.04196424,3
116,184,156,157.2700587,13.2847773,15
786,184,169,154.5951009,12.9291769,3
47,186,167,160.3270349,13.46869884,2
251,186,164,159.9406667,11.41667121,-5
458,187,164,163.0935987,9.454793552,-5
834,188,164,157.2769508,13.45272909,16
149,190,162,161.6591745,14.32630629,21
566,190,153,147.3796664,12.86458501,16
785,190,178,145.611138,11.77943535,3
493,192,162,145.5803903,11.84704294,3
714,194,162,152.0839895,12.9531225,3
556,195,175,142.2152847,11.99152638,5
90,196,160,151.6328125,11.6968875,2
96,196,162,163.5007496,13.8260468,8
107,196,163,163.4945726,12.97775593,9
171,196,145,141.1032468,12.69442753,20
311,196,160,153.5604808,14.03154013,10
48,197,185,170.8383838,15.59392727,6
224,198,167,162.8968354,12.3825441,-3
308,198,162,144.3101737,12.60303292,8
686,198,171,143.1550305,12.26827182,15
735,199,164,150.1109906,11.80352408,10
50,200,155,150.2420382,12.97113529,6
480,200,166,147.7496439,11.60891923,8
556,200,174,142.2152847,11.99152638,5
424,203,146,133.2035637,11.91873469,22
576,203,164,147.4588071,11.56513179,14
236,204,166,151.2514286,13.91136136,3
301,205,160,141.4507175,11.53964017,16
301,205,157,141.4507175,11.53964017,16
310,205,152,131.5135422,11.3657009,21
287,206,155,142.0402145,13.38914316,12
165,207,122,147.4274648,13.69418213,19
299,208,158,153.7496635,12.55786018,15
237,209,154,138.6553641,12.05199956,2
275,209,167,140.5686783,11.93234551,5
575,209,163,154.5339196,11.58307688,8
201,210,160,150.1290163,12.54888641,4
730,210,160,141.4448854,11.83667143,12
301,212,182,141.4507175,11.53964017,16
594,213,168,150.4772932,11.49328746,19
52,215,166,152.2789116,13.79562041,2
205,217,166,150.8678663,12.62670848,5
690,217,161,140.9237231,11.80258488,19
597,218,105,147.3165171,12.2914424,25
829,220,165,138.7577065,11.68778841,10
151,221,156,158.156172,12.77093859,30
259,221,166,162.4146341,15.08849447,3
472,221,170,161.2582057,12.87400175,6
4,222,146,149.4106115,12.51918142,
17,222,169,135.2583047,10.10541781,17
99,223,164,156.295082,13.13780462,2
232,223,156,144.615493,11.02947718,-25
481,223,165,155.4838391,13.67780343,11
157,224,61,157.4129646,13.13309456,28
568,224,162,136.1166961,11.33732169,11
586,225,172,136.4125619,11.65649789,12
779,225,162,134.8043947,10.76938526,-4
109,227,161,156.8921371,12.33787658,18
256,227,166,140.150771,12.70206,-4
486,227,164,145.8768376,12.18002195,14
257,228,165,147.5862228,12.0639828,-1
333,228,168,151.2302826,13.80920219,19
99,229,161,156.295082,13.13780462,2
558,229,177,142.004771,11.40661546,6
475,230,148,137.0305677,13.4123738,3
612,232,137,152.6090555,11.82362162,27
142,233,163,163.4546314,16.73681813,21
223,234,165,149.686976,12.9575128,0
377,235,166,136.8225299,11.53318565,24
301,236,168,141.4507175,11.53964017,16
602,236,148,153.4196429,12.20600078,24
645,236,161,144.8565084,12.42341305,19
812,236,136,138.2446853,12.01709112,16
475,237,159,137.0305677,13.4123738,3
581,237,165,141.8521303,12.46778256,9
270,239,165,167.7809446,14.48968734,
625,239,158,141.0831522,11.27346261,29
750,239,166,146.7084779,11.38021398,12
718,240,176,159.2452147,12.76084159,9
74,241,164,159.8856224,14.2933593,11
304,241,165,165.3728949,15.38680417,10
226,242,168,158.4130627,14.21131176,-8
209,243,163,154.1025595,12.07064157,0
262,244,169,145.6017108,13.03849751,9
266,244,156,155.1522601,14.23370626,6
767,245,149,138.8564488,11.83420813,3
9,246,148,153.6259887,12.05757559,15
708,246,170,138.7173469,11.70572557,6
782,246,164,155.4073084,12.82674331,-4
341,247,165,150.940133,13.51946608,15
45,248,156,153.4091125,12.49329853,5
141,248,161,160.4556213,14.40799349,22
454,248,169,144.9427046,11.92273943,3
807,249,174,144.3365931,12.68920505,3
290,251,174,154.6904594,11.93482177,9
472,252,161,161.2582057,12.87400175,6
719,252,186,155.1047516,12.92465054,11
790,252,158,144.8881154,12.26387529,0
155,254,163,158.3825257,14.49656564,24
240,254,175,163.9232082,15.26205563,
821,255,162,138.7921609,11.80433966,14
196,256,164,170.1917695,13.62862829,0
136,257,140,136.8065476,11.92417143,23
435,258,181,169.0320856,12.39204706,6
571,259,168,147.063004,11.83610958,16
28,260,155,152.5938117,14.02277972,12
417,260,158,136.3214719,12.10536233,20
643,261,158,159.8023609,13.22962382,24
216,262,194,165.2325777,14.91045945,10
684,262,173,139.8482232,12.21068708,18
243,263,167,151.7248996,13.3635759,-6
264,264,171,159.351341,16.0655131,5
168,265,157,151.2732278,13.54063317,25
282,265,149,146.4289793,13.58297239,14
706,265,169,138.0301825,11.37442695,13
65,266,160,144.4270463,9.956165125,-1
71,267,158,158.3722067,12.47578994,-8
256,267,157,140.150771,12.70206,-4
325,269,140,145.1473936,11.72351957,21
110,270,158,156.9107143,14.20249176,16
119,270,153,162.357193,13.63178779,16
134,272,156,152.8026735,12.44712914,32
250,272,182,175.8231047,11.653187,0
310,272,159,131.5135422,11.3657009,21
811,273,160,147.9395589,12.67819929,16
820,273,165,142.6821809,11.93404661,12
43,274,139,154.2322893,12.37423998,4
299,274,164,153.7496635,12.55786018,15
272,275,165,141.2669718,12.93716407,14
144,277,153,154.9451567,13.99220513,24
476,277,107,139.2009536,12.12095616,3
135,278,161,155.7290363,15.85348536,24
483,278,161,142.6484065,12.67416286,9
584,278,138,135.7148453,11.9700973,19
710,279,97,139.8891844,11.91775053,11
145,281,158,149.2709114,14.4985903,20
583,281,158,150.2539219,12.86167968,23
657,282,137,148.8694648,11.7695663,30
800,282,164,153.1344095,12.84634902,16
567,283,141,140.1416838,12.12138577,5
663,283,141,157.7307745,12.37343112,29
96,284,174,163.5007496,13.8260468,8
592,284,156,138.4963156,11.19528687,25
611,284,144,139.5548545,11.06759033,31
681,284,147,150.8111965,12.82400132,23
152,285,162,158.2961918,14.13959281,24
260,285,178,152.1223502,12.73178309,3
330,285,166,149.8450106,13.03356688,16
506,289,169,147.2384519,11.76096629,2
65,290,155,144.4270463,9.956165125,-1
797,290,163,147.2979777,12.02068675,5
66,292,150,151.6160584,13.02983737,1
763,292,155,141.7130435,11.87127384,1
304,293,168,165.3728949,15.38680417,10
569,293,157,133.8945445,11.25614471,8
589,293,139,140.4366293,11.20080284,23
120,294,161,160.6370848,14.20895548,20
670,294,134,146.1532928,13.29324604,25
379,295,123,112.8872215,10.26521746,24
674,295,140,141.4364833,12.19855193,25
331,296,155,144.6890424,12.25198697,21
175,297,141,148.86,13.49623862,17
449,297,162,147.0018645,12.62140087,15
635,297,163,144.6788775,12.29004624,24
209,298,164,154.1025595,12.07064157,0
710,299,163,139.8891844,11.91775053,11
767,300,107,138.8564488,11.83420813,3
590,302,164,152.2497663,11.60578486,31
632,303,148,159.4849878,12.54627363,33
811,303,166,147.9395589,12.67819929,16
16,304,125,143.0171329,12.58336786,23
113,304,160,163.0726073,13.52878816,14
53,305,170,166.7409836,19.84047344,3
297,305,165,148.6532731,12.03950819,19
678,305,165,139.8629168,11.78029613,16
171,306,140,141.1032468,12.69442753,20
481,306,157,155.4838391,13.67780343,11
149,307,162,161.6591745,14.32630629,21
381,308,143,133.1346633,11.5817968,30
714,309,159,152.0839895,12.9531225,3
290,310,164,154.6904594,11.93482177,9
647,310,131,137.2684373,11.70552419,21
335,312,161,157.7813394,14.27815741,14
181,313,154,148.3735882,12.73259322,13
249,313,159,147.6396166,12.12632741,-1
598,313,144,154.2317808,11.91046388,21
735,313,163,150.1109906,11.80352408,10
723,314,156,145.0860821,11.64771456,21
719,316,175,155.1047516,12.92465054,11
713,317,156,138.3207237,11.31661761,8
342,318,174,166.2539185,18.79346708,15
650,318,171,164.8840125,19.24000251,33
652,319,161,149.296372,11.77471978,26
379,320,120,112.8872215,10.26521746,24
641,320,125,134.0667441,11.71085955,24
706,321,163,138.0301825,11.37442695,13
719,321,155,155.1047516,12.92465054,11
826,321,145,141.0436469,12.08379631,24
232,323,142,144.615493,11.02947718,-25
591,323,148,133.0942207,10.80352056,26
656,323,149,142.4051891,11.34577291,26
581,324,165,141.8521303,12.46778256,9
633,324,150,149.6162676,13.09309408,24
834,324,161,157.2769508,13.45272909,16
237,325,144,138.6553641,12.05199956,2
398,326,162,151.7238112,12.16203495,23
564,327,163,146.8555766,12.53359469,6
707,327,150,137.8327039,11.3032142,12
50,328,92,150.2420382,12.97113529,6
291,328,170,165.6520651,13.22159099,22
437,328,159,122.7234957,10.68763958,11
638,329,139,133.9193217,12.06376095,26
701,329,132,139.4565842,11.64809701,15
138,330,159,156.9331976,15.20062974,23
502,330,166,146.8860927,12.50144424,-1
782,330,169,155.4073084,12.82674331,-4
382,331,156,151.6675138,14.59635934,23
476,332,151,139.2009536,12.12095616,3
16,334,110,143.0171329,12.58336786,23
259,334,87,162.4146341,15.08849447,3
589,334,127,140.4366293,11.20080284,23
630,337,134,146.3974215,12.85647982,23
85,338,149,150.8939567,13.23366773,-6
238,338,160,152.7323232,13.88891943,
142,339,169,163.4546314,16.73681813,21
584,339,142,135.7148453,11.9700973,19
832,339,161,138.5223325,11.34720803,14
316,340,135,138.1152882,13.69386767,23
803,341,130,135.4876777,10.88275905,11
4,344,156,149.4106115,12.51918142,
134,345,155,152.8026735,12.44712914,32
238,345,161,152.7323232,13.88891943,
317,345,132,135.8016194,12.00831255,16
238,346,154,152.7323232,13.88891943,
296,346,180,151.6664204,13.10634239,14
660,346,133,151.977494,13.65589691,23
418,347,143,132.6454462,12.26532172,20
705,347,130,144.3242718,12.55562097,24
110,348,153,156.9107143,14.20249176,16
121,351,159,163.4134955,13.99733103,24
569,352,146,133.8945445,11.25614471,8
655,353,133,137.9701428,11.2655031,25
158,354,153,142.5225989,13.00288563,29
750,354,163,146.7084779,11.38021398,12
56,355,153,153.9415496,13.09210304,1
400,355,125,124.564346,11.27125633,24
172,356,157,155.8322034,13.4239973,16
29,357,164,152.5630281,12.54418169,8
333,357,155,151.2302826,13.80920219,19
211,358,164,152.9886493,13.09466901,0
350,358,148,134.3880699,12.08442408,25
311,359,161,153.5604808,14.03154013,10
237,360,129,138.6553641,12.05199956,2
572,361,162,139.7391823,11.65189091,10
483,362,157,142.6484065,12.67416286,9
585,362,171,138.4226295,11.67174989,15
257,363,169,147.5862228,12.0639828,-1
322,363,139,144.7227969,12.52358974,27
330,363,163,149.8450106,13.03356688,16
497,363,150,162.7599289,14.98121181,1
298,364,148,147.4982771,13.43258746,8
719,364,171,155.1047516,12.92465054,11
720,364,144,163.2158365,12.42664138,13
58,366,162,152.8408987,13.5253513,1
386,366,154,149.0964686,13.30815917,28
17,367,163,135.2583047,10.10541781,17
304,368,166,165.3728949,15.38680417,10
355,368,147,135.5260516,12.38773078,26
161,369,161,164.6705927,12.94125435,30
312,369,133,136.8146311,11.85785319,27
390,369,137,145.4269289,13.96439891,22
260,370,163,152.1223502,12.73178309,3
388,370,111,113.0173954,10.33265501,24
458,370,170,163.0935987,9.454793552,-5
619,370,163,139.8797771,10.99316375,25
126,373,158,164.1869424,14.06810511,22
142,373,175,163.4546314,16.73681813,21
6,374,153,144.8876781,14.83615977,18
662,374,115,127.1428073,10.84690157,25
57,375,149,143.8517499,12.73277814,0
401,376,160,145.7766583,13.70208161,26
476,376,154,139.2009536,12.12095616,3
347,377,153,149.8834356,13.43652831,25
366,377,155,151.6804295,13.28709472,33
562,377,164,146.4650073,12.95960657,4
384,378,137,141.9528411,13.3879213,26
812,378,155,138.2446853,12.01709112,16
110,379,159,156.9107143,14.20249176,16
596,380,162,147.7573681,11.60783605,35
554,381,162,134.6983169,11.59079733,11
24,382,165,154.3619925,12.14122743,18
152,382,153,158.2961918,14.13959281,24
599,382,138,140.8831397,11.33928836,29
132,384,161,166.9725946,13.98886327,24
436,384,169,145.2131404,12.81763535,8
368,385,135,143.8108242,13.43589533,31
365,386,158,138.9651639,13.26010082,25
574,386,153,136.1698915,11.47560906,17
730,387,148,141.4448854,11.83667143,12
144,388,149,154.9451567,13.99220513,24
54,389,148,139.8948718,11.39803385,5
410,389,156,146.1625045,13.67847089,17
375,390,138,138.5747918,13.28684755,22
817,390,159,136.4993987,11.22162862,7
356,392,157,149.4066038,14.5269583,24
580,392,183,140.3149171,11.58190856,8
363,393,135,155.973672,12.49158788,25
134,394,151,152.8026735,12.44712914,32
439,394,162,134.8931465,11.3505249,8
593,394,145,139.5662898,11.85406865,19
364,396,154,140.9175695,14.18609612,21
348,397,141,146.9683327,13.272676,23
378,397,140,132.073571,12.36014669,21
406,397,155,151.2854197,13.47094744,26
391,398,143,151.6929873,13.66343523,28
800,398,165,153.1344095,12.84634902,16
361,399,144,146.2313897,13.34831961,22
575,399,161,154.5339196,11.58307688,8
374,400,151,124.0124429,11.67059848,22
340,401,161,151.2438725,13.55095486,16
367,401,144,145.1557377,12.23394552,28
611,401,138,139.5548545,11.06759033,31
244,403,164,150.1240135,13.03189448,0
357,403,159,152.4189935,13.0507545,26
422,403,129,131.2356091,12.29049542,22
425,405,140,126.7937086,11.74841523,25
183,406,150,152.5792896,12.98946996,9
243,406,159,151.7248996,13.3635759,-6
372,406,134,140.7526602,12.38829208,34
659,408,121,136.5868893,11.06816327,23
173,409,163,163.5308057,14.91091343,16
376,410,160,129.845187,12.0217684,21
446,410,156,134.9049787,12.17770945,8
165,411,139,147.4274648,13.69418213,19
243,411,163,151.7248996,13.3635759,-6
334,411,146,144.7770545,12.89844293,20
142,412,169,163.4546314,16.73681813,21
370,412,132,137.6782462,12.72839071,24
689,413,154,144.0797571,11.52142543,19
408,414,161,146.8439292,11.44689004,18
443,415,161,133.1828645,11.33681893,11
497,416,151,162.7599289,14.98121181,1
671,416,137,132.0570583,11.17135841,22
360,417,159,136.7178453,12.37743243,22
163,418,154,161.2394708,14.59632149,21
238,418,122,152.7323232,13.88891943,
394,418,125,131.0369108,12.39664191,25
281,422,152,126.4245283,10.94288724,11
499,422,155,144.4975978,12.4185558,-2
319,423,162,139.4069952,12.14284781,17
395,423,151,139.4363434,12.67752791,22
691,423,155,154.3849733,13.05931359,21
478,424,164,134.6162162,11.13113201,1
3,425,138,156.4921384,13.42871132,
388,425,111,113.0173954,10.33265501,24
719,425,168,155.1047516,12.92465054,11
168,426,156,151.2732278,13.54063317,25
290,426,167,154.6904594,11.93482177,9
326,426,162,152.5339151,12.86466709,19
593,426,136,139.5662898,11.85406865,19
715,427,148,145.5974106,12.3509053,3
155,428,149,158.3825257,14.49656564,24
232,430,148,144.615493,11.02947718,-25
502,430,171,146.8860927,12.50144424,-1
813,430,167,150.6745016,13.36424528,11
351,431,162,162.3053333,12.159984,22
86,432,165,156.4048641,13.65217854,4
310,432,131,131.5135422,11.3657009,21
271,434,166,164.1253223,12.39227317,
457,434,163,137.3216208,11.62555442,5
506,434,164,147.2384519,11.76096629,2
239,435,89,143.7649805,13.2274198,
258,435,147,142.3249391,12.95713501,0
445,435,163,136.8441128,12.01349353,13
513,435,162,149.0662177,13.03614686,4
598,436,176,154.2317808,11.91046388,21
748,436,158,150.2074468,12.52447755,6
148,437,145,149.2040956,13.4606015,24
317,437,138,135.8016194,12.00831255,16
326,437,161,152.5339151,12.86466709,19
333,438,152,151.2302826,13.80920219,19
282,440,145,146.4289793,13.58297239,14
478,440,138,134.6162162,11.13113201,1
228,442,167,160.7869885,13.43828248,-13
243,442,150,151.7248996,13.3635759,-6
588,445,152,143.8118514,12.50280721,16
682,445,147,144.9135063,11.54548503,18
483,447,144,142.6484065,12.67416286,9
365,448,100,138.9651639,13.26010082,25
667,448,150,148.4574326,12.18129512,27
17,449,164,135.2583047,10.10541781,17
480,451,150,147.7496439,11.60891923,8
237,453,145,138.6553641,12.05199956,2
175,454,142,148.86,13.49623862,17
396,454,139,142.1334702,14.70209877,25
753,454,158,141.4077817,11.09317262,-1
239,457,155,143.7649805,13.2274198,
239,457,149,143.7649805,13.2274198,
623,457,135,139.0111871,11.44366613,30
134,458,152,152.8026735,12.44712914,32
580,459,164,140.3149171,11.58190856,8
276,460,140,144.846901,12.84752081,9
454,460,162,144.9427046,11.92273943,3
60,461,137,148.1702606,13.32267493,3
127,461,154,160.5408163,14.31782449,20
434,461,162,168.8210526,12.79868211,7
626,461,138,154.7532391,12.24782259,30
151,464,142,158.156172,12.77093859,30
214,464,159,157.4463547,14.27044563,12
238,464,159,152.7323232,13.88891943,
209,465,158,154.1025595,12.07064157,0
292,465,148,145.2756233,13.42369343,24
587,466,162,147.4953429,12.59395687,17
74,467,149,159.8856224,14.2933593,11
152,467,154,158.2961918,14.13959281,24
298,468,157,147.4982771,13.43258746,8
316,470,157,138.1152882,13.69386767,23
256,471,163,140.150771,12.70206,-4
283,471,165,156.2475655,15.77736404,4
484,471,153,135.808958,11.43509726,5
835,472,139,154.8328321,12.8137994,20
572,473,161,139.7391823,11.65189091,10
22,475,150,159.7882987,14.71919353,13
493,475,154,145.5803903,11.84704294,3
513,475,135,149.0662177,13.03614686,4
566,475,161,147.3796664,12.86458501,16
144,476,151,154.9451567,13.99220513,24
31,477,162,156.5321285,12.36776024,6
578,477,147,146.1303754,11.7712854,7
256,478,154,140.150771,12.70206,-4
620,479,165,163.6454821,13.72806381,32
316,480,156,138.1152882,13.69386767,23
814,480,166,147.1752632,12.20904568,16
255,481,167,165.6633958,11.98050231,0
257,482,149,147.5862228,12.0639828,-1
263,482,160,141.4714202,12.22440919,7
316,482,126,138.1152882,13.69386767,23
454,482,164,144.9427046,11.92273943,3
295,483,123,132.4790005,10.0733566,11
265,484,150,149.8431973,14.19612598,4
568,484,158,136.1166961,11.33732169,11
273,485,166,142.8680053,11.78018117,10
276,485,137,144.846901,12.84752081,9
437,485,148,122.7234957,10.68763958,11
795,485,173,146.2261249,11.43082635,16
466,486,160,151.4891097,13.72228109,5
306,489,162,154.1877627,15.75150935,18
350,490,139,134.3880699,12.08442408,25
625,491,140,141.0831522,11.27346261,29
142,493,169,163.4546314,16.73681813,21
350,493,119,134.3880699,12.08442408,25
351,493,110,162.3053333,12.159984,22
405,495,121,124.305033,11.00503162,23
483,495,149,142.6484065,12.67416286,9
772,495,151,159.2233989,12.89047388,0
411,496,137,126.723487,12.11841755,20
58,498,156,152.8408987,13.5253513,1
683,498,147,142.2087576,11.9734306,18
107,499,163,163.4945726,12.97775593,9
186,499,159,159.4518037,15.15766497,11
320,499,145,154.1055156,15.44344536,15
323,500,160,166.176,10.9683792,21
413,500,149,158.6134715,15.45156933,29
45,501,157,153.4091125,12.49329853,5
343,503,160,136.7149497,11.7593512,15
535,505,166,140.9521853,10.95394701,3
561,505,158,148.3965368,12.80891065,6
484,506,139,135.808958,11.43509726,5
812,506,132,138.2446853,12.01709112,16
21,507,144,134.9046653,12.52254888,24
585,508,170,138.4226295,11.67174989,15
347,509,137,149.8834356,13.43652831,25
400,509,117,124.564346,11.27125633,24
577,509,163,148.7532051,12.548362,9
477,513,138,142.5822864,11.69710101,5
152,514,153,158.2961918,14.13959281,24
239,514,110,143.7649805,13.2274198,
58,515,146,152.8408987,13.5253513,1
287,515,148,142.0402145,13.38914316,12
244,516,158,150.1240135,13.03189448,0
688,516,155,148.2147947,11.53261943,17
816,517,139,131.4234069,10.68595147,9
165,518,155,147.4274648,13.69418213,19
631,519,144,145.8332621,12.42157846,25
565,520,161,143.8994073,12.31715324,16
47,522,153,160.3270349,13.46869884,2
120,522,162,160.6370848,14.20895548,20
556,523,152,142.2152847,11.99152638,5
156,524,162,151.4870993,14.28048646,24
644,525,138,134.0286275,11.46109976,26
281,527,137,126.4245283,10.94288724,11
424,530,138,133.2035637,11.91873469,22
566,532,163,147.3796664,12.86458501,16
46,533,155,158.5007886,13.79728085,9
388,533,116,113.0173954,10.33265501,24
476,533,136,139.2009536,12.12095616,3
599,534,146,140.8831397,11.33928836,29
453,535,142,135.5776993,12.19491558,9
686,535,141,143.1550305,12.26827182,15
756,536,160,150.0225779,11.49022669,2
622,537,141,155.4139665,11.09991419,28
575,538,165,154.5339196,11.58307688,8
480,539,153,147.7496439,11.60891923,8
333,540,138,151.2302826,13.80920219,19
249,541,159,147.6396166,12.12632741,-1
558,541,136,142.004771,11.40661546,6
9,542,145,153.6259887,12.05757559,15
359,543,143,144.0622407,12.13536281,28
586,544,155,136.4125619,11.65649789,12
690,544,135,140.9237231,11.80258488,19
45,547,153,153.4091125,12.49329853,5
564,547,150,146.8555766,12.53359469,6
124,548,156,157.015691,13.43178576,18
378,548,136,132.073571,12.36014669,21
417,551,150,136.3214719,12.10536233,20
424,551,112,133.2035637,11.91873469,22
9,555,148,153.6259887,12.05757559,15
391,555,139,151.6929873,13.66343523,28
595,555,157,148.6330325,12.38963134,15
14,556,84,133.5092177,12.03967713,18
250,556,180,175.8231047,11.653187,0
618,556,129,135.9792403,11.02112814,23
70,557,157,154.745886,13.25632251,-1
327,557,129,142.4539326,12.76870674,14
314,558,152,153.1717352,13.88890948,25
570,558,146,136.3950348,11.05964758,15
648,558,115,124.3860252,10.98772784,22
576,559,153,147.4588071,11.56513179,14
299,561,158,153.7496635,12.55786018,15
637,561,137,140.8169811,11.06175849,34
268,562,169,164.63,13.720212,9
347,564,133,149.8834356,13.43652831,25
695,568,151,146.3031693,12.03821431,12
833,568,166,150.154239,12.60455975,20
449,569,171,147.0018645,12.62140087,15
582,569,143,141.53125,11.93411586,14
621,569,161,164.7966448,12.25613666,27
351,570,180,162.3053333,12.159984,22
483,570,155,142.6484065,12.67416286,9
449,572,133,147.0018645,12.62140087,15
611,574,129,139.5548545,11.06759033,31
497,575,111,162.7599289,14.98121181,1
584,575,137,135.7148453,11.9700973,19
484,576,162,135.808958,11.43509726,5
86,577,158,156.4048641,13.65217854,4
704,577,142,140.293653,12.06206525,20
299,579,163,153.7496635,12.55786018,15
13,580,151,143.8639944,12.11354875,17
497,580,165,162.7599289,14.98121181,1
779,581,167,134.8043947,10.76938526,-4
172,582,166,155.8322034,13.4239973,16
444,583,130,127.3329601,11.52190075,16
772,584,152,159.2233989,12.89047388,0
556,585,134,142.2152847,11.99152638,5
417,586,123,136.3214719,12.10536233,20
686,586,136,143.1550305,12.26827182,15
453,587,111,135.5776993,12.19491558,9
560,588,145,148.804205,12.04383926,17
407,589,164,156.4071856,15.57675449,17
290,591,158,154.6904594,11.93482177,9
571,591,150,147.063004,11.83610958,16
593,591,147,139.5662898,11.85406865,19
676,592,150,136.6160355,11.42385157,24
687,593,139,143.0897803,11.90535939,22
339,594,162,139.6171783,12.95794179,15
413,594,115,158.6134715,15.45156933,29
597,595,139,147.3165171,12.2914424,25
243,596,155,151.7248996,13.3635759,-6
617,596,133,148.2345854,11.00028567,30
483,597,146,142.6484065,12.67416286,9
44,601,158,156.3614953,14.42921688,7
562,601,153,146.4650073,12.95960657,4
484,604,108,135.808958,11.43509726,5
823,606,132,138.5452236,12.08530976,21
601,609,145,151.5185766,12.03512281,24
612,609,143,152.6090555,11.82362162,27
125,610,155,157.0535588,12.17706216,22
142,610,174,163.4546314,16.73681813,21
88,611,168,168.2782324,12.32521571,8
568,611,153,136.1166961,11.33732169,11
191,613,148,152.7274011,12.6548161,2
299,614,125,153.7496635,12.55786018,15
41,615,149,147.227519,12.54318397,2
21,616,137,134.9046653,12.52254888,24
29,617,154,152.5630281,12.54418169,8
138,617,175,156.9331976,15.20062974,23
243,617,161,151.7248996,13.3635759,-6
417,618,153,136.3214719,12.10536233,20
478,618,155,134.6162162,11.13113201,1
587,620,148,147.4953429,12.59395687,17
803,620,135,135.4876777,10.88275905,11
658,622,138,140.3690023,11.58462727,26
669,622,135,154.3420411,14.12445141,28
21,623,126,134.9046653,12.52254888,24
569,623,135,133.8945445,11.25614471,8
25,624,137,136.8131289,11.79161629,22
239,624,154,143.7649805,13.2274198,
88,627,141,168.2782324,12.32521571,8
411,628,127,126.723487,12.11841755,20
293,630,144,154.1002132,12.77916716,21
297,632,165,148.6532731,12.03950819,19
692,633,134,129.5729043,11.351641,25
405,634,123,124.305033,11.00503162,23
327,640,122,142.4539326,12.76870674,14
339,640,133,139.6171783,12.95794179,15
210,642,154,146.3213744,12.49045403,3
629,645,165,150.9587284,11.26131144,26
27,646,138,142.3197851,12.18187442,21
394,647,145,131.0369108,12.39664191,25
575,647,149,154.5339196,11.58307688,8
231,650,151,152.8774617,13.56997287,-12
578,650,138,146.1303754,11.7712854,7
396,652,166,142.1334702,14.70209877,25
514,652,140,139.5167611,12.27525977,0
454,653,159,144.9427046,11.92273943,3
624,655,137,137.5638186,11.45548291,26
58,656,161,152.8408987,13.5253513,1
710,659,148,139.8891844,11.91775053,11
835,659,146,154.8328321,12.8137994,20
264,660,173,159.351341,16.0655131,5
163,663,152,161.2394708,14.59632149,21
509,663,156,159.5567686,12.79447331,2
497,665,159,162.7599289,14.98121181,1
388,666,109,113.0173954,10.33265501,24
387,667,135,136.7578046,12.10413353,29
461,667,155,141.7818182,11.67475304,1
70,669,150,154.745886,13.25632251,-1
580,669,141,140.3149171,11.58190856,8
605,672,136,142.2888889,12.20021799,16
181,673,147,148.3735882,12.73259322,13
381,674,137,133.1346633,11.5817968,30
599,676,136,140.8831397,11.33928836,29
618,676,120,135.9792403,11.02112814,23
237,677,142,138.6553641,12.05199956,2
672,677,133,142.270775,11.58851653,22
293,678,141,154.1002132,12.77916716,21
619,679,129,139.8797771,10.99316375,25
19,680,158,147.1717105,11.82261848,14
293,680,154,154.1002132,12.77916716,21
333,682,123,151.2302826,13.80920219,19
293,683,141,154.1002132,12.77916716,21
448,683,124,131.3169919,11.41928567,8
306,686,197,154.1877627,15.75150935,18
264,688,161,159.351341,16.0655131,5
264,688,156,159.351341,16.0655131,5
47,689,160,160.3270349,13.46869884,2
623,689,129,139.0111871,11.44366613,30
21,691,142,134.9046653,12.52254888,24
163,692,144,161.2394708,14.59632149,21
480,694,136,147.7496439,11.60891923,8
239,695,127,143.7649805,13.2274198,
592,696,133,138.4963156,11.19528687,25
573,697,139,152.611755,12.40211712,26
290,698,159,154.6904594,11.93482177,9
626,698,139,154.7532391,12.24782259,30
290,700,155,154.6904594,11.93482177,9
400,700,126,124.564346,11.27125633,24
339,701,156,139.6171783,12.95794179,15
581,701,147,141.8521303,12.46778256,9
607,702,150,138.6397466,11.31168527,21
396,703,167,142.1334702,14.70209877,25
209,705,162,154.1025595,12.07064157,0
186,706,173,159.4518037,15.15766497,11
413,706,142,158.6134715,15.45156933,29
86,708,153,156.4048641,13.65217854,4
583,708,170,150.2539219,12.86167968,23
256,710,147,140.150771,12.70206,-4
632,710,157,159.4849878,12.54627363,33
9,711,147,153.6259887,12.05757559,15
96,712,163,163.5007496,13.8260468,8
101,712,160,169.8038741,12.94325956,2
579,713,141,152.9274599,13.58003819,15
583,714,167,150.2539219,12.86167968,23
625,714,130,141.0831522,11.27346261,29
317,716,138,135.8016194,12.00831255,16
484,716,161,135.808958,11.43509726,5
135,717,167,155.7290363,15.85348536,24
224,720,158,162.8968354,12.3825441,-3
301,722,143,141.4507175,11.53964017,16
644,722,136,134.0286275,11.46109976,26
301,724,138,141.4507175,11.53964017,16
411,725,119,126.723487,12.11841755,20
161,727,168,164.6705927,12.94125435,30
253,727,169,155.6612815,12.38155031,-4
232,728,151,144.615493,11.02947718,-25
776,729,148,135.3754181,9.687229766,0
17,731,161,135.2583047,10.10541781,17
626,731,102,154.7532391,12.24782259,30
648,732,122,124.3860252,10.98772784,22
708,734,143,138.7173469,11.70572557,6
312,736,132,136.8146311,11.85785319,27
703,737,134,141.7186188,11.04527541,17
396,738,163,142.1334702,14.70209877,25
681,738,143,150.8111965,12.82400132,23
591,739,126,133.0942207,10.80352056,26
243,740,132,151.7248996,13.3635759,-6
264,742,163,159.351341,16.0655131,5
218,743,165,163.6212858,12.78503533,-5
351,743,165,162.3053333,12.159984,22
244,747,150,150.1240135,13.03189448,0
275,747,131,140.5686783,11.93234551,5
236,748,158,151.2514286,13.91136136,3
592,748,148,138.4963156,11.19528687,25
86,749,154,156.4048641,13.65217854,4
573,750,135,152.611755,12.40211712,26
831,750,131,143.3188406,11.41569012,18
230,751,158,155.7287523,13.08640199,-8
640,751,134,146.7283455,12.12308369,27
256,753,129,140.150771,12.70206,-4
670,753,160,146.1532928,13.29324604,25
351,754,156,162.3053333,12.159984,22
509,755,155,159.5567686,12.79447331,2
687,756,147,143.0897803,11.90535939,22
142,759,172,163.4546314,16.73681813,21
186,759,171,159.4518037,15.15766497,11
821,759,154,138.7921609,11.80433966,14
587,760,155,147.4953429,12.59395687,17
660,760,144,151.977494,13.65589691,23
74,761,142,159.8856224,14.2933593,11
327,762,138,142.4539326,12.76870674,14
581,762,147,141.8521303,12.46778256,9
649,762,145,141.6891534,12.18564142,28
45,763,154,153.4091125,12.49329853,5
219,763,157,154.497555,13.23984279,0
319,763,125,139.4069952,12.14284781,17
405,765,119,124.305033,11.00503162,23
306,766,164,154.1877627,15.75150935,18
396,767,146,142.1334702,14.70209877,25
585,767,148,138.4226295,11.67174989,15
611,768,135,139.5548545,11.06759033,31
646,768,133,136.4680015,11.89295583,20
27,770,137,142.3197851,12.18187442,21
142,770,173,163.4546314,16.73681813,21
249,770,147,147.6396166,12.12632741,-1
327,770,122,142.4539326,12.76870674,14
610,770,148,144.8961749,11.49045653,25
513,771,148,149.0662177,13.03614686,4
665,773,135,143.5741643,12.3166114,24
70,775,116,154.745886,13.25632251,-1
564,775,149,146.8555766,12.53359469,6
186,777,176,159.4518037,15.15766497,11
225,777,169,158.6851595,14.08235784,-5
281,777,131,126.4245283,10.94288724,11
58,778,166,152.8408987,13.5253513,1
550,780,160,145.0559918,12.15409778,1
124,782,146,157.015691,13.43178576,18
754,783,149,149.1051931,12.64456618,1
258,786,152,142.3249391,12.95713501,0
301,786,134,141.4507175,11.53964017,16
320,786,167,154.1055156,15.44344536,15
513,786,164,149.0662177,13.03614686,4
683,786,141,142.2087576,11.9734306,18
497,787,166,162.7599289,14.98121181,1
607,787,156,138.6397466,11.31168527,21
572,788,141,139.7391823,11.65189091,10
688,789,150,148.2147947,11.53261943,17
237,790,148,138.6553641,12.05199956,2
633,791,139,149.6162676,13.09309408,24
138,792,171,156.9331976,15.20062974,23
582,792,133,141.53125,11.93411586,14
145,794,149,149.2709114,14.4985903,20
666,797,119,127.9903174,10.76990446,29
619,800,124,139.8797771,10.99316375,25
565,801,149,143.8994073,12.31715324,16
128,802,173,166.6530899,13.02963876,32
755,802,132,143.8334201,12.32377449,2
145,803,153,149.2709114,14.4985903,20
477,803,151,142.5822864,11.69710101,5
299,804,162,153.7496635,12.55786018,15
379,804,130,112.8872215,10.26521746,24
657,804,143,148.8694648,11.7695663,30
712,804,129,141.8499096,11.43291377,7
39,805,148,153.7267809,14.22195361,4
350,805,135,134.3880699,12.08442408,25
557,808,160,133.4164692,11.77501777,9
584,812,139,135.7148453,11.9700973,19
656,812,138,142.4051891,11.34577291,26
805,812,138,139.9891447,11.87186092,14
626,813,96,154.7532391,12.24782259,30
424,815,135,133.2035637,11.91873469,22
250,816,170,175.8231047,11.653187,0
803,817,133,135.4876777,10.88275905,11
811,818,146,147.9395589,12.67819929,16
126,822,172,164.1869424,14.06810511,22
674,822,133,141.4364833,12.19855193,25
641,823,127,134.0667441,11.71085955,24
713,823,145,138.3207237,11.31661761,8
135,825,164,155.7290363,15.85348536,24
101,826,144,169.8038741,12.94325956,2
207,826,158,157.676485,12.70128778,-2
379,826,136,112.8872215,10.26521746,24
604,826,135,140.9186239,11.25432024,22
243,827,155,151.7248996,13.3635759,-6
351,827,143,162.3053333,12.159984,22
484,828,129,135.808958,11.43509726,5
568,828,130,136.1166961,11.33732169,11
772,828,142,159.2233989,12.89047388,0
123,830,140,143.6781726,12.0574571,22
694,830,139,141.2464205,11.63201914,13
695,830,143,146.3031693,12.03821431,12
86,831,153,156.4048641,13.65217854,4
249,831,103,147.6396166,12.12632741,-1
772,831,151,159.2233989,12.89047388,0
616,832,129,135.8327957,11.24920258,20
263,835,135,141.4714202,12.22440919,7
3,837,154,156.4921384,13.42871132,
436,838,136,145.2131404,12.81763535,8
569,838,138,133.8945445,11.25614471,8
614,838,130,136.1401548,11.66404127,21
110,840,156,156.9107143,14.20249176,16
319,842,159,139.4069952,12.14284781,17
306,843,171,154.1877627,15.75150935,18
424,844,134,133.2035637,11.91873469,22
638,844,128,133.9193217,12.06376095,26
303,845,144,149.6460797,12.66235112,10
396,845,165,142.1334702,14.70209877,25
719,845,162,155.1047516,12.92465054,11
564,846,135,146.8555766,12.53359469,6
613,846,130,140.6692876,11.38949786,19
443,847,131,133.1828645,11.33681893,11
588,847,140,143.8118514,12.50280721,16
763,847,140,141.7130435,11.87127384,1
307,850,140,143.5063902,12.4572761,24
582,852,138,141.53125,11.93411586,14
493,854,144,145.5803903,11.84704294,3
575,854,146,154.5339196,11.58307688,8
70,855,113,154.745886,13.25632251,-1
186,855,170,159.4518037,15.15766497,11
310,855,132,131.5135422,11.3657009,21
669,855,165,154.3420411,14.12445141,28
70,856,123,154.745886,13.25632251,-1
133,857,163,160.0920716,13.30483857,27
606,857,119,134.6039861,11.17817192,18
652,857,147,149.296372,11.77471978,26
654,858,145,143.2450871,11.95366601,23
125,859,142,157.0535588,12.17706216,22
217,861,160,152.3493906,13.59846407,-4
86,862,123,156.4048641,13.65217854,4
249,863,145,147.6396166,12.12632741,-1
229,864,165,154.4663986,13.24942056,-6
556,865,139,142.2152847,11.99152638,5
226,867,162,158.4130627,14.21131176,-8
667,868,138,148.4574326,12.18129512,27
835,868,88,154.8328321,12.8137994,20
671,869,128,132.0570583,11.17135841,22
178,870,183,158.8602251,14.00897399,17
604,870,130,140.9186239,11.25432024,22
84,873,150,154.0247295,13.88771499,0
248,874,117,145.9598863,13.12178698,1
652,877,149,149.296372,11.77471978,26
23,878,160,153.0618893,14.41774788,14
135,878,170,155.7290363,15.85348536,24
576,879,161,147.4588071,11.56513179,14
135,880,119,155.7290363,15.85348536,24
301,880,138,141.4507175,11.53964017,16
9,884,141,153.6259887,12.05757559,15
832,884,144,138.5223325,11.34720803,14
488,887,154,152.340274,12.82628121,-1
581,888,149,141.8521303,12.46778256,9
417,889,148,136.3214719,12.10536233,20
243,890,152,151.7248996,13.3635759,-6
416,890,127,127.1783701,11.82878073,25
478,891,132,134.6162162,11.13113201,1
680,891,145,141.4230977,12.32863616,21
684,891,132,139.8482232,12.21068708,18
407,892,181,156.4071856,15.57675449,17
662,892,121,127.1428073,10.84690157,25
85,895,158,150.8939567,13.23366773,-6
393,896,145,143.0461049,12.49604833,30
223,897,149,149.686976,12.9575128,0
513,898,150,149.0662177,13.03614686,4
362,899,137,136.1409266,13.05230734,24
470,901,134,128.9831844,11.04198697,10
474,901,115,128.0783875,9.993264745,2
645,901,165,144.8565084,12.42341305,19
29,902,109,152.5630281,12.54418169,8
96,902,151,163.5007496,13.8260468,8
248,902,146,145.9598863,13.12178698,1
267,902,152,152.6960519,13.04170856,8
305,902,154,145.2950474,12.98997345,15
156,904,156,151.4870993,14.28048646,24
237,906,145,138.6553641,12.05199956,2
440,906,135,140.0800395,11.93315336,9
502,908,146,146.8860927,12.50144424,-1
591,908,135,133.0942207,10.80352056,26
248,909,142,145.9598863,13.12178698,1
263,909,138,141.4714202,12.22440919,7
381,909,137,133.1346633,11.5817968,30
563,909,157,152.8030903,13.5358046,8
702,910,123,139.7406699,10.98452428,25
24,911,152,154.3619925,12.14122743,18
318,912,142,146.0843069,12.86701838,17
453,913,136,135.5776993,12.19491558,9
320,914,171,154.1055156,15.44344536,15
103,916,145,155.8267148,12.3746761,2
480,917,147,147.7496439,11.60891923,8
306,921,172,154.1877627,15.75150935,18
453,921,128,135.5776993,12.19491558,9
556,921,152,142.2152847,11.99152638,5
808,921,156,148.3564785,12.0847347,20
145,924,174,149.2709114,14.4985903,20
138,925,170,156.9331976,15.20062974,23
557,929,123,133.4164692,11.77501777,9
161,930,167,164.6705927,12.94125435,30
669,930,168,154.3420411,14.12445141,28
23,931,157,153.0618893,14.41774788,14
826,931,143,141.0436469,12.08379631,24
95,935,145,157.7890625,12.71941108,3
694,936,132,141.2464205,11.63201914,13
186,937,172,159.4518037,15.15766497,11
121,938,148,163.4134955,13.99733103,24
226,938,148,158.4130627,14.21131176,-8
776,939,134,135.3754181,9.687229766,0
98,940,148,156.0903294,12.75455133,9
156,940,162,151.4870993,14.28048646,24
558,941,130,142.004771,11.40661546,6
603,941,124,134.8995357,11.0924358,21
210,943,155,146.3213744,12.49045403,3
327,943,146,142.4539326,12.76870674,14
562,943,152,146.4650073,12.95960657,4
571,943,142,147.063004,11.83610958,16
651,947,143,146.0484689,11.14136702,31
101,949,154,169.8038741,12.94325956,2
396,950,167,142.1334702,14.70209877,25
535,950,156,140.9521853,10.95394701,3
135,952,171,155.7290363,15.85348536,24
339,952,141,139.6171783,12.95794179,15
835,952,140,154.8328321,12.8137994,20
598,955,147,154.2317808,11.91046388,21
675,956,142,143.3512807,11.38810601,29
413,957,171,158.6134715,15.45156933,29
485,957,144,150.6505017,12.40069365,6
580,957,131,140.3149171,11.58190856,8
618,957,136,135.9792403,11.02112814,23
239,959,147,143.7649805,13.2274198,
372,959,143,140.7526602,12.38829208,34
476,960,133,139.2009536,12.12095616,3
822,960,136,142.1102842,11.9294511,24
609,961,135,140.9433962,11.07445489,26
692,961,132,129.5729043,11.351641,25
264,962,165,159.351341,16.0655131,5
11,965,143,138.4541667,12.024105,16
105,966,159,161.3524664,12.00021094,4
604,966,128,140.9186239,11.25432024,22
23,968,155,153.0618893,14.41774788,14
271,969,168,164.1253223,12.39227317,
444,969,142,127.3329601,11.52190075,16
606,971,120,134.6039861,11.17817192,18
560,972,142,148.804205,12.04383926,17
588,972,142,143.8118514,12.50280721,16
385,973,136,148.2893543,14.19464921,23
281,974,121,126.4245283,10.94288724,11
535,974,156,140.9521853,10.95394701,3
145,975,167,149.2709114,14.4985903,20
203,975,155,159.1853699,14.60824272,1
419,975,138,133.3709199,12.714673,21
239,977,156,143.7649805,13.2274198,
228,979,158,160.7869885,13.43828248,-13
509,979,154,159.5567686,12.79447331,2
648,981,123,124.3860252,10.98772784,22
301,982,136,141.4507175,11.53964017,16
263,983,137,141.4714202,12.22440919,7
27,984,147,142.3197851,12.18187442,21
206,984,153,152.0646617,12.47342941,2
200,986,156,159.723779,13.1166,5
210,991,145,146.3213744,12.49045403,3
283,991,167,156.2475655,15.77736404,4
576,991,139,147.4588071,11.56513179,14
596,992,145,147.7573681,11.60783605,35
661,994,125,134.175117,10.73866661,24
328,995,159,155.2241379,14.00807055,15
306,996,176,154.1877627,15.75150935,18
307,997,140,143.5063902,12.4572761,24
407,997,173,156.4071856,15.57675449,17
538,997,151,153.9642737,11.98583588,0
324,998,180,172.8857715,16.40391944,21
567,999,144,140.1416838,12.12138577,5
31,1000,160,156.5321285,12.36776024,6
61,1000,168,165.848329,15.05960823,6
256,1000,134,140.150771,12.70206,-4
359,1000,145,144.0622407,12.13536281,28
644,1002,138,134.0286275,11.46109976,26
354,1003,153,155.9744501,14.66009376,24
396,1007,167,142.1334702,14.70209877,25
462,1007,133,137.5573277,12.08770637,4
32,1008,154,154.3617443,11.45392983,2
159,1008,137,148.991606,12.91908798,20
671,1008,125,132.0570583,11.17135841,22
186,1009,174,159.4518037,15.15766497,11
90,1011,147,151.6328125,11.6968875,2
136,1011,144,136.8065476,11.92417143,23
293,1011,155,154.1002132,12.77916716,21
398,1011,152,151.7238112,12.16203495,23
544,1014,150,145.5403138,12.65257103,10
660,1015,140,151.977494,13.65589691,23
243,1016,159,151.7248996,13.3635759,-6
327,1016,112,142.4539326,12.76870674,14
453,1016,132,135.5776993,12.19491558,9
257,1020,144,147.5862228,12.0639828,-1
258,1020,132,142.3249391,12.95713501,0
669,1020,170,154.3420411,14.12445141,28
212,1022,165,154.0117754,13.01687772,3
235,1024,168,162.9964758,15.58666385,4
381,1024,143,133.1346633,11.5817968,30
535,1024,126,140.9521853,10.95394701,3
719,1024,159,155.1047516,12.92465054,11
499,1026,142,144.4975978,12.4185558,-2
577,1026,142,148.7532051,12.548362,9
595,1026,143,148.6330325,12.38963134,15
711,1026,138,149.8503903,12.79303556,15
615,1027,161,141.8532533,11.53285722,21
708,1027,138,138.7173469,11.70572557,6
145,1028,143,149.2709114,14.4985903,20
594,1028,148,150.4772932,11.49328746,19
632,1028,149,159.4849878,12.54627363,33
66,1029,154,151.6160584,13.02983737,1
707,1029,124,137.8327039,11.3032142,12
381,1030,134,133.1346633,11.5817968,30
109,1032,161,156.8921371,12.33787658,18
547,1033,138,160.2321083,11.88356867,6
137,1034,167,165.3229833,13.99224219,27
419,1034,150,133.3709199,12.714673,21
589,1035,136,140.4366293,11.20080284,23
563,1036,155,152.8030903,13.5358046,8
52,1037,146,152.2789116,13.79562041,2
336,1038,142,138.2307692,12.29114446,25
257,1039,135,147.5862228,12.0639828,-1
362,1039,148,136.1409266,13.05230734,24
258,1041,132,142.3249391,12.95713501,0
633,1041,132,149.6162676,13.09309408,24
488,1042,108,152.340274,12.82628121,-1
216,1045,164,165.2325777,14.91045945,10
10,1046,174,165.4359465,16.41009407,15
188,1046,160,159.9779099,15.06375379,10
319,1047,115,139.4069952,12.14284781,17
559,1047,155,151.0621741,12.40170968,12
210,1050,152,146.3213744,12.49045403,3
302,1051,133,146.9779769,12.84908264,10
582,1053,130,141.53125,11.93411586,14
226,1054,155,158.4130627,14.21131176,-8
327,1054,142,142.4539326,12.76870674,14
457,1054,119,137.3216208,11.62555442,5
45,1057,154,153.4091125,12.49329853,5
642,1057,142,150.8884688,11.999831,23
36,1058,143,149.4401089,13.80828675,5
117,1058,160,160.077783,13.62924117,14
49,1061,175,167.9284369,16.93899661,4
234,1061,163,158.9641834,14.5399255,9
43,1062,152,154.2322893,12.37423998,4
442,1062,156,153.0657954,13.60284254,17
571,1063,134,147.063004,11.83610958,16
244,1064,146,150.1240135,13.03189448,0
484,1064,137,135.808958,11.43509726,5
23,1065,159,153.0618893,14.41774788,14
203,1065,163,159.1853699,14.60824272,1
347,1066,155,149.8834356,13.43652831,25
96,1067,166,163.5007496,13.8260468,8
182,1067,171,165.8900826,14.88449752,14
571,1067,137,147.063004,11.83610958,16
33,1068,177,171.3216561,14.32524459,4
387,1069,136,136.7578046,12.10413353,29
640,1069,137,146.7283455,12.12308369,27
560,1070,142,148.804205,12.04383926,17
473,1071,179,168.0774254,16.9158694,2
94,1072,162,158.6023529,13.83798155,7
185,1072,167,164.4760746,14.23734068,9
572,1072,148,139.7391823,11.65189091,10
583,1072,150,150.2539219,12.86167968,23
769,1072,125,130.3586767,11.30669739,0
826,1072,147,141.0436469,12.08379631,24
320,1073,174,154.1055156,15.44344536,15
535,1073,153,140.9521853,10.95394701,3
686,1074,151,143.1550305,12.26827182,15
306,1075,171,154.1877627,15.75150935,18
396,1076,148,142.1334702,14.70209877,25
471,1076,165,149.5601323,12.30951238,6
581,1077,145,141.8521303,12.46778256,9
622,1077,164,155.4139665,11.09991419,28
45,1078,150,153.4091125,12.49329853,5
178,1079,156,158.8602251,14.00897399,17
575,1079,155,154.5339196,11.58307688,8
562,1081,143,146.4650073,12.95960657,4
472,1084,160,161.2582057,12.87400175,6
289,1085,143,143.3810538,12.60505609,23
591,1085,138,133.0942207,10.80352056,26
6,1086,167,144.8876781,14.83615977,18
352,1086,176,165.2861086,16.64861564,21
667,1088,139,148.4574326,12.18129512,27
684,1088,134,139.8482232,12.21068708,18
186,1089,173,159.4518037,15.15766497,11
444,1089,138,127.3329601,11.52190075,16
454,1089,156,144.9427046,11.92273943,3
665,1089,136,143.5741643,12.3166114,24
431,1090,121,129.8381743,10.48406426,16
496,1091,163,155.1664342,13.77065774,-1
557,1091,158,133.4164692,11.77501777,9
678,1092,134,139.8629168,11.78029613,16
569,1093,136,133.8945445,11.25614471,8
213,1095,141,147.4979339,11.75777256,9
106,1096,166,165.5716895,12.14332603,3
156,1099,160,151.4870993,14.28048646,24
241,1100,165,162.3443332,12.76949372,1
702,1100,124,139.7406699,10.98452428,25
485,1101,144,150.6505017,12.40069365,6
608,1101,129,133.2935022,10.9897652,21
63,1102,165,154.2356784,12.5771192,-6
502,1102,144,146.8860927,12.50144424,-1
566,1102,150,147.3796664,12.86458501,16
310,1106,126,131.5135422,11.3657009,21
349,1106,127,137.3125972,12.77072926,19
576,1106,157,147.4588071,11.56513179,14
249,1109,149,147.6396166,12.12632741,-1
338,1109,124,139.7032622,11.93398419,14
419,1111,146,133.3709199,12.714673,21
394,1113,129,131.0369108,12.39664191,25
713,1113,134,138.3207237,11.31661761,8
780,1114,148,147.4907621,9.91761963,-7
220,1116,154,146.5896657,13.04444446,1
439,1116,152,134.8931465,11.3505249,8
248,1117,126,145.9598863,13.12178698,1
506,1118,133,147.2384519,11.76096629,2
668,1118,135,137.2118708,10.77554245,29
103,1119,153,155.8267148,12.3746761,2
140,1119,153,149.2883379,12.4245157,21
584,1119,139,135.7148453,11.9700973,19
381,1120,149,133.1346633,11.5817968,30
763,1120,134,141.7130435,11.87127384,1
580,1121,139,140.3149171,11.58190856,8
792,1121,141,144.8352043,11.78911978,20
704,1122,149,140.293653,12.06206525,20
225,1123,152,158.6851595,14.08235784,-5
36,1124,132,149.4401089,13.80828675,5
485,1124,134,150.6505017,12.40069365,6
562,1124,102,146.4650073,12.95960657,4
245,1127,169,167.9338061,14.04126525,-3
591,1127,122,133.0942207,10.80352056,26
444,1130,124,127.3329601,11.52190075,16
513,1130,137,149.0662177,13.03614686,4
219,1131,150,154.497555,13.23984279,0
585,1131,132,138.4226295,11.67174989,15
71,1132,154,158.3722067,12.47578994,-8
44,1134,153,156.3614953,14.42921688,7
421,1134,128,130.8985788,11.14819767,22
437,1134,112,122.7234957,10.68763958,11
105,1135,161,161.3524664,12.00021094,4
261,1136,170,162.8026549,15.77974938,4
722,1136,149,143.6810176,12.6176407,21
248,1137,83,145.9598863,13.12178698,1
209,1138,161,154.1025595,12.07064157,0
470,1138,122,128.9831844,11.04198697,10
377,1139,127,136.8225299,11.53318565,24
670,1139,171,146.1532928,13.29324604,25
579,1140,148,152.9274599,13.58003819,15
258,1145,137,142.3249391,12.95713501,0
613,1145,143,140.6692876,11.38949786,19
190,1146,168,165.1070597,14.18910535,0
210,1146,151,146.3213744,12.49045403,3
614,1146,135,136.1401548,11.66404127,21
396,1147,168,142.1334702,14.70209877,25
255,1151,168,165.6633958,11.98050231,0
306,1151,170,154.1877627,15.75150935,18
383,1152,150,145.4414081,13.67306975,30
339,1153,145,139.6171783,12.95794179,15
76,1154,174,168.3818182,15.58146701,9
99,1154,149,156.295082,13.13780462,2
145,1154,141,149.2709114,14.4985903,20
308,1154,136,144.3101737,12.60303292,8
480,1156,139,147.7496439,11.60891923,8
573,1156,144,152.611755,12.40211712,26
522,1157,153,141.2027266,11.63644116,0
407,1158,170,156.4071856,15.57675449,17
677,1159,170,160.3102482,14.35365755,16
713,1160,106,138.3207237,11.31661761,8
186,1163,178,159.4518037,15.15766497,11
306,1163,178,154.1877627,15.75150935,18
784,1163,153,149.6263323,12.60163411,8
753,1164,135,141.4077817,11.09317262,-1
658,1165,132,140.3690023,11.58462727,26
594,1168,164,150.4772932,11.49328746,19
458,1169,161,163.0935987,9.454793552,-5
357,1171,167,152.4189935,13.0507545,26
454,1172,159,144.9427046,11.92273943,3
779,1172,123,134.8043947,10.76938526,-4
114,1173,184,167.6388416,15.09870358,13
235,1173,171,162.9964758,15.58666385,4
61,1174,170,165.848329,15.05960823,6
240,1175,171,163.9232082,15.26205563,
511,1175,141,148.0454387,12.68964676,5
398,1176,145,151.7238112,12.16203495,23
611,1176,135,139.5548545,11.06759033,31
264,1179,166,159.351341,16.0655131,5
120,1181,178,160.6370848,14.20895548,20
340,1181,150,151.2438725,13.55095486,16
817,1181,135,136.4993987,11.22162862,7
17,1182,132,135.2583047,10.10541781,17
417,1182,148,136.3214719,12.10536233,20
753,1182,124,141.4077817,11.09317262,-1
785,1182,138,145.611138,11.77943535,3
424,1183,137,133.2035637,11.91873469,22
95,1184,154,157.7890625,12.71941108,3
275,1184,139,140.5686783,11.93234551,5
668,1185,128,137.2118708,10.77554245,29
84,1186,150,154.0247295,13.88771499,0
574,1186,133,136.1698915,11.47560906,17
654,1186,132,143.2450871,11.95366601,23
188,1188,164,159.9779099,15.06375379,10
485,1189,158,150.6505017,12.40069365,6
142,1190,170,163.4546314,16.73681813,21
318,1192,131,146.0843069,12.86701838,17
346,1192,164,152.111976,13.12989136,20
350,1192,139,134.3880699,12.08442408,25
17,1194,139,135.2583047,10.10541781,17
382,1195,162,151.6675138,14.59635934,23
563,1195,145,152.8030903,13.5358046,8
16,1196,131,143.0171329,12.58336786,23
119,1196,172,162.357193,13.63178779,16
669,1196,167,154.3420411,14.12445141,28
607,1197,129,138.6397466,11.31168527,21
639,1197,144,141.5268435,11.34375738,25
638,1198,134,133.9193217,12.06376095,26
770,1198,148,148.2014828,11.51102663,-1
66,1200,154,151.6160584,13.02983737,1
290,1202,158,154.6904594,11.93482177,9
582,1202,136,141.53125,11.93411586,14
690,1202,129,140.9237231,11.80258488,19
525,1206,136,136.505753,11.83179622,-4
484,1207,142,135.808958,11.43509726,5
628,1209,124,134.6153846,10.99814806,24
644,1209,137,134.0286275,11.46109976,26
718,1210,170,159.2452147,12.76084159,9
561,1211,140,148.3965368,12.80891065,6
339,1212,138,139.6171783,12.95794179,15
509,1212,165,159.5567686,12.79447331,2
530,1212,149,142.1497076,11.77965333,-2
532,1214,172,159.0066086,12.30621232,-2
774,1214,152,140.6763314,11.35619574,0
128,1216,168,166.6530899,13.02963876,32
135,1217,173,155.7290363,15.85348536,24
506,1218,132,147.2384519,11.76096629,2
372,1219,156,140.7526602,12.38829208,34
493,1220,136,145.5803903,11.84704294,3
600,1220,158,154.9724016,11.98896098,16
737,1220,157,153.8271908,11.9531027,-1
216,1222,169,165.2325777,14.91045945,10
248,1222,137,145.9598863,13.12178698,1
322,1222,141,144.7227969,12.52358974,27
397,1222,152,149.9138269,14.69701058,22
678,1222,132,139.8629168,11.78029613,16
586,1223,126,136.4125619,11.65649789,12
648,1223,120,124.3860252,10.98772784,22
671,1224,141,132.0570583,11.17135841,22
17,1225,130,135.2583047,10.10541781,17
237,1225,141,138.6553641,12.05199956,2
95,1230,168,157.7890625,12.71941108,3
306,1230,172,154.1877627,15.75150935,18
304,1231,168,165.3728949,15.38680417,10
196,1232,177,170.1917695,13.62862829,0
486,1232,129,145.8768376,12.18002195,14
219,1233,160,154.497555,13.23984279,0
203,1234,159,159.1853699,14.60824272,1
320,1234,175,154.1055156,15.44344536,15
696,1234,139,147.1171623,12.32862888,10
318,1235,125,146.0843069,12.86701838,17
701,1235,142,139.4565842,11.64809701,15
70,1236,151,154.745886,13.25632251,-1
449,1236,155,147.0018645,12.62140087,15
688,1236,153,148.2147947,11.53261943,17
315,1237,178,173.6533828,16.64080816,24
387,1237,134,136.7578046,12.10413353,29
185,1238,174,164.4760746,14.23734068,9
359,1238,150,144.0622407,12.13536281,28
713,1240,130,138.3207237,11.31661761,8
55,1241,165,159.77159,14.47314479,17
565,1241,144,143.8994073,12.31715324,16
155,1242,161,158.3825257,14.49656564,24
260,1242,166,152.1223502,12.73178309,3
581,1242,149,141.8521303,12.46778256,9
583,1242,125,150.2539219,12.86167968,23
182,1244,176,165.8900826,14.88449752,14
606,1244,123,134.6039861,11.17817192,18
180,1247,153,157.0405503,13.05411875,10
226,1247,167,158.4130627,14.21131176,-8
343,1247,132,136.7149497,11.7593512,15
733,1247,152,152.9987088,12.40384764,8
23,1248,160,153.0618893,14.41774788,14
820,1248,132,142.6821809,11.93404661,12
304,1249,166,165.3728949,15.38680417,10
396,1249,169,142.1334702,14.70209877,25
639,1250,130,141.5268435,11.34375738,25
141,1251,168,160.4556213,14.40799349,22
178,1251,157,158.8602251,14.00897399,17
461,1251,130,141.7818182,11.67475304,1
561,1251,135,148.3965368,12.80891065,6
84,1252,146,154.0247295,13.88771499,0
191,1252,149,152.7274011,12.6548161,2
613,1253,137,140.6692876,11.38949786,19
653,1253,142,139.5637229,12.02216288,23
512,1256,159,156.1885914,13.47361048,12
243,1258,165,151.7248996,13.3635759,-6
821,1258,140,138.7921609,11.80433966,14
45,1259,164,153.4091125,12.49329853,5
680,1260,148,141.4230977,12.32863616,21
607,1263,128,138.6397466,11.31168527,21
21,1264,141,134.9046653,12.52254888,24
270,1264,174,167.7809446,14.48968734,
266,1265,170,155.1522601,14.23370626,6
156,1267,168,151.4870993,14.28048646,24
210,1267,152,146.3213744,12.49045403,3
96,1268,153,163.5007496,13.8260468,8
246,1268,166,158.7899878,14.08207326,0
684,1269,92,139.8482232,12.21068708,18
29,1270,124,152.5630281,12.54418169,8
555,1270,137,144.8224058,12.46288405,10
566,1271,143,147.3796664,12.86458501,16
424,1272,126,133.2035637,11.91873469,22
57,1273,128,143.8517499,12.73277814,0
28,1275,159,152.5938117,14.02277972,12
772,1275,167,159.2233989,12.89047388,0
609,1276,135,140.9433962,11.07445489,26
723,1276,142,145.0860821,11.64771456,21
605,1278,139,142.2888889,12.20021799,16
620,1280,175,163.6454821,13.72806381,32
102,1284,168,157.531537,14.04196424,3
209,1286,154,154.1025595,12.07064157,0
282,1287,156,146.4289793,13.58297239,14
589,1287,137,140.4366293,11.20080284,23
448,1289,119,131.3169919,11.41928567,8
718,1290,162,159.2452147,12.76084159,9
287,1291,148,142.0402145,13.38914316,12
310,1291,128,131.5135422,11.3657009,21
245,1292,165,167.9338061,14.04126525,-3
255,1292,167,165.6633958,11.98050231,0
283,1293,167,156.2475655,15.77736404,4
672,1293,132,142.270775,11.58851653,22
692,1293,129,129.5729043,11.351641,25
757,1293,143,143.7619048,11.47516384,2
145,1294,168,149.2709114,14.4985903,20
172,1294,169,155.8322034,13.4239973,16
449,1294,139,147.0018645,12.62140087,15
763,1294,140,141.7130435,11.87127384,1
122,1295,169,164.7571885,13.2009634,34
787,1295,173,155.0846012,13.34102241,10
601,1296,149,151.5185766,12.03512281,24
190,1298,180,165.1070597,14.18910535,0
332,1298,154,150.7260222,13.34014941,18
484,1298,130,135.808958,11.43509726,5
444,1299,123,127.3329601,11.52190075,16
706,1299,132,138.0301825,11.37442695,13
776,1299,116,135.3754181,9.687229766,0
381,1301,131,133.1346633,11.5817968,30
835,1301,152,154.8328321,12.8137994,20
619,1302,136,139.8797771,10.99316375,25
138,1303,175,156.9331976,15.20062974,23
779,1306,170,134.8043947,10.76938526,-4
147,1307,176,168.9962121,14.63450568,30
57,1308,136,143.8517499,12.73277814,0
292,1308,151,145.2756233,13.42369343,24
306,1308,170,154.1877627,15.75150935,18
504,1308,134,137.494998,11.55778199,0
669,1308,170,154.3420411,14.12445141,28
45,1309,160,153.4091125,12.49329853,5
156,1310,158,151.4870993,14.28048646,24
560,1310,147,148.804205,12.04383926,17
396,1311,167,142.1334702,14.70209877,25
407,1312,170,156.4071856,15.57675449,17
576,1316,150,147.4588071,11.56513179,14
1,1318,156,145.8283465,13.56301134,
381,1318,132,133.1346633,11.5817968,30
594,1319,159,150.4772932,11.49328746,19
278,1320,138,141.5782774,12.85951008,5
326,1320,158,152.5339151,12.86466709,19
637,1320,151,140.8169811,11.06175849,34
165,1321,163,147.4274648,13.69418213,19
350,1321,133,134.3880699,12.08442408,25
384,1321,146,141.9528411,13.3879213,26
597,1321,146,147.3165171,12.2914424,25
6,1322,165,144.8876781,14.83615977,18
708,1324,136,138.7173469,11.70572557,6
175,1325,160,148.86,13.49623862,17
636,1327,121,137.8762353,11.6657568,21
628,1329,136,134.6153846,10.99814806,24
506,1330,132,147.2384519,11.76096629,2
579,1330,153,152.9274599,13.58003819,15
595,1330,143,148.6330325,12.38963134,15
130,1331,168,162.3972795,13.86289081,26
448,1331,124,131.3169919,11.41928567,8
307,1332,122,143.5063902,12.4572761,24
682,1332,150,144.9135063,11.54548503,18
456,1333,133,145.5489596,11.80942215,8
168,1334,155,151.2732278,13.54063317,25
412,1335,146,144.6958002,13.07706943,28
571,1335,144,147.063004,11.83610958,16
341,1336,155,150.940133,13.51946608,15
350,1337,138,134.3880699,12.08442408,25
396,1337,140,142.1334702,14.70209877,25
96,1338,160,163.5007496,13.8260468,8
356,1338,137,149.4066038,14.5269583,24
256,1339,129,140.150771,12.70206,-4
465,1340,120,132.7483547,11.49108041,3
6,1342,129,144.8876781,14.83615977,18
110,1343,160,156.9107143,14.20249176,16
296,1347,153,151.6664204,13.10634239,14
662,1347,125,127.1428073,10.84690157,25
292,1348,143,145.2756233,13.42369343,24
556,1348,127,142.2152847,11.99152638,5
51,1349,139,149.4088617,12.88471643,14
131,1349,157,153.9189679,13.15786673,27
563,1349,150,152.8030903,13.5358046,8
640,1349,139,146.7283455,12.12308369,27
719,1349,139,155.1047516,12.92465054,11
675,1350,141,143.3512807,11.38810601,29
807,1350,138,144.3365931,12.68920505,3
19,1352,122,147.1717105,11.82261848,14
150,1352,151,145.2134213,12.81181611,28
248,1352,117,145.9598863,13.12178698,1
257,1352,150,147.5862228,12.0639828,-1
312,1353,142,136.8146311,11.85785319,27
585,1353,134,138.4226295,11.67174989,15
92,1355,156,155.2954823,12.98193407,1
99,1355,152,156.295082,13.13780462,2
414,1355,134,137.0905365,12.99864268,21
559,1356,147,151.0621741,12.40170968,12
578,1356,139,146.1303754,11.7712854,7
341,1357,149,150.940133,13.51946608,15
406,1357,154,151.2854197,13.47094744,26
141,1360,170,160.4556213,14.40799349,22
591,1360,137,133.0942207,10.80352056,26
281,1361,123,126.4245283,10.94288724,11
303,1361,156,149.6460797,12.66235112,10
155,1362,163,158.3825257,14.49656564,24
298,1362,154,147.4982771,13.43258746,8
276,1364,144,144.846901,12.84752081,9
453,1366,133,135.5776993,12.19491558,9
603,1366,129,134.8995357,11.0924358,21
231,1368,160,152.8774617,13.56997287,-12
111,1371,162,164.2467153,13.16230161,7
236,1371,159,151.2514286,13.91136136,3
655,1374,139,137.9701428,11.2655031,25
719,1375,152,155.1047516,12.92465054,11
480,1376,117,147.7496439,11.60891923,8
256,1377,134,140.150771,12.70206,-4
287,1377,150,142.0402145,13.38914316,12
376,1377,130,129.845187,12.0217684,21
683,1378,135,142.2087576,11.9734306,18
686,1378,141,143.1550305,12.26827182,15
413,1379,172,158.6134715,15.45156933,29
585,1379,128,138.4226295,11.67174989,15
825,1379,135,151.7671233,11.18817722,13
180,1380,160,157.0405503,13.05411875,10
585,1380,122,138.4226295,11.67174989,15
127,1381,175,160.5408163,14.31782449,20
135,1381,173,155.7290363,15.85348536,24
275,1381,145,140.5686783,11.93234551,5
163,1382,159,161.2394708,14.59632149,21
144,1383,173,154.9451567,13.99220513,24
306,1383,172,154.1877627,15.75150935,18
461,1383,129,141.7818182,11.67475304,1
502,1383,147,146.8860927,12.50144424,-1
290,1384,146,154.6904594,11.93482177,9
409,1384,136,137.4721323,12.41955081,19
248,1387,138,145.9598863,13.12178698,1
395,1388,143,139.4363434,12.67752791,22
311,1389,162,153.5604808,14.03154013,10
256,1390,129,140.150771,12.70206,-4
710,1390,136,139.8891844,11.91775053,11
622,1391,157,155.4139665,11.09991419,28
364,1392,148,140.9175695,14.18609612,21
282,1394,151,146.4289793,13.58297239,14
640,1395,135,146.7283455,12.12308369,27
743,1395,152,154.1082949,12.4796703,2
584,1396,130,135.7148453,11.9700973,19
689,1396,138,144.0797571,11.52142543,19
320,1397,174,154.1055156,15.44344536,15
381,1397,122,133.1346633,11.5817968,30
356,1398,108,149.4066038,14.5269583,24
66,1399,160,151.6160584,13.02983737,1
572,1399,150,139.7391823,11.65189091,10
509,1400,170,159.5567686,12.79447331,2
161,1401,174,164.6705927,12.94125435,30
237,1401,145,138.6553641,12.05199956,2
285,1401,143,139.1203501,12.60415667,10
583,1401,148,150.2539219,12.86167968,23
455,1402,142,149.2405154,12.97530064,-2
444,1403,121,127.3329601,11.52190075,16
497,1405,153,162.7599289,14.98121181,1
790,1405,135,144.8881154,12.26387529,0
430,1406,136,133.4275643,12.15925569,13
669,1406,169,154.3420411,14.12445141,28
328,1407,164,155.2241379,14.00807055,15
389,1407,139,141.4928297,12.06581364,23
585,1407,114,138.4226295,11.67174989,15
144,1408,170,154.9451567,13.99220513,24
7,1409,152,144.5255319,13.4471183,17
89,1409,141,154.0408822,12.72914879,7
624,1409,145,137.5638186,11.45548291,26
264,1410,166,159.351341,16.0655131,5
292,1411,154,145.2756233,13.42369343,24
95,1412,165,157.7890625,12.71941108,3
745,1412,136,142.3355177,11.30020813,5
115,1413,155,155.465225,12.2393317,25
741,1413,155,149.398017,12.41116294,5
290,1415,158,154.6904594,11.93482177,9
675,1416,135,143.3512807,11.38810601,29
243,1417,155,151.7248996,13.3635759,-6
364,1417,137,140.9175695,14.18609612,21
443,1417,125,133.1828645,11.33681893,11
828,1418,146,146.9105004,12.57369894,13
165,1420,165,147.4274648,13.69418213,19
339,1420,143,139.6171783,12.95794179,15
707,1420,127,137.8327039,11.3032142,12
800,1422,151,153.1344095,12.84634902,16
248,1423,126,145.9598863,13.12178698,1
570,1423,139,136.3950348,11.05964758,15
817,1423,130,136.4993987,11.22162862,7
191,1424,158,152.7274011,12.6548161,2
554,1424,131,134.6983169,11.59079733,11
168,1425,153,151.2732278,13.54063317,25
282,1425,146,146.4289793,13.58297239,14
776,1425,115,135.3754181,9.687229766,0
119,1428,171,162.357193,13.63178779,16
566,1428,154,147.3796664,12.86458501,16
716,1428,156,152.4681596,12.10371645,8
402,1429,147,150.1008111,14.19662086,21
609,1429,130,140.9433962,11.07445489,26
396,1430,166,142.1334702,14.70209877,25
697,1430,147,147.764148,12.20242137,16
561,1431,143,148.3965368,12.80891065,6
35,1433,133,141.7006481,12.15138275,6
490,1433,151,151.4542564,12.62012109,8
298,1434,155,147.4982771,13.43258746,8
255,1435,166,165.6633958,11.98050231,0
606,1435,127,134.6039861,11.17817192,18
350,1436,139,134.3880699,12.08442408,25
424,1436,133,133.2035637,11.91873469,22
254,1437,165,159.852289,12.26502353,-8
291,1437,163,165.6520651,13.22159099,22
243,1438,157,151.7248996,13.3635759,-6
171,1440,148,141.1032468,12.69442753,20
755,1441,137,143.8334201,12.32377449,2
91,1442,156,159.5377558,12.40552632,-1
381,1442,131,133.1346633,11.5817968,30
231,1443,136,152.8774617,13.56997287,-12
193,1445,159,161.2054846,12.37472425,2
291,1445,159,165.6520651,13.22159099,22
339,1445,117,139.6171783,12.95794179,15
359,1447,143,144.0622407,12.13536281,28
792,1447,127,144.8352043,11.78911978,20
506,1448,135,147.2384519,11.76096629,2
310,1449,131,131.5135422,11.3657009,21
322,1449,99,144.7227969,12.52358974,27
803,1450,132,135.4876777,10.88275905,11
175,1451,166,148.86,13.49623862,17
807,1452,118,144.3365931,12.68920505,3
292,1454,145,145.2756233,13.42369343,24
45,1455,151,153.4091125,12.49329853,5
71,1455,167,158.3722067,12.47578994,-8
168,1455,148,151.2732278,13.54063317,25
593,1456,140,139.5662898,11.85406865,19
750,1457,135,146.7084779,11.38021398,12
438,1458,131,142.9070175,14.10274412,16
298,1460,145,147.4982771,13.43258746,8
831,1461,142,143.3188406,11.41569012,18
306,1462,167,154.1877627,15.75150935,18
572,1462,142,139.7391823,11.65189091,10
281,1465,136,126.4245283,10.94288724,11
321,1465,127,137.5649251,12.05732392,17
431,1465,115,129.8381743,10.48406426,16
578,1466,154,146.1303754,11.7712854,7
129,1467,164,156.5294118,12.28740477,34
359,1467,122,144.0622407,12.13536281,28
392,1467,147,152.5569704,12.60016104,25
702,1467,140,139.7406699,10.98452428,25
148,1468,165,149.2040956,13.4606015,24
159,1469,150,148.991606,12.91908798,20
237,1469,154,138.6553641,12.05199956,2
307,1469,143,143.5063902,12.4572761,24
310,1469,131,131.5135422,11.3657009,21
596,1469,163,147.7573681,11.60783605,35
407,1470,171,156.4071856,15.57675449,17
148,1473,148,149.2040956,13.4606015,24
691,1473,146,154.3849733,13.05931359,21
123,1475,138,143.6781726,12.0574571,22
671,1475,133,132.0570583,11.17135841,22
296,1476,137,151.6664204,13.10634239,14
449,1479,165,147.0018645,12.62140087,15
567,1479,132,140.1416838,12.12138577,5
651,1479,149,146.0484689,11.14136702,31
373,1480,136,132.5454545,12.06299561,28
337,1481,154,148.3453423,12.99541862,22
778,1482,157,161.2481457,13.1992143,-9
803,1482,128,135.4876777,10.88275905,11
359,1483,147,144.0622407,12.13536281,28
575,1483,150,154.5339196,11.58307688,8
511,1484,91,148.0454387,12.68964676,5
706,1489,132,138.0301825,11.37442695,13
347,1491,77,149.8834356,13.43652831,25
444,1492,124,127.3329601,11.52190075,16
287,1493,152,142.0402145,13.38914316,12
287,1494,142,142.0402145,13.38914316,12
224,1496,160,162.8968354,12.3825441,-3
272,1497,138,141.2669718,12.93716407,14
484,1497,135,135.808958,11.43509726,5
712,1497,136,141.8499096,11.43291377,7
664,1499,141,139.7860418,11.2361135,28
243,1500,150,151.7248996,13.3635759,-6
648,1500,131,124.3860252,10.98772784,22
107,1501,174,163.4945726,12.97775593,9
437,1501,118,122.7234957,10.68763958,11
720,1501,165,163.2158365,12.42664138,13
557,1504,123,133.4164692,11.77501777,9
577,1504,149,148.7532051,12.548362,9
156,1505,145,151.4870993,14.28048646,24
310,1506,104,131.5135422,11.3657009,21
655,1506,142,137.9701428,11.2655031,25
171,1507,154,141.1032468,12.69442753,20
252,1507,140,142.3891695,12.61661597,-4
797,1507,174,147.2979777,12.02068675,5
341,1508,132,150.940133,13.51946608,15
394,1508,140,131.0369108,12.39664191,25
586,1508,135,136.4125619,11.65649789,12
682,1508,147,144.9135063,11.54548503,18
748,1509,139,150.2074468,12.52447755,6
825,1509,141,151.7671233,11.18817722,13
87,1510,148,150.8888154,11.98197697,10
597,1510,144,147.3165171,12.2914424,25
620,1510,163,163.6454821,13.72806381,32
310,1511,142,131.5135422,11.3657009,21
680,1511,138,141.4230977,12.32863616,21
829,1511,136,138.7577065,11.68778841,10
574,1512,128,136.1698915,11.47560906,17
208,1513,158,156.0059484,13.01731447,0
256,1515,136,140.150771,12.70206,-4
712,1516,103,141.8499096,11.43291377,7
112,1517,161,155.995481,12.89270859,13
480,1518,141,147.7496439,11.60891923,8
809,1518,147,149.6405615,13.34909922,17
233,1520,161,151.3371721,13.25074834,3
236,1520,151,151.2514286,13.91136136,3
242,1520,151,155.4660422,11.70505222,7
412,1520,129,144.6958002,13.07706943,28
819,1521,155,159.3449409,11.83145677,4
831,1521,122,143.3188406,11.41569012,18
243,1522,160,151.7248996,13.3635759,-6
219,1523,160,154.497555,13.23984279,0
558,1524,142,142.004771,11.40661546,6
579,1524,156,152.9274599,13.58003819,15
249,1525,147,147.6396166,12.12632741,-1
597,1526,136,147.3165171,12.2914424,25
601,1526,150,151.5185766,12.03512281,24
135,1527,124,155.7290363,15.85348536,24
684,1528,134,139.8482232,12.21068708,18
28,1529,144,152.5938117,14.02277972,12
290,1530,134,154.6904594,11.93482177,9
45,1531,153,153.4091125,12.49329853,5
620,1532,168,163.6454821,13.72806381,32
116,1534,155,157.2700587,13.2847773,15
499,1534,153,144.4975978,12.4185558,-2
688,1534,144,148.2147947,11.53261943,17
60,1535,149,148.1702606,13.32267493,3
139,1535,149,144.840143,11.86575628,26
177,1535,140,159.6361474,13.77307776,12
585,1535,133,138.4226295,11.67174989,15
788,1535,150,154.0656852,13.69744417,5
561,1536,137,148.3965368,12.80891065,6
562,1536,143,146.4650073,12.95960657,4
306,1537,170,154.1877627,15.75150935,18
616,1537,133,135.8327957,11.24920258,20
605,1538,139,142.2888889,12.20021799,16
573,1539,151,152.611755,12.40211712,26
223,1540,133,149.686976,12.9575128,0
568,1541,132,136.1166961,11.33732169,11
581,1543,144,141.8521303,12.46778256,9
90,1544,169,151.6328125,11.6968875,2
511,1544,139,148.0454387,12.68964676,5
355,1545,142,135.5260516,12.38773078,26
112,1546,161,155.995481,12.89270859,13
394,1547,133,131.0369108,12.39664191,25
171,1548,152,141.1032468,12.69442753,20
610,1548,144,144.8961749,11.49045653,25
211,1549,147,152.9886493,13.09466901,0
438,1550,167,142.9070175,14.10274412,16
670,1550,150,146.1532928,13.29324604,25
84,1551,155,154.0247295,13.88771499,0
421,1552,138,130.8985788,11.14819767,22
613,1552,126,140.6692876,11.38949786,19
753,1553,148,141.4077817,11.09317262,-1
5,1555,161,158.4160679,13.0988873,
320,1556,173,154.1055156,15.44344536,15
733,1558,160,152.9987088,12.40384764,8
89,1561,134,154.0408822,12.72914879,7
217,1561,152,152.3493906,13.59846407,-4
211,1562,146,152.9886493,13.09466901,0
256,1562,130,140.150771,12.70206,-4
722,1562,151,143.6810176,12.6176407,21
249,1564,156,147.6396166,12.12632741,-1
669,1566,171,154.3420411,14.12445141,28
277,1567,148,144.3463801,13.32328427,14
699,1569,160,149.2358739,11.28956561,14
6,1572,173,144.8876781,14.83615977,18
572,1572,117,139.7391823,11.65189091,10
683,1572,138,142.2087576,11.9734306,18
443,1574,131,133.1828645,11.33681893,11
166,1575,155,150.4239421,13.23684865,20
167,1575,162,158.0290598,13.51426506,26
251,1576,175,159.9406667,11.41667121,-5
809,1576,102,149.6405615,13.34909922,17
77,1577,141,150.9856074,12.59838964,-1
134,1578,156,152.8026735,12.44712914,32
349,1578,144,137.3125972,12.77072926,19
224,1581,177,162.8968354,12.3825441,-3
364,1581,99,140.9175695,14.18609612,21
484,1583,131,135.808958,11.43509726,5
789,1584,156,155.7987382,12.25068871,12
588,1586,142,143.8118514,12.50280721,16
705,1586,148,144.3242718,12.55562097,24
438,1588,172,142.9070175,14.10274412,16
502,1588,147,146.8860927,12.50144424,-1
350,1591,136,134.3880699,12.08442408,25
572,1591,142,139.7391823,11.65189091,10
757,1591,136,143.7619048,11.47516384,2
27,1594,152,142.3197851,12.18187442,21
135,1594,152,155.7290363,15.85348536,24
356,1594,110,149.4066038,14.5269583,24
453,1594,130,135.5776993,12.19491558,9
295,1597,123,132.4790005,10.0733566,11
575,1597,163,154.5339196,11.58307688,8
329,1600,145,138.1370034,12.60700519,14
45,1601,159,153.4091125,12.49329853,5
302,1602,145,146.9779769,12.84908264,10
695,1603,139,146.3031693,12.03821431,12
377,1604,132,136.8225299,11.53318565,24
506,1604,165,147.2384519,11.76096629,2
224,1606,158,162.8968354,12.3825441,-3
306,1606,175,154.1877627,15.75150935,18
825,1606,150,151.7671233,11.18817722,13
223,1608,146,149.686976,12.9575128,0
381,1610,126,133.1346633,11.5817968,30
637,1610,159,140.8169811,11.06175849,34
779,1610,142,134.8043947,10.76938526,-4
43,1611,150,154.2322893,12.37423998,4
229,1612,144,154.4663986,13.24942056,-6
592,1612,134,138.4963156,11.19528687,25
242,1613,155,155.4660422,11.70505222,7
671,1614,130,132.0570583,11.17135841,22
264,1616,166,159.351341,16.0655131,5
407,1616,175,156.4071856,15.57675449,17
560,1617,156,148.804205,12.04383926,17
623,1617,150,139.0111871,11.44366613,30
588,1618,120,143.8118514,12.50280721,16
791,1619,136,142.149707,11.46202888,10
802,1619,134,139.5852824,11.33882533,5
145,1620,150,149.2709114,14.4985903,20
594,1620,157,150.4772932,11.49328746,19
138,1621,173,156.9331976,15.20062974,23
244,1621,152,150.1240135,13.03189448,0
776,1621,110,135.3754181,9.687229766,0
777,1622,162,147.4284826,12.12130647,-13
776,1623,107,135.3754181,9.687229766,0
329,1624,131,138.1370034,12.60700519,14
438,1624,169,142.9070175,14.10274412,16
583,1625,152,150.2539219,12.86167968,23
749,1625,147,144.087469,11.00955931,3
513,1627,147,149.0662177,13.03614686,4
533,1627,132,158.5878824,13.82946587,3
736,1627,171,160.1608911,12.82462408,0
197,1629,162,160.8180272,12.95919866,0
320,1630,177,154.1055156,15.44344536,15
713,1630,135,138.3207237,11.31661761,8
13,1631,73,143.8639944,12.11354875,17
236,1631,156,151.2514286,13.91136136,3
257,1631,147,147.5862228,12.0639828,-1
204,1633,157,162.9767313,12.70579812,11
312,1633,148,136.8146311,11.85785319,27
533,1633,141,158.5878824,13.82946587,3
713,1633,142,138.3207237,11.31661761,8
159,1634,149,148.991606,12.91908798,20
582,1635,142,141.53125,11.93411586,14
429,1636,146,141.8463995,13.40825331,15
757,1636,170,143.7619048,11.47516384,2
657,1638,141,148.8694648,11.7695663,30
784,1639,158,149.6263323,12.60163411,8
243,1642,156,151.7248996,13.3635759,-6
283,1642,166,156.2475655,15.77736404,4
2,1643,166,155.442131,13.04024715,
799,1644,147,157.3251983,10.80830954,11
30,1647,141,148.2611895,12.5410867,5
378,1647,125,132.073571,12.36014669,21
325,1648,150,145.1473936,11.72351957,21
624,1648,144,137.5638186,11.45548291,26
478,1649,118,134.6162162,11.13113201,1
484,1649,123,135.808958,11.43509726,5
569,1651,134,133.8945445,11.25614471,8
631,1651,150,145.8332621,12.42157846,25
309,1652,166,148.4405927,13.29796531,17
379,1652,117,112.8872215,10.26521746,24
355,1655,146,135.5260516,12.38773078,26
669,1656,170,154.3420411,14.12445141,28
200,1658,163,159.723779,13.1166,5
229,1659,154,154.4663986,13.24942056,-6
6,1661,157,144.8876781,14.83615977,18
438,1662,164,142.9070175,14.10274412,16
441,1664,145,138.5281583,12.63057863,11
8,1667,158,152.7655875,14.02158129,20
381,1668,124,133.1346633,11.5817968,30
617,1669,142,148.2345854,11.00028567,30
712,1669,143,141.8499096,11.43291377,7
608,1670,123,133.2935022,10.9897652,21
714,1671,145,152.0839895,12.9531225,3
92,1673,157,155.2954823,12.98193407,1
325,1675,159,145.1473936,11.72351957,21
609,1675,130,140.9433962,11.07445489,26
258,1676,157,142.3249391,12.95713501,0
265,1676,151,149.8431973,14.19612598,4
215,1678,145,151.8104396,12.71019956,4
810,1678,177,156.884677,13.65389664,26
219,1679,162,154.497555,13.23984279,0
366,1680,153,151.6804295,13.28709472,33
414,1680,131,137.0905365,12.99864268,21
535,1680,121,140.9521853,10.95394701,3
614,1680,132,136.1401548,11.66404127,21
823,1680,137,138.5452236,12.08530976,21
177,1682,148,159.6361474,13.77307776,12
568,1683,131,136.1166961,11.33732169,11
186,1684,163,159.4518037,15.15766497,11
16,1686,134,143.0171329,12.58336786,23
236,1686,160,151.2514286,13.91136136,3
446,1686,134,134.9049787,12.17770945,8
452,1686,138,141.8966725,12.71025961,12
554,1686,138,134.6983169,11.59079733,11
586,1686,134,136.4125619,11.65649789,12
587,1686,145,147.4953429,12.59395687,17
663,1686,162,157.7307745,12.37343112,29
754,1689,156,149.1051931,12.64456618,1
390,1691,151,145.4269289,13.96439891,22
284,1692,140,141.7720384,12.86020217,8
672,1694,137,142.270775,11.58851653,22
751,1694,146,155.6283186,13.30936354,0
502,1695,162,146.8860927,12.50144424,-1
620,1695,171,163.6454821,13.72806381,32
776,1695,123,135.3754181,9.687229766,0
391,1696,172,151.6929873,13.66343523,28
586,1696,133,136.4125619,11.65649789,12
431,1697,116,129.8381743,10.48406426,16
438,1698,166,142.9070175,14.10274412,16
497,1699,172,162.7599289,14.98121181,1
239,1701,161,143.7649805,13.2274198,
253,1701,156,155.6612815,12.38155031,-4
753,1702,146,141.4077817,11.09317262,-1
262,1703,147,145.6017108,13.03849751,9
702,1703,116,139.7406699,10.98452428,25
45,1704,155,153.4091125,12.49329853,5
569,1704,132,133.8945445,11.25614471,8
817,1704,111,136.4993987,11.22162862,7
242,1705,161,155.4660422,11.70505222,7
67,1707,154,155.0169122,12.71484255,4
762,1707,147,145.96875,11.34937454,2
187,1709,168,162.845843,13.63758256,13
413,1709,175,158.6134715,15.45156933,29
567,1709,142,140.1416838,12.12138577,5
277,1710,142,144.3463801,13.32328427,14
241,1711,170,162.3443332,12.76949372,1
648,1711,133,124.3860252,10.98772784,22
817,1711,137,136.4993987,11.22162862,7
604,1712,129,140.9186239,11.25432024,22
110,1713,156,156.9107143,14.20249176,16
720,1713,164,163.2158365,12.42664138,13
156,1714,158,151.4870993,14.28048646,24
300,1717,140,146.0566887,11.78774508,13
353,1719,148,134.2844542,11.32606439,22
753,1720,122,141.4077817,11.09317262,-1
281,1721,133,126.4245283,10.94288724,11
89,1723,137,154.0408822,12.72914879,7
566,1723,150,147.3796664,12.86458501,16
700,1723,145,143.8718549,11.36093856,19
626,1724,158,154.7532391,12.24782259,30
295,1726,139,132.4790005,10.0733566,11
630,1726,161,146.3974215,12.85647982,23
193,1727,163,161.2054846,12.37472425,2
217,1727,137,152.3493906,13.59846407,-4
562,1728,143,146.4650073,12.95960657,4
606,1728,128,134.6039861,11.17817192,18
38,1729,155,156.6927587,13.85663536,10
97,1730,149,156.0500272,12.56464013,4
189,1732,169,156.69383,13.87056112,1
747,1732,138,145.3297521,11.97043289,0
229,1733,152,154.4663986,13.24942056,-6
146,1734,149,143.9933628,12.76258142,25
438,1734,169,142.9070175,14.10274412,16
608,1734,119,133.2935022,10.9897652,21
624,1734,138,137.5638186,11.45548291,26
579,1735,155,152.9274599,13.58003819,15
499,1736,131,144.4975978,12.4185558,-2
430,1738,122,133.4275643,12.15925569,13
492,1738,139,151.0400209,12.85785341,1
85,1739,156,150.8939567,13.23366773,-6
758,1740,141,131.2171166,11.26230121,2
767,1740,154,138.8564488,11.83420813,3
829,1743,130,138.7577065,11.68778841,10
218,1744,170,163.6212858,12.78503533,-5
411,1744,140,126.723487,12.11841755,20
616,1744,124,135.8327957,11.24920258,20
563,1745,150,152.8030903,13.5358046,8
276,1746,146,144.846901,12.84752081,9
369,1746,141,149.1462552,13.21641813,24
790,1746,144,144.8881154,12.26387529,0
214,1749,165,157.4463547,14.27044563,12
350,1749,138,134.3880699,12.08442408,25
350,1749,133,134.3880699,12.08442408,25
263,1750,144,141.4714202,12.22440919,7
15,1751,143,135.6187215,12.30299178,18
118,1752,160,159.7467199,13.20297638,15
776,1752,113,135.3754181,9.687229766,0
386,1754,146,149.0964686,13.30815917,28
601,1754,145,151.5185766,12.03512281,24
85,1755,159,150.8939567,13.23366773,-6
126,1755,164,164.1869424,14.06810511,22
585,1755,138,138.4226295,11.67174989,15
590,1755,152,152.2497663,11.60578486,31
746,1755,137,147.9982818,11.59539897,-1
25,1756,142,136.8131289,11.79161629,22
229,1757,138,154.4663986,13.24942056,-6
330,1757,133,149.8450106,13.03356688,16
77,1758,148,150.9856074,12.59838964,-1
138,1758,174,156.9331976,15.20062974,23
600,1759,155,154.9724016,11.98896098,16
394,1761,149,131.0369108,12.39664191,25
530,1761,129,142.1497076,11.77965333,-2
648,1763,139,124.3860252,10.98772784,22
452,1764,133,141.8966725,12.71025961,12
597,1764,143,147.3165171,12.2914424,25
269,1765,177,164.5434657,14.85961451,10
222,1766,162,157.3443609,14.17875104,1
502,1766,163,146.8860927,12.50144424,-1
669,1766,171,154.3420411,14.12445141,28
802,1766,135,139.5852824,11.33882533,5
358,1767,149,146.8983532,13.19570136,28
560,1768,143,148.804205,12.04383926,17
184,1770,161,158.9580654,13.20138921,13
676,1770,133,136.6160355,11.42385157,24
422,1771,124,131.2356091,12.29049542,22
438,1771,170,142.9070175,14.10274412,16
781,1772,161,138.5284828,10.08919797,-5
445,1775,136,136.8441128,12.01349353,13
624,1776,136,137.5638186,11.45548291,26
715,1776,150,145.5974106,12.3509053,3
153,1777,170,160.5744417,13.10153853,27
571,1777,143,147.063004,11.83610958,16
241,1778,164,162.3443332,12.76949372,1
411,1778,164,126.723487,12.11841755,20
115,1779,162,155.465225,12.2393317,25
109,1780,171,156.8921371,12.33787658,18
138,1780,178,156.9331976,15.20062974,23
586,1780,127,136.4125619,11.65649789,12
644,1780,134,134.0286275,11.46109976,26
137,1781,176,165.3229833,13.99224219,27
344,1781,142,141.5603472,12.9096,14
132,1782,176,166.9725946,13.98886327,24
410,1782,148,146.1625045,13.67847089,17
720,1782,170,163.2158365,12.42664138,13
477,1785,139,142.5822864,11.69710101,5
693,1785,152,150.4574468,13.10092004,15
211,1786,160,152.9886493,13.09466901,0
816,1786,140,131.4234069,10.68595147,9
336,1788,135,138.2307692,12.29114446,25
709,1788,126,135.7735997,11.14782797,12
197,1789,165,160.8180272,12.95919866,0
378,1789,132,132.073571,12.36014669,21
742,1789,150,141.0710688,10.87544916,2
159,1791,156,148.991606,12.91908798,20
412,1791,135,144.6958002,13.07706943,28
68,1792,156,153.1324742,12.60342742,14
571,1793,143,147.063004,11.83610958,16
480,1794,164,147.7496439,11.60891923,8
613,1794,139,140.6692876,11.38949786,19
622,1794,153,155.4139665,11.09991419,28
773,1795,136,147.7922581,11.729196,0
223,1797,149,149.686976,12.9575128,0
484,1797,133,135.808958,11.43509726,5
333,1799,158,151.2302826,13.80920219,19
388,1799,112,113.0173954,10.33265501,24
492,1799,141,151.0400209,12.85785341,1
685,1799,135,141.6434837,11.11982368,15
493,1800,145,145.5803903,11.84704294,3
621,1800,164,164.7966448,12.25613666,27
187,1802,166,162.845843,13.63758256,13
416,1802,135,127.1783701,11.82878073,25
110,1803,169,156.9107143,14.20249176,16
316,1803,162,138.1152882,13.69386767,23
557,1803,124,133.4164692,11.77501777,9
227,1804,143,147.4470046,13.07918894,-4
239,1804,161,143.7649805,13.2274198,
470,1804,120,128.9831844,11.04198697,10
437,1805,116,122.7234957,10.68763958,11
630,1805,156,146.3974215,12.85647982,23
576,1806,153,147.4588071,11.56513179,14
810,1806,169,156.884677,13.65389664,26
283,1807,166,156.2475655,15.77736404,4
438,1807,166,142.9070175,14.10274412,16
454,1807,142,144.9427046,11.92273943,3
453,1808,136,135.5776993,12.19491558,9
333,1809,168,151.2302826,13.80920219,19
204,1810,162,162.9767313,12.70579812,11
163,1811,169,161.2394708,14.59632149,21
415,1811,173,164.3565072,12.85513448,25
400,1812,136,124.564346,11.27125633,24
586,1812,128,136.4125619,11.65649789,12
172,1813,158,155.8322034,13.4239973,16
433,1813,141,143.9187675,12.92139126,17
695,1813,149,146.3031693,12.03821431,12
17,1814,142,135.2583047,10.10541781,17
425,1814,128,126.7937086,11.74841523,25
590,1814,151,152.2497663,11.60578486,31
405,1815,122,124.305033,11.00503162,23
690,1815,145,140.9237231,11.80258488,19
205,1816,143,150.8678663,12.62670848,5
451,1816,149,145.9603524,13.35084978,4
513,1816,160,149.0662177,13.03614686,4
331,1817,143,144.6890424,12.25198697,21
6,1818,166,144.8876781,14.83615977,18
411,1819,147,126.723487,12.11841755,20
641,1819,135,134.0667441,11.71085955,24
680,1819,147,141.4230977,12.32863616,21
573,1822,156,152.611755,12.40211712,26
747,1822,136,145.3297521,11.97043289,0
428,1823,145,142.9906617,12.51455469,28
256,1824,152,140.150771,12.70206,-4
350,1824,141,134.3880699,12.08442408,25
688,1824,148,148.2147947,11.53261943,17
664,1825,143,139.7860418,11.2361135,28
730,1828,139,141.4448854,11.83667143,12
414,1830,132,137.0905365,12.99864268,21
817,1830,132,136.4993987,11.22162862,7
264,1831,166,159.351341,16.0655131,5
702,1831,141,139.7406699,10.98452428,25
526,1832,148,163.1066176,11.4904006,-6
67,1834,159,155.0169122,12.71484255,4
581,1834,146,141.8521303,12.46778256,9
237,1837,150,138.6553641,12.05199956,2
273,1837,130,142.8680053,11.78018117,10
570,1837,138,136.3950348,11.05964758,15
215,1839,154,151.8104396,12.71019956,4
599,1839,145,140.8831397,11.33928836,29
670,1839,157,146.1532928,13.29324604,25
45,1841,160,153.4091125,12.49329853,5
338,1841,120,139.7032622,11.93398419,14
169,1842,157,153.4051095,12.41060528,31
619,1842,135,139.8797771,10.99316375,25
585,1843,133,138.4226295,11.67174989,15
808,1843,144,148.3564785,12.0847347,20
625,1844,147,141.0831522,11.27346261,29
361,1845,144,146.2313897,13.34831961,22
438,1845,168,142.9070175,14.10274412,16
375,1846,138,138.5747918,13.28684755,22
665,1848,145,143.5741643,12.3166114,24
488,1850,144,152.340274,12.82628121,-1
14,1853,136,133.5092177,12.03967713,18
239,1853,120,143.7649805,13.2274198,
75,1854,144,146.9471698,12.45780291,3
387,1854,138,136.7578046,12.10413353,29
529,1854,155,150.0365051,12.07114039,0
769,1854,147,130.3586767,11.30669739,0
795,1854,146,146.2261249,11.43082635,16
56,1855,154,153.9415496,13.09210304,1
629,1856,155,150.9587284,11.26131144,26
102,1857,155,157.531537,14.04196424,3
424,1858,148,133.2035637,11.91873469,22
462,1859,126,137.5573277,12.08770637,4
624,1863,133,137.5638186,11.45548291,26
732,1863,135,139.2453245,10.87986337,7
97,1865,155,156.0500272,12.56464013,4
820,1866,138,142.6821809,11.93404661,12
401,1867,149,145.7766583,13.70208161,26
615,1868,136,141.8532533,11.53285722,21
631,1868,139,145.8332621,12.42157846,25
350,1869,137,134.3880699,12.08442408,25
721,1870,154,160.2190444,12.87415599,20
616,1872,129,135.8327957,11.24920258,20
218,1874,169,163.6212858,12.78503533,-5
371,1874,160,137.5323569,12.34864601,30
327,1877,152,142.4539326,12.76870674,14
20,1879,127,135.8560121,12.37443076,15
295,1879,131,132.4790005,10.0733566,11
564,1879,143,146.8555766,12.53359469,6
717,1881,141,142.2307025,11.71266025,3
643,1882,150,159.8023609,13.22962382,24
156,1883,139,151.4870993,14.28048646,24
237,1883,147,138.6553641,12.05199956,2
438,1883,166,142.9070175,14.10274412,16
591,1885,132,133.0942207,10.80352056,26
597,1888,147,147.3165171,12.2914424,25
355,1891,151,135.5260516,12.38773078,26
458,1891,146,163.0935987,9.454793552,-5
150,1893,161,145.2134213,12.81181611,28
281,1893,129,126.4245283,10.94288724,11
283,1893,166,156.2475655,15.77736404,4
598,1894,147,154.2317808,11.91046388,21
400,1895,148,124.564346,11.27125633,24
400,1895,145,124.564346,11.27125633,24
566,1895,149,147.3796664,12.86458501,16
184,1898,159,158.9580654,13.20138921,13
310,1898,125,131.5135422,11.3657009,21
437,1898,118,122.7234957,10.68763958,11
591,1899,126,133.0942207,10.80352056,26
624,1901,149,137.5638186,11.45548291,26
172,1902,153,155.8322034,13.4239973,16
89,1904,139,154.0408822,12.72914879,7
721,1904,149,160.2190444,12.87415599,20
25,1905,141,136.8131289,11.79161629,22
572,1905,149,139.7391823,11.65189091,10
612,1905,154,152.6090555,11.82362162,27
779,1906,121,134.8043947,10.76938526,-4
104,1908,163,161.4797868,14.23986637,4
359,1908,152,144.0622407,12.13536281,28
181,1910,150,148.3735882,12.73259322,13
566,1910,143,147.3796664,12.86458501,16
577,1910,138,148.7532051,12.548362,9
379,1911,103,112.8872215,10.26521746,24
808,1911,104,148.3564785,12.0847347,20
63,1913,142,154.2356784,12.5771192,-6
429,1913,133,141.8463995,13.40825331,15
508,1914,145,146.6828074,12.1743753,0
154,1916,156,141.1230931,12.2053919,28
239,1917,152,143.7649805,13.2274198,
821,1917,143,138.7921609,11.80433966,14
192,1918,160,153.0833768,12.7731827,2
109,1921,118,156.8921371,12.33787658,18
169,1922,144,153.4051095,12.41060528,31
644,1922,135,134.0286275,11.46109976,26
438,1923,166,142.9070175,14.10274412,16
493,1923,146,145.5803903,11.84704294,3
772,1923,160,159.2233989,12.89047388,0
793,1924,136,143.5754829,11.80650494,11
120,1925,178,160.6370848,14.20895548,20
372,1925,141,140.7526602,12.38829208,34
653,1926,148,139.5637229,12.02216288,23
448,1927,131,131.3169919,11.41928567,8
691,1927,159,154.3849733,13.05931359,21
669,1929,172,154.3420411,14.12445141,28
675,1929,167,143.3512807,11.38810601,29
816,1929,144,131.4234069,10.68595147,9
585,1930,131,138.4226295,11.67174989,15
193,1931,164,161.2054846,12.37472425,2
295,1932,122,132.4790005,10.0733566,11
644,1932,116,134.0286275,11.46109976,26
679,1932,135,136.9261201,10.91028217,17
56,1933,154,153.9415496,13.09210304,1
241,1933,166,162.3443332,12.76949372,1
81,1934,155,146.0604651,11.97062326,3
405,1934,134,124.305033,11.00503162,23
571,1934,141,147.063004,11.83610958,16
588,1936,141,143.8118514,12.50280721,16
68,1941,157,153.1324742,12.60342742,14
396,1941,144,142.1334702,14.70209877,25
478,1941,119,134.6162162,11.13113201,1
555,1941,136,144.8224058,12.46288405,10
780,1941,161,147.4907621,9.91761963,-7
128,1942,171,166.6530899,13.02963876,32
40,1943,149,146.2391529,12.55996488,5
128,1944,178,166.6530899,13.02963876,32
440,1944,123,140.0800395,11.93315336,9
606,1944,130,134.6039861,11.17817192,18
493,1946,123,145.5803903,11.84704294,3
129,1950,167,156.5294118,12.28740477,34
666,1950,140,127.9903174,10.76990446,29
416,1953,135,127.1783701,11.82878073,25
438,1959,168,142.9070175,14.10274412,16
205,1960,157,150.8678663,12.62670848,5
361,1961,140,146.2313897,13.34831961,22
327,1962,154,142.4539326,12.76870674,14
609,1962,132,140.9433962,11.07445489,26
684,1962,155,139.8482232,12.21068708,18
563,1963,160,152.8030903,13.5358046,8
227,1964,142,147.4470046,13.07918894,-4
388,1964,114,113.0173954,10.33265501,24
675,1965,164,143.3512807,11.38810601,29
683,1966,140,142.2087576,11.9734306,18
664,1967,158,139.7860418,11.2361135,28
405,1971,137,124.305033,11.00503162,23
644,1971,137,134.0286275,11.46109976,26
283,1973,167,156.2475655,15.77736404,4
436,1977,148,145.2131404,12.81763535,8
582,1977,138,141.53125,11.93411586,14
470,1978,127,128.9831844,11.04198697,10
69,1980,162,162.8087406,13.82466316,-6
527,1980,147,161.3211009,12.04734128,0
808,1980,126,148.3564785,12.0847347,20
833,1981,153,150.154239,12.60455975,20
276,1983,161,144.846901,12.84752081,9
638,1983,156,133.9193217,12.06376095,26
14,1984,140,133.5092177,12.03967713,18
17,1985,138,135.2583047,10.10541781,17
3,1986,165,156.4921384,13.42871132,
227,1986,109,147.4470046,13.07918894,-4
814,1986,147,147.1752632,12.20904568,16
310,1987,146,131.5135422,11.3657009,21
823,1987,152,138.5452236,12.08530976,21
139,1988,153,144.840143,11.86575628,26
345,1988,156,157.6390469,14.4173138,20
239,1990,158,143.7649805,13.2274198,
350,1990,137,134.3880699,12.08442408,25
718,1990,170,159.2452147,12.76084159,9
549,1991,125,134.4587222,11.32200646,15
379,1992,113,112.8872215,10.26521746,24
56,1994,151,153.9415496,13.09210304,1
462,1995,110,137.5573277,12.08770637,4
230,1996,157,155.7287523,13.08640199,-8
438,1997,169,142.9070175,14.10274412,16
279,1998,140,145.2683616,13.05604322,6
580,2000,133,140.3149171,11.58190856,8
676,2000,144,136.6160355,11.42385157,24
258,2002,150,142.3249391,12.95713501,0
387,2004,143,136.7578046,12.10413353,29
467,2004,140,144.3100102,11.80783495,0
753,2004,152,141.4077817,11.09317262,-1
14,2005,138,133.5092177,12.03967713,18
322,2005,153,144.7227969,12.52358974,27
692,2005,130,129.5729043,11.351641,25
354,2006,157,155.9744501,14.66009376,24
63,2008,154,154.2356784,12.5771192,-6
663,2009,136,157.7307745,12.37343112,29
213,2010,135,147.4979339,11.75777256,9
484,2012,123,135.808958,11.43509726,5
359,2013,146,144.0622407,12.13536281,28
603,2014,128,134.8995357,11.0924358,21
704,2016,170,140.293653,12.06206525,20
772,2016,162,159.2233989,12.89047388,0
109,2017,163,156.8921371,12.33787658,18
556,2017,133,142.2152847,11.99152638,5
767,2017,118,138.8564488,11.83420813,3
22,2018,166,159.7882987,14.71919353,13
692,2018,131,129.5729043,11.351641,25
350,2019,144,134.3880699,12.08442408,25
206,2021,158,152.0646617,12.47342941,2
526,2021,155,163.1066176,11.4904006,-6
689,2021,146,144.0797571,11.52142543,19
214,2022,155,157.4463547,14.27044563,12
283,2022,168,156.2475655,15.77736404,4
613,2022,132,140.6692876,11.38949786,19
669,2022,176,154.3420411,14.12445141,28
374,2023,137,124.0124429,11.67059848,22
267,2024,156,152.6960519,13.04170856,8
422,2024,123,131.2356091,12.29049542,22
440,2024,133,140.0800395,11.93315336,9
239,2026,155,143.7649805,13.2274198,
453,2026,165,135.5776993,12.19491558,9
816,2026,125,131.4234069,10.68595147,9
173,2027,173,163.5308057,14.91091343,16
322,2029,148,144.7227969,12.52358974,27
662,2029,132,127.1428073,10.84690157,25
663,2029,156,157.7307745,12.37343112,29
428,2030,153,142.9906617,12.51455469,28
209,2031,159,154.1025595,12.07064157,0
586,2033,135,136.4125619,11.65649789,12
403,2036,147,147.4767559,11.47452658,25
557,2036,130,133.4164692,11.77501777,9
438,2037,167,142.9070175,14.10274412,16
93,2039,160,156.086785,12.89582485,5
186,2039,157,159.4518037,15.15766497,11
576,2039,141,147.4588071,11.56513179,14
594,2039,165,150.4772932,11.49328746,19
691,2039,147,154.3849733,13.05931359,21
588,2041,147,143.8118514,12.50280721,16
368,2042,150,143.8108242,13.43589533,31
124,2045,164,157.015691,13.43178576,18
581,2046,152,141.8521303,12.46778256,9
379,2049,112,112.8872215,10.26521746,24
779,2049,117,134.8043947,10.76938526,-4
663,2050,137,157.7307745,12.37343112,29
785,2050,144,145.611138,11.77943535,3
750,2051,152,146.7084779,11.38021398,12
201,2052,156,150.1290163,12.54888641,4
779,2052,118,134.8043947,10.76938526,-4
264,2053,166,159.351341,16.0655131,5
817,2053,137,136.4993987,11.22162862,7
195,2054,180,165.9437593,13.32884815,6
259,2054,174,162.4146341,15.08849447,3
577,2055,135,148.7532051,12.548362,9
774,2055,150,140.6763314,11.35619574,0
756,2056,150,150.0225779,11.49022669,2
396,2059,139,142.1334702,14.70209877,25
174,2060,162,162.3820173,13.14627218,17
747,2060,148,145.3297521,11.97043289,0
259,2061,174,162.4146341,15.08849447,3
417,2061,146,136.3214719,12.10536233,20
771,2061,139,152.0386213,12.62976578,-1
567,2065,135,140.1416838,12.12138577,5
808,2066,147,148.3564785,12.0847347,20
583,2069,160,150.2539219,12.86167968,23
361,2070,138,146.2313897,13.34831961,22
16,2072,140,143.0171329,12.58336786,23
156,2075,124,151.4870993,14.28048646,24
234,2075,172,158.9641834,14.5399255,9
153,2076,157,160.5744417,13.10153853,27
350,2076,127,134.3880699,12.08442408,25
438,2076,164,142.9070175,14.10274412,16
701,2076,137,139.4565842,11.64809701,15
239,2077,152,143.7649805,13.2274198,
257,2077,149,147.5862228,12.0639828,-1
383,2078,152,145.4414081,13.67306975,30
728,2078,155,149.3596533,11.47300241,6
438,2080,152,142.9070175,14.10274412,16
436,2082,139,145.2131404,12.81763535,8
589,2083,153,140.4366293,11.20080284,23
131,2084,160,153.9189679,13.15786673,27
289,2084,149,143.3810538,12.60505609,23
388,2084,113,113.0173954,10.33265501,24
327,2087,163,142.4539326,12.76870674,14
719,2087,159,155.1047516,12.92465054,11
327,2088,151,142.4539326,12.76870674,14
480,2088,153,147.7496439,11.60891923,8
593,2089,147,139.5662898,11.85406865,19
454,2090,124,144.9427046,11.92273943,3
183,2091,157,152.5792896,12.98946996,9
193,2092,159,161.2054846,12.37472425,2
558,2095,141,142.004771,11.40661546,6
574,2095,133,136.1698915,11.47560906,17
835,2095,153,154.8328321,12.8137994,20
502,2096,158,146.8860927,12.50144424,-1
691,2096,154,154.3849733,13.05931359,21
297,2097,148,148.6532731,12.03950819,19
45,2098,153,153.4091125,12.49329853,5
25,2099,142,136.8131289,11.79161629,22
271,2100,170,164.1253223,12.39227317,
213,2101,172,147.4979339,11.75777256,9
612,2102,155,152.6090555,11.82362162,27
283,2103,169,156.2475655,15.77736404,4
679,2105,134,136.9261201,10.91028217,17
633,2106,152,149.6162676,13.09309408,24
501,2107,146,153.0338288,12.52319431,-4
783,2107,162,154.7712056,13.19400739,2
564,2109,143,146.8555766,12.53359469,6
808,2109,145,148.3564785,12.0847347,20
448,2110,134,131.3169919,11.41928567,8
632,2110,165,159.4849878,12.54627363,33
734,2110,164,147.6627191,12.52947172,6
438,2112,167,142.9070175,14.10274412,16
213,2114,106,147.4979339,11.75777256,9
697,2115,153,147.764148,12.20242137,16
767,2116,153,138.8564488,11.83420813,3
688,2118,149,148.2147947,11.53261943,17
755,2119,170,143.8334201,12.32377449,2
612,2122,142,152.6090555,11.82362162,27
645,2122,140,144.8565084,12.42341305,19
262,2126,143,145.6017108,13.03849751,9
213,2127,170,147.4979339,11.75777256,9
339,2127,149,139.6171783,12.95794179,15
480,2127,152,147.7496439,11.60891923,8
636,2127,140,137.8762353,11.6657568,21
437,2128,124,122.7234957,10.68763958,11
69,2130,170,162.8087406,13.82466316,-6
669,2132,171,154.3420411,14.12445141,28
6,2133,86,144.8876781,14.83615977,18
349,2135,129,137.3125972,12.77072926,19
674,2135,141,141.4364833,12.19855193,25
554,2136,120,134.6983169,11.59079733,11
612,2137,115,152.6090555,11.82362162,27
449,2141,147,147.0018645,12.62140087,15
234,2143,175,158.9641834,14.5399255,9
181,2144,137,148.3735882,12.73259322,13
582,2144,145,141.53125,11.93411586,14
350,2145,134,134.3880699,12.08442408,25
382,2145,155,151.6675138,14.59635934,23
252,2146,142,142.3891695,12.61661597,-4
438,2146,169,142.9070175,14.10274412,16
484,2146,127,135.808958,11.43509726,5
306,2148,153,154.1877627,15.75150935,18
481,2149,172,155.4838391,13.67780343,11
585,2150,135,138.4226295,11.67174989,15
703,2150,149,141.7186188,11.04527541,17
193,2151,163,161.2054846,12.37472425,2
388,2152,112,113.0173954,10.33265501,24
239,2153,136,143.7649805,13.2274198,
747,2153,128,145.3297521,11.97043289,0
678,2154,142,139.8629168,11.78029613,16
157,2157,168,157.4129646,13.13309456,28
825,2157,122,151.7671233,11.18817722,13
225,2158,168,158.6851595,14.08235784,-5
549,2159,103,134.4587222,11.32200646,15
213,2160,154,147.4979339,11.75777256,9
413,2160,157,158.6134715,15.45156933,29
703,2160,141,141.7186188,11.04527541,17
714,2160,152,152.0839895,12.9531225,3
604,2161,134,140.9186239,11.25432024,22
133,2162,169,160.0920716,13.30483857,27
664,2163,155,139.7860418,11.2361135,28
747,2165,148,145.3297521,11.97043289,0
57,2167,141,143.8517499,12.73277814,0
58,2168,164,152.8408987,13.5253513,1
130,2168,178,162.3972795,13.86289081,26
665,2169,143,143.5741643,12.3166114,24
651,2170,150,146.0484689,11.14136702,31
484,2172,120,135.808958,11.43509726,5
27,2174,150,142.3197851,12.18187442,21
576,2174,142,147.4588071,11.56513179,14
466,2175,131,151.4891097,13.72228109,5
161,2178,174,164.6705927,12.94125435,30
306,2178,156,154.1877627,15.75150935,18
436,2179,153,145.2131404,12.81763535,8
283,2181,169,156.2475655,15.77736404,4
331,2182,141,144.6890424,12.25198697,21
383,2182,153,145.4414081,13.67306975,30
573,2182,155,152.611755,12.40211712,26
58,2183,134,152.8408987,13.5253513,1
438,2183,171,142.9070175,14.10274412,16
236,2184,154,151.2514286,13.91136136,3
12,2186,154,146.0817464,12.61257074,24
209,2186,163,154.1025595,12.07064157,0
466,2186,182,151.4891097,13.72228109,5
59,2187,163,155.5665116,13.67797395,8
156,2189,163,151.4870993,14.28048646,24
563,2189,154,152.8030903,13.5358046,8
587,2189,144,147.4953429,12.59395687,17
361,2190,148,146.2313897,13.34831961,22
225,2191,161,158.6851595,14.08235784,-5
583,2191,149,150.2539219,12.86167968,23
680,2193,149,141.4230977,12.32863616,21
739,2194,136,142.4615034,11.69695599,4
727,2196,142,137.8006536,11.06198487,6
96,2197,161,163.5007496,13.8260468,8
338,2199,128,139.7032622,11.93398419,14
369,2199,141,149.1462552,13.21641813,24
692,2199,133,129.5729043,11.351641,25
484,2200,101,135.808958,11.43509726,5
581,2200,142,141.8521303,12.46778256,9
683,2201,145,142.2087576,11.9734306,18
761,2201,150,141.0386013,11.27674496,4
549,2203,125,134.4587222,11.32200646,15
580,2203,137,140.3149171,11.58190856,8
442,2204,153,153.0657954,13.60284254,17
58,2206,134,152.8408987,13.5253513,1
690,2206,146,140.9237231,11.80258488,19
174,2210,161,162.3820173,13.14627218,17
355,2210,141,135.5260516,12.38773078,26
449,2212,141,147.0018645,12.62140087,15
569,2212,131,133.8945445,11.25614471,8
278,2213,136,141.5782774,12.85951008,5
379,2213,117,112.8872215,10.26521746,24
423,2213,156,155.4582043,13.79761345,24
541,2213,157,153.117617,13.8883259,2
407,2214,147,156.4071856,15.57675449,17
791,2214,133,142.149707,11.46202888,10
143,2216,164,160.6253937,13.9156329,27
230,2216,164,155.7287523,13.08640199,-8
82,2219,162,155.2078327,13.07001332,-4
502,2219,148,146.8860927,12.50144424,-1
428,2220,171,142.9906617,12.51455469,28
131,2221,163,153.9189679,13.15786673,27
438,2221,168,142.9070175,14.10274412,16
318,2222,144,146.0843069,12.86701838,17
60,2223,156,148.1702606,13.32267493,3
306,2225,156,154.1877627,15.75150935,18
583,2225,141,150.2539219,12.86167968,23
530,2227,134,142.1497076,11.77965333,-2
478,2228,144,134.6162162,11.13113201,1
183,2229,161,152.5792896,12.98946996,9
128,2230,165,166.6530899,13.02963876,32
350,2230,138,134.3880699,12.08442408,25
654,2230,139,143.2450871,11.95366601,23
676,2230,147,136.6160355,11.42385157,24
428,2231,149,142.9906617,12.51455469,28
581,2233,137,141.8521303,12.46778256,9
297,2234,150,148.6532731,12.03950819,19
348,2236,149,146.9683327,13.272676,23
153,2239,162,160.5744417,13.10153853,27
593,2239,139,139.5662898,11.85406865,19
212,2241,152,154.0117754,13.01687772,3
485,2241,143,150.6505017,12.40069365,6
572,2241,149,139.7391823,11.65189091,10
619,2244,138,139.8797771,10.99316375,25
382,2245,153,151.6675138,14.59635934,23
302,2248,126,146.9779769,12.84908264,10
798,2249,142,137.8733333,11.8005888,5
138,2251,160,156.9331976,15.20062974,23
82,2253,154,155.2078327,13.07001332,-4
162,2254,160,155.0155211,12.78939831,27
44,2255,172,156.3614953,14.42921688,7
160,2255,159,153.7111018,12.99154185,23
327,2255,146,142.4539326,12.76870674,14
570,2256,133,136.3950348,11.05964758,15
713,2256,134,138.3207237,11.31661761,8
186,2258,158,159.4518037,15.15766497,11
239,2258,138,143.7649805,13.2274198,
436,2258,165,145.2131404,12.81763535,8
167,2259,159,158.0290598,13.51426506,26
355,2260,131,135.5260516,12.38773078,26
209,2262,146,154.1025595,12.07064157,0
438,2262,166,142.9070175,14.10274412,16
711,2262,151,149.8503903,12.79303556,15
338,2263,131,139.7032622,11.93398419,14
834,2263,156,157.2769508,13.45272909,16
146,2264,155,143.9933628,12.76258142,25
480,2264,163,147.7496439,11.60891923,8
357,2265,156,152.4189935,13.0507545,26
374,2266,121,124.0124429,11.67059848,22
502,2266,166,146.8860927,12.50144424,-1
164,2268,166,163.1516252,14.59060607,19
768,2269,142,143.459102,11.37431528,1
213,2270,156,147.4979339,11.75777256,9
264,2271,165,159.351341,16.0655131,5
518,2273,140,140.3242291,12.78853216,-2
466,2274,137,151.4891097,13.72228109,5
454,2277,137,144.9427046,11.92273943,3
259,2282,153,162.4146341,15.08849447,3
563,2282,155,152.8030903,13.5358046,8
644,2288,137,134.0286275,11.46109976,26
573,2289,137,152.611755,12.40211712,26
27,2290,146,142.3197851,12.18187442,21
782,2290,148,155.4073084,12.82674331,-4
122,2292,179,164.7571885,13.2009634,34
817,2293,136,136.4993987,11.22162862,7
588,2294,136,143.8118514,12.50280721,16
797,2294,144,147.2979777,12.02068675,5
359,2295,142,144.0622407,12.13536281,28
573,2295,145,152.611755,12.40211712,26
319,2296,141,139.4069952,12.14284781,17
618,2296,145,135.9792403,11.02112814,23
577,2297,155,148.7532051,12.548362,9
94,2298,164,158.6023529,13.83798155,7
260,2298,166,152.1223502,12.73178309,3
438,2298,168,142.9070175,14.10274412,16
688,2298,146,148.2147947,11.53261943,17
370,2300,140,137.6782462,12.72839071,24
210,2301,153,146.3213744,12.49045403,3
567,2301,134,140.1416838,12.12138577,5
275,2302,138,140.5686783,11.93234551,5
181,2307,156,148.3735882,12.73259322,13
6,2309,166,144.8876781,14.83615977,18
561,2309,147,148.3965368,12.80891065,6
26,2310,158,160.8444993,14.19130155,18
343,2310,132,136.7149497,11.7593512,15
239,2314,161,143.7649805,13.2274198,
213,2315,150,147.4979339,11.75777256,9
449,2315,142,147.0018645,12.62140087,15
589,2315,135,140.4366293,11.20080284,23
220,2319,153,146.5896657,13.04444446,1
719,2319,151,155.1047516,12.92465054,11
39,2320,172,153.7267809,14.22195361,4
436,2320,137,145.2131404,12.81763535,8
711,2320,159,149.8503903,12.79303556,15
591,2322,138,133.0942207,10.80352056,26
770,2322,144,148.2014828,11.51102663,-1
805,2323,140,139.9891447,11.87186092,14
602,2324,159,153.4196429,12.20600078,24
686,2324,143,143.1550305,12.26827182,15
355,2326,130,135.5260516,12.38773078,26
585,2326,128,138.4226295,11.67174989,15
302,2327,73,146.9779769,12.84908264,10
572,2328,143,139.7391823,11.65189091,10
359,2329,141,144.0622407,12.13536281,28
592,2329,143,138.4963156,11.19528687,25
462,2333,142,137.5573277,12.08770637,4
117,2334,150,160.077783,13.62924117,14
681,2334,152,150.8111965,12.82400132,23
793,2335,138,143.5754829,11.80650494,11
579,2337,149,152.9274599,13.58003819,15
374,2338,115,124.0124429,11.67059848,22
438,2340,164,142.9070175,14.10274412,16
469,2341,131,141.9426434,12.18831993,11
611,2341,145,139.5548545,11.06759033,31
83,2342,156,151.7964149,12.64283739,1
209,2344,155,154.1025595,12.07064157,0
779,2344,123,134.8043947,10.76938526,-4
804,2344,147,149.7258111,12.86792754,12
360,2345,141,136.7178453,12.37743243,22
363,2346,165,155.973672,12.49158788,25
585,2347,140,138.4226295,11.67174989,15
756,2347,143,150.0225779,11.49022669,2
331,2348,149,144.6890424,12.25198697,21
599,2348,143,140.8831397,11.33928836,29
361,2350,137,146.2313897,13.34831961,22
339,2353,156,139.6171783,12.95794179,15
717,2355,134,142.2307025,11.71266025,3
570,2356,135,136.3950348,11.05964758,15
620,2356,177,163.6454821,13.72806381,32
822,2356,137,142.1102842,11.9294511,24
560,2357,161,148.804205,12.04383926,17
584,2357,145,135.7148453,11.9700973,19
361,2358,146,146.2313897,13.34831961,22
611,2359,119,139.5548545,11.06759033,31
631,2359,159,145.8332621,12.42157846,25
350,2360,143,134.3880699,12.08442408,25
731,2360,151,148.5152542,12.03456661,11
589,2361,138,140.4366293,11.20080284,23
655,2363,148,137.9701428,11.2655031,25
792,2363,150,144.8352043,11.78911978,20
72,2364,159,158.3687104,12.39081336,-6
347,2365,169,149.8834356,13.43652831,25
382,2365,153,151.6675138,14.59635934,23
355,2366,135,135.5260516,12.38773078,26
194,2368,163,163.5526427,12.78700615,6
565,2368,140,143.8994073,12.31715324,16
566,2370,144,147.3796664,12.86458501,16
579,2370,144,152.9274599,13.58003819,15
701,2374,142,139.4565842,11.64809701,15
438,2378,167,142.9070175,14.10274412,16
817,2378,142,136.4993987,11.22162862,7
820,2378,133,142.6821809,11.93404661,12
587,2381,159,147.4953429,12.59395687,17
811,2383,147,147.9395589,12.67819929,16
830,2383,139,145.3846463,11.80350145,13
496,2386,167,155.1664342,13.77065774,-1
665,2387,148,143.5741643,12.3166114,24
296,2388,147,151.6664204,13.10634239,14
455,2388,137,149.2405154,12.97530064,-2
519,2389,138,159.3945139,13.7678539,0
485,2392,156,150.6505017,12.40069365,6
485,2393,161,150.6505017,12.40069365,6
209,2394,137,154.1025595,12.07064157,0
510,2396,127,151.6854589,12.20306044,0
57,2397,110,143.8517499,12.73277814,0
110,2399,180,156.9107143,14.20249176,16
565,2400,148,143.8994073,12.31715324,16
614,2401,139,136.1401548,11.66404127,21
137,2402,173,165.3229833,13.99224219,27
199,2402,161,159.6288574,12.20313109,4
302,2402,132,146.9779769,12.84908264,10
633,2402,162,149.6162676,13.09309408,24
657,2402,156,148.8694648,11.7695663,30
606,2403,132,134.6039861,11.17817192,18
372,2404,149,140.7526602,12.38829208,34
432,2404,134,136.4604701,12.3591359,15
302,2405,150,146.9779769,12.84908264,10
576,2405,132,147.4588071,11.56513179,14
738,2405,167,151.986227,12.3798793,4
160,2407,166,153.7111018,12.99154185,23
371,2407,142,137.5323569,12.34864601,30
580,2407,133,140.3149171,11.58190856,8
334,2409,147,144.7770545,12.89844293,20
603,2410,146,134.8995357,11.0924358,21
153,2412,166,160.5744417,13.10153853,27
186,2412,160,159.4518037,15.15766497,11
601,2412,151,151.5185766,12.03512281,24
577,2413,141,148.7532051,12.548362,9
483,2414,157,142.6484065,12.67416286,9
577,2414,102,148.7532051,12.548362,9
438,2417,166,142.9070175,14.10274412,16
794,2417,139,136.7301455,11.03329497,4
367,2419,152,145.1557377,12.23394552,28
528,2420,140,145.0233062,12.68231285,15
305,2421,147,145.2950474,12.98997345,15
343,2421,139,136.7149497,11.7593512,15
398,2421,152,151.7238112,12.16203495,23
581,2421,141,141.8521303,12.46778256,9
128,2422,172,166.6530899,13.02963876,32
213,2423,133,147.4979339,11.75777256,9
436,2423,100,145.2131404,12.81763535,8
593,2423,150,139.5662898,11.85406865,19
593,2425,138,139.5662898,11.85406865,19
776,2426,143,135.3754181,9.687229766,0
831,2427,125,143.3188406,11.41569012,18
27,2428,143,142.3197851,12.18187442,21
692,2428,127,129.5729043,11.351641,25
145,2431,143,149.2709114,14.4985903,20
333,2432,153,151.2302826,13.80920219,19
797,2432,137,147.2979777,12.02068675,5
498,2433,155,152.8504519,12.39915579,-7
690,2435,144,140.9237231,11.80258488,19
449,2437,154,147.0018645,12.62140087,15
338,2439,111,139.7032622,11.93398419,14
454,2441,136,144.9427046,11.92273943,3
686,2441,126,143.1550305,12.26827182,15
695,2441,152,146.3031693,12.03821431,12
255,2443,167,165.6633958,11.98050231,0
257,2443,157,147.5862228,12.0639828,-1
747,2443,157,145.3297521,11.97043289,0
812,2443,161,138.2446853,12.01709112,16
710,2445,159,139.8891844,11.91775053,11
344,2448,138,141.5603472,12.9096,14
656,2448,144,142.4051891,11.34577291,26
153,2449,154,160.5744417,13.10153853,27
412,2449,142,144.6958002,13.07706943,28
641,2449,134,134.0667441,11.71085955,24
479,2450,140,135.2358467,11.76294196,5
161,2451,180,164.6705927,12.94125435,30
500,2451,152,141.2747902,11.87614065,2
674,2453,140,141.4364833,12.19855193,25
824,2453,136,138.0920945,11.87232176,8
500,2455,149,141.2747902,11.87614065,2
562,2456,146,146.4650073,12.95960657,4
621,2456,165,164.7966448,12.25613666,27
259,2457,147,162.4146341,15.08849447,3
756,2457,143,150.0225779,11.49022669,2
120,2458,155,160.6370848,14.20895548,20
153,2458,147,160.5744417,13.10153853,27
560,2458,150,148.804205,12.04383926,17
37,2459,151,149.6513761,13.31589369,9
785,2460,134,145.611138,11.77943535,3
469,2461,141,141.9426434,12.18831993,11
605,2461,138,142.2888889,12.20021799,16
832,2461,132,138.5223325,11.34720803,14
320,2462,160,154.1055156,15.44344536,15
571,2462,148,147.063004,11.83610958,16
599,2462,142,140.8831397,11.33928836,29
604,2462,133,140.9186239,11.25432024,22
246,2463,161,158.7899878,14.08207326,0
745,2466,151,142.3355177,11.30020813,5
376,2467,135,129.845187,12.0217684,21
46,2469,167,158.5007886,13.79728085,9
671,2470,152,132.0570583,11.17135841,22
214,2471,168,157.4463547,14.27044563,12
593,2471,130,139.5662898,11.85406865,19
194,2472,167,163.5526427,12.78700615,6
480,2473,156,147.7496439,11.60891923,8
445,2474,137,136.8441128,12.01349353,13
567,2475,130,140.1416838,12.12138577,5
350,2476,138,134.3880699,12.08442408,25
676,2477,144,136.6160355,11.42385157,24
429,2478,133,141.8463995,13.40825331,15
441,2479,133,138.5281583,12.63057863,11
329,2480,138,138.1370034,12.60700519,14
446,2480,123,134.9049787,12.17770945,8
793,2480,154,143.5754829,11.80650494,11
368,2481,149,143.8108242,13.43589533,31
264,2485,167,159.351341,16.0655131,5
307,2485,144,143.5063902,12.4572761,24
374,2485,120,124.0124429,11.67059848,22
288,2486,162,162.7692892,13.21799453,11
384,2486,143,141.9528411,13.3879213,26
567,2486,139,140.1416838,12.12138577,5
357,2488,155,152.4189935,13.0507545,26
565,2491,144,143.8994073,12.31715324,16
678,2492,134,139.8629168,11.78029613,16
830,2493,143,145.3846463,11.80350145,13
801,2497,150,151.4146341,12.43561383,13
436,2499,140,145.2131404,12.81763535,8
654,2501,138,143.2450871,11.95366601,23
684,2501,148,139.8482232,12.21068708,18
687,2501,147,143.0897803,11.90535939,22
152,2502,173,158.2961918,14.13959281,24
444,2502,124,127.3329601,11.52190075,16
193,2505,162,161.2054846,12.37472425,2
246,2505,163,158.7899878,14.08207326,0
706,2508,135,138.0301825,11.37442695,13
176,2510,170,159.739546,13.94726882,29
236,2510,150,151.2514286,13.91136136,3
577,2510,140,148.7532051,12.548362,9
288,2512,147,162.7692892,13.21799453,11
397,2513,164,149.9138269,14.69701058,22
322,2515,160,144.7227969,12.52358974,27
619,2516,138,139.8797771,10.99316375,25
730,2516,140,141.4448854,11.83667143,12
368,2517,146,143.8108242,13.43589533,31
371,2517,137,137.5323569,12.34864601,30
300,2520,138,146.0566887,11.78774508,13
696,2520,163,147.1171623,12.32862888,10
803,2520,151,135.4876777,10.88275905,11
149,2521,163,161.6591745,14.32630629,21
334,2521,145,144.7770545,12.89844293,20
153,2523,161,160.5744417,13.10153853,27
563,2523,153,152.8030903,13.5358046,8
138,2525,160,156.9331976,15.20062974,23
283,2527,150,156.2475655,15.77736404,4
590,2527,151,152.2497663,11.60578486,31
374,2528,117,124.0124429,11.67059848,22
343,2529,134,136.7149497,11.7593512,15
350,2531,103,134.3880699,12.08442408,25
696,2533,147,147.1171623,12.32862888,10
153,2535,160,160.5744417,13.10153853,27
566,2535,158,147.3796664,12.86458501,16
832,2535,129,138.5223325,11.34720803,14
673,2536,156,144.3865979,11.41544155,26
258,2537,146,142.3249391,12.95713501,0
200,2539,163,159.723779,13.1166,5
57,2540,157,143.8517499,12.73277814,0
466,2540,135,151.4891097,13.72228109,5
590,2540,142,152.2497663,11.60578486,31
213,2542,114,147.4979339,11.75777256,9
18,2543,154,144.2280903,13.2715729,17
147,2543,176,168.9962121,14.63450568,30
4,2546,162,149.4106115,12.51918142,
519,2547,145,159.3945139,13.7678539,0
576,2547,141,147.4588071,11.56513179,14
519,2548,131,159.3945139,13.7678539,0
713,2551,141,138.3207237,11.31661761,8
644,2552,139,134.0286275,11.46109976,26
584,2553,148,135.7148453,11.9700973,19
308,2554,145,144.3101737,12.60303292,8
447,2554,128,132.3478555,11.74058116,6
597,2554,155,147.3165171,12.2914424,25
319,2555,146,139.4069952,12.14284781,17
397,2555,170,149.9138269,14.69701058,22
771,2556,159,152.0386213,12.62976578,-1
643,2558,159,159.8023609,13.22962382,24
236,2560,142,151.2514286,13.91136136,3
559,2561,143,151.0621741,12.40170968,12
371,2562,123,137.5323569,12.34864601,30
193,2563,164,161.2054846,12.37472425,2
121,2564,173,163.4134955,13.99733103,24
689,2566,157,144.0797571,11.52142543,19
721,2566,160,160.2190444,12.87415599,20
662,2569,134,127.1428073,10.84690157,25
793,2569,160,143.5754829,11.80650494,11
27,2570,151,142.3197851,12.18187442,21
676,2570,155,136.6160355,11.42385157,24
615,2576,134,141.8532533,11.53285722,21
832,2576,133,138.5223325,11.34720803,14
359,2579,146,144.0622407,12.13536281,28
46,2580,158,158.5007886,13.79728085,9
285,2580,132,139.1203501,12.60415667,10
153,2581,160,160.5744417,13.10153853,27
258,2581,141,142.3249391,12.95713501,0
373,2582,135,132.5454545,12.06299561,28
612,2582,152,152.6090555,11.82362162,27
601,2583,151,151.5185766,12.03512281,24
595,2585,142,148.6330325,12.38963134,15
599,2585,147,140.8831397,11.33928836,29
436,2586,144,145.2131404,12.81763535,8
567,2587,129,140.1416838,12.12138577,5
617,2587,138,148.2345854,11.00028567,30
530,2588,147,142.1497076,11.77965333,-2
668,2589,158,137.2118708,10.77554245,29
153,2590,161,160.5744417,13.10153853,27
581,2590,142,141.8521303,12.46778256,9
665,2590,149,143.5741643,12.3166114,24
783,2590,157,154.7712056,13.19400739,2
35,2591,144,141.7006481,12.15138275,6
557,2591,129,133.4164692,11.77501777,9
384,2592,142,141.9528411,13.3879213,26
41,2594,152,147.227519,12.54318397,2
309,2594,146,148.4405927,13.29796531,17
336,2594,141,138.2307692,12.29114446,25
572,2594,138,139.7391823,11.65189091,10
591,2594,132,133.0942207,10.80352056,26
657,2595,147,148.8694648,11.7695663,30
611,2597,145,139.5548545,11.06759033,31
589,2600,148,140.4366293,11.20080284,23
395,2602,139,139.4363434,12.67752791,22
645,2603,142,144.8565084,12.42341305,19
691,2604,151,154.3849733,13.05931359,21
717,2604,135,142.2307025,11.71266025,3
153,2609,166,160.5744417,13.10153853,27
605,2609,133,142.2888889,12.20021799,16
684,2609,144,139.8482232,12.21068708,18
167,2610,159,158.0290598,13.51426506,26
608,2612,131,133.2935022,10.9897652,21
719,2614,166,155.1047516,12.92465054,11
70,2615,163,154.745886,13.25632251,-1
449,2615,151,147.0018645,12.62140087,15
480,2617,163,147.7496439,11.60891923,8
586,2620,134,136.4125619,11.65649789,12
599,2624,153,140.8831397,11.33928836,29
285,2625,128,139.1203501,12.60415667,10
466,2626,161,151.4891097,13.72228109,5
343,2627,143,136.7149497,11.7593512,15
236,2629,164,151.2514286,13.91136136,3
601,2630,139,151.5185766,12.03512281,24
813,2630,146,150.6745016,13.36424528,11
126,2631,175,164.1869424,14.06810511,22
391,2631,154,151.6929873,13.66343523,28
288,2632,163,162.7692892,13.21799453,11
743,2636,153,154.1082949,12.4796703,2
166,2638,156,150.4239421,13.23684865,20
104,2641,166,161.4797868,14.23986637,4
18,2642,150,144.2280903,13.2715729,17
153,2642,162,160.5744417,13.10153853,27
686,2644,149,143.1550305,12.26827182,15
512,2648,160,156.1885914,13.47361048,12
348,2649,151,146.9683327,13.272676,23
528,2650,143,145.0233062,12.68231285,15
724,2650,135,145.2443268,11.81352018,6
709,2651,149,135.7735997,11.14782797,12
594,2652,142,150.4772932,11.49328746,19
410,2653,148,146.1625045,13.67847089,17
651,2653,147,146.0484689,11.14136702,31
44,2654,140,156.3614953,14.42921688,7
173,2657,166,163.5308057,14.91091343,16
239,2657,154,143.7649805,13.2274198,
766,2657,144,145.498579,11.27306411,0
779,2657,139,134.8043947,10.76938526,-4
668,2663,162,137.2118708,10.77554245,29
20,2664,146,135.8560121,12.37443076,15
589,2664,122,140.4366293,11.20080284,23
787,2666,153,155.0846012,13.34102241,10
365,2667,142,138.9651639,13.26010082,25
504,2667,142,137.494998,11.55778199,0
553,2667,143,144.797976,13.41921724,2
564,2672,147,146.8555766,12.53359469,6
236,2674,163,151.2514286,13.91136136,3
44,2675,152,156.3614953,14.42921688,7
688,2676,139,148.2147947,11.53261943,17
818,2677,170,153.4772048,13.36745088,7
423,2680,160,155.4582043,13.79761345,24
581,2682,143,141.8521303,12.46778256,9
707,2682,142,137.8327039,11.3032142,12
43,2683,164,154.2322893,12.37423998,4
121,2683,178,163.4134955,13.99733103,24
213,2684,161,147.4979339,11.75777256,9
414,2685,134,137.0905365,12.99864268,21
449,2686,141,147.0018645,12.62140087,15
615,2687,131,141.8532533,11.53285722,21
283,2690,152,156.2475655,15.77736404,4
360,2690,128,136.7178453,12.37743243,22
455,2691,145,149.2405154,12.97530064,-2
535,2691,129,140.9521853,10.95394701,3
687,2691,141,143.0897803,11.90535939,22
236,2693,156,151.2514286,13.91136136,3
255,2693,178,165.6633958,11.98050231,0
332,2694,155,150.7260222,13.34014941,18
438,2696,108,142.9070175,14.10274412,16
444,2699,151,127.3329601,11.52190075,16
601,2702,140,151.5185766,12.03512281,24
654,2705,141,143.2450871,11.95366601,23
809,2705,152,149.6405615,13.34909922,17
381,2707,158,133.1346633,11.5817968,30
248,2709,159,145.9598863,13.12178698,1
797,2709,144,147.2979777,12.02068675,5
302,2710,163,146.9779769,12.84908264,10
414,2710,146,137.0905365,12.99864268,21
296,2711,171,151.6664204,13.10634239,14
428,2712,133,142.9906617,12.51455469,28
395,2713,137,139.4363434,12.67752791,22
239,2716,150,143.7649805,13.2274198,
430,2717,126,133.4275643,12.15925569,13
667,2719,163,148.4574326,12.18129512,27
29,2721,116,152.5630281,12.54418169,8
763,2721,144,141.7130435,11.87127384,1
193,2722,161,161.2054846,12.37472425,2
619,2722,140,139.8797771,10.99316375,25
678,2723,134,139.8629168,11.78029613,16
209,2725,153,154.1025595,12.07064157,0
599,2726,142,140.8831397,11.33928836,29
291,2727,169,165.6520651,13.22159099,22
353,2727,144,134.2844542,11.32606439,22
572,2730,142,139.7391823,11.65189091,10
692,2730,151,129.5729043,11.351641,25
336,2734,140,138.2307692,12.29114446,25
202,2735,168,158.759415,13.54352775,7
409,2735,129,137.4721323,12.41955081,19
544,2735,132,145.5403138,12.65257103,10
62,2739,158,157.534079,13.279226,0
128,2739,165,166.6530899,13.02963876,32
167,2740,148,158.0290598,13.51426506,26
124,2741,165,157.015691,13.43178576,18
241,2741,170,162.3443332,12.76949372,1
277,2741,145,144.3463801,13.32328427,14
480,2742,127,147.7496439,11.60891923,8
583,2742,166,150.2539219,12.86167968,23
157,2746,162,157.4129646,13.13309456,28
285,2748,142,139.1203501,12.60415667,10
73,2751,162,159.5405702,13.38063026,0
13,2756,170,143.8639944,12.11354875,17
767,2756,148,138.8564488,11.83420813,3
544,2765,142,145.5403138,12.65257103,10
606,2765,134,134.6039861,11.17817192,18
381,2768,154,133.1346633,11.5817968,30
788,2769,170,154.0656852,13.69744417,5
817,2770,128,136.4993987,11.22162862,7
765,2771,146,151.8333906,12.21837032,0
507,2774,129,153.3786107,12.69866466,0
610,2774,145,144.8961749,11.49045653,25
41,2776,154,147.227519,12.54318397,2
500,2776,148,141.2747902,11.87614065,2
51,2781,152,149.4088617,12.88471643,14
583,2781,165,150.2539219,12.86167968,23
132,2782,161,166.9725946,13.98886327,24
677,2782,164,160.3102482,14.35365755,16
719,2783,157,155.1047516,12.92465054,11
409,2784,145,137.4721323,12.41955081,19
701,2787,140,139.4565842,11.64809701,15
647,2788,135,137.2684373,11.70552419,21
480,2792,128,147.7496439,11.60891923,8
580,2794,136,140.3149171,11.58190856,8
586,2794,137,136.4125619,11.65649789,12
696,2794,150,147.1171623,12.32862888,10
760,2794,158,144.4695777,12.28244882,0
133,2796,165,160.0920716,13.30483857,27
214,2796,156,157.4463547,14.27044563,12
381,2798,149,133.1346633,11.5817968,30
455,2799,150,149.2405154,12.97530064,-2
43,2802,142,154.2322893,12.37423998,4
26,2803,152,160.8444993,14.19130155,18
135,2805,144,155.7290363,15.85348536,24
153,2805,163,160.5744417,13.10153853,27
735,2807,154,150.1109906,11.80352408,10
418,2810,142,132.6454462,12.26532172,20
570,2810,127,136.3950348,11.05964758,15
612,2812,151,152.6090555,11.82362162,27
35,2813,161,141.7006481,12.15138275,6
124,2814,152,157.015691,13.43178576,18
331,2814,142,144.6890424,12.25198697,21
359,2814,157,144.0622407,12.13536281,28
163,2818,172,161.2394708,14.59632149,21
482,2818,137,145.0674258,12.56726017,13
303,2819,163,149.6460797,12.66235112,10
810,2819,146,156.884677,13.65389664,26
43,2820,154,154.2322893,12.37423998,4
546,2824,133,149.9232448,12.69359745,5
489,2825,145,146.5325325,11.97196036,5
579,2826,153,152.9274599,13.58003819,15
538,2829,143,153.9642737,11.98583588,0
308,2833,145,144.3101737,12.60303292,8
350,2833,139,134.3880699,12.08442408,25
438,2833,133,142.9070175,14.10274412,16
605,2833,141,142.2888889,12.20021799,16
605,2835,140,142.2888889,12.20021799,16
430,2837,148,133.4275643,12.15925569,13
585,2837,131,138.4226295,11.67174989,15
581,2838,138,141.8521303,12.46778256,9
656,2838,151,142.4051891,11.34577291,26
661,2840,142,134.175117,10.73866661,24
480,2841,119,147.7496439,11.60891923,8
454,2845,137,144.9427046,11.92273943,3
209,2847,146,154.1025595,12.07064157,0
490,2849,147,151.4542564,12.62012109,8
591,2851,142,133.0942207,10.80352056,26
125,2853,157,157.0535588,12.17706216,22
153,2853,163,160.5744417,13.10153853,27
611,2854,151,139.5548545,11.06759033,31
26,2855,155,160.8444993,14.19130155,18
125,2855,160,157.0535588,12.17706216,22
432,2856,134,136.4604701,12.3591359,15
452,2857,155,141.8966725,12.71025961,12
652,2857,145,149.296372,11.77471978,26
330,2858,159,149.8450106,13.03356688,16
481,2859,139,155.4838391,13.67780343,11
528,2863,126,145.0233062,12.68231285,15
557,2864,137,133.4164692,11.77501777,9
62,2865,162,157.534079,13.279226,0
428,2865,135,142.9906617,12.51455469,28
588,2866,151,143.8118514,12.50280721,16
275,2869,143,140.5686783,11.93234551,5
740,2869,139,143.6016742,11.35486946,4
657,2872,138,148.8694648,11.7695663,30
128,2873,171,166.6530899,13.02963876,32
662,2873,148,127.1428073,10.84690157,25
27,2874,137,142.3197851,12.18187442,21
339,2875,132,139.6171783,12.95794179,15
790,2875,132,144.8881154,12.26387529,0
599,2876,149,140.8831397,11.33928836,29
701,2876,128,139.4565842,11.64809701,15
373,2877,142,132.5454545,12.06299561,28
27,2878,146,142.3197851,12.18187442,21
248,2879,151,145.9598863,13.12178698,1
239,2880,149,143.7649805,13.2274198,
658,2882,153,140.3690023,11.58462727,26
601,2885,159,151.5185766,12.03512281,24
585,2887,136,138.4226295,11.67174989,15
503,2888,138,142.2708694,12.55989872,-1
560,2888,158,148.804205,12.04383926,17
385,2889,172,148.2893543,14.19464921,23
579,2890,147,152.9274599,13.58003819,15
16,2891,149,143.0171329,12.58336786,23
157,2892,162,157.4129646,13.13309456,28
482,2892,129,145.0674258,12.56726017,13
665,2892,162,143.5741643,12.3166114,24
418,2894,136,132.6454462,12.26532172,20
389,2895,140,141.4928297,12.06581364,23
581,2895,132,141.8521303,12.46778256,9
35,2896,124,141.7006481,12.15138275,6
601,2898,147,151.5185766,12.03512281,24
337,2899,147,148.3453423,12.99541862,22
694,2900,139,141.2464205,11.63201914,13
565,2901,149,143.8994073,12.31715324,16
123,2905,164,143.6781726,12.0574571,22
681,2905,155,150.8111965,12.82400132,23
681,2905,150,150.8111965,12.82400132,23
289,2906,151,143.3810538,12.60505609,23
580,2906,139,140.3149171,11.58190856,8
367,2907,154,145.1557377,12.23394552,28
254,2909,161,159.852289,12.26502353,-8
442,2911,156,153.0657954,13.60284254,17
590,2911,153,152.2497663,11.60578486,31
791,2914,139,142.149707,11.46202888,10
499,2915,146,144.4975978,12.4185558,-2
593,2918,160,139.5662898,11.85406865,19
765,2919,153,151.8333906,12.21837032,0
460,2921,135,142.0472279,12.21654086,0
639,2922,143,141.5268435,11.34375738,25
786,2922,166,154.5951009,12.9291769,3
29,2923,165,152.5630281,12.54418169,8
594,2923,149,150.4772932,11.49328746,19
350,2924,141,134.3880699,12.08442408,25
507,2924,151,153.3786107,12.69866466,0
361,2927,140,146.2313897,13.34831961,22
510,2931,152,151.6854589,12.20306044,0
725,2933,156,145.6866644,11.88927117,9
24,2934,120,154.3619925,12.14122743,18
645,2935,154,144.8565084,12.42341305,19
6,2941,141,144.8876781,14.83615977,18
652,2941,148,149.296372,11.77471978,26
528,2946,134,145.0233062,12.68231285,15
796,2946,154,153.608076,12.28794706,2
260,2948,152,152.1223502,12.73178309,3
550,2949,136,145.0559918,12.15409778,1
511,2953,154,148.0454387,12.68964676,5
683,2956,153,142.2087576,11.9734306,18
369,2957,138,149.1462552,13.21641813,24
305,2959,147,145.2950474,12.98997345,15
438,2962,127,142.9070175,14.10274412,16
167,2963,153,158.0290598,13.51426506,26
594,2964,142,150.4772932,11.49328746,19
688,2965,148,148.2147947,11.53261943,17
317,2966,144,135.8016194,12.00831255,16
565,2969,142,143.8994073,12.31715324,16
822,2974,146,142.1102842,11.9294511,24
574,2976,133,136.1698915,11.47560906,17
447,2978,126,132.3478555,11.74058116,6
667,2978,163,148.4574326,12.18129512,27
27,2979,146,142.3197851,12.18187442,21
678,2981,140,139.8629168,11.78029613,16
573,2982,167,152.611755,12.40211712,26
305,2983,137,145.2950474,12.98997345,15
35,2984,145,141.7006481,12.15138275,6
763,2985,149,141.7130435,11.87127384,1
721,2988,162,160.2190444,12.87415599,20
690,2990,148,140.9237231,11.80258488,19
835,2992,156,154.8328321,12.8137994,20
138,2993,149,156.9331976,15.20062974,23
538,2993,163,153.9642737,11.98583588,0
123,2996,150,143.6781726,12.0574571,22
588,2998,154,143.8118514,12.50280721,16
560,2999,143,148.804205,12.04383926,17
481,3002,144,155.4838391,13.67780343,11
483,3002,142,142.6484065,12.67416286,9
489,3002,148,146.5325325,11.97196036,5
428,3003,134,142.9906617,12.51455469,28
279,3004,142,145.2683616,13.05604322,6
581,3004,83,141.8521303,12.46778256,9
775,3004,136,139.885486,10.81514181,0
42,3010,170,164.2277261,15.49029854,3
209,3010,152,154.1025595,12.07064157,0
820,3010,144,142.6821809,11.93404661,12
552,3011,133,154.0830013,13.63645817,1
576,3011,147,147.4588071,11.56513179,14
163,3013,149,161.2394708,14.59632149,21
336,3013,144,138.2307692,12.29114446,25
206,3015,147,152.0646617,12.47342941,2
366,3016,155,151.6804295,13.28709472,33
318,3017,149,146.0843069,12.86701838,17
549,3018,138,134.4587222,11.32200646,15
572,3018,135,139.7391823,11.65189091,10
239,3019,143,143.7649805,13.2274198,
490,3020,152,151.4542564,12.62012109,8
516,3021,171,163.1876241,15.22236175,4
744,3021,138,135.4580537,10.64903656,8
787,3021,158,155.0846012,13.34102241,10
569,3023,131,133.8945445,11.25614471,8
258,3024,139,142.3249391,12.95713501,0
347,3024,149,149.8834356,13.43652831,25
370,3026,142,137.6782462,12.72839071,24
483,3027,124,142.6484065,12.67416286,9
425,3029,125,126.7937086,11.74841523,25
821,3031,139,138.7921609,11.80433966,14
590,3033,156,152.2497663,11.60578486,31
669,3033,170,154.3420411,14.12445141,28
821,3033,112,138.7921609,11.80433966,14
521,3034,138,140.9851485,12.02496475,-11
331,3035,149,144.6890424,12.25198697,21
465,3036,125,132.7483547,11.49108041,3
654,3036,133,143.2450871,11.95366601,23
244,3037,155,150.1240135,13.03189448,0
481,3037,141,155.4838391,13.67780343,11
568,3039,128,136.1166961,11.33732169,11
515,3040,142,154.3949359,13.3310711,0
331,3042,151,144.6890424,12.25198697,21
273,3045,142,142.8680053,11.78018117,10
684,3046,157,139.8482232,12.21068708,18
29,3047,153,152.5630281,12.54418169,8
491,3048,147,147.0936566,12.47223097,2
686,3048,149,143.1550305,12.26827182,15
537,3050,131,137.7089479,11.7396649,7
520,3051,129,137.3152031,11.6771367,0
233,3054,155,151.3371721,13.25074834,3
345,3054,156,157.6390469,14.4173138,20
663,3054,162,157.7307745,12.37343112,29
579,3055,143,152.9274599,13.58003819,15
35,3056,135,141.7006481,12.15138275,6
579,3056,154,152.9274599,13.58003819,15
335,3060,141,157.7813394,14.27815741,14
468,3062,134,139.6981379,11.27345822,3
604,3062,146,140.9186239,11.25432024,22
585,3063,136,138.4226295,11.67174989,15
253,3066,152,155.6612815,12.38155031,-4
161,3067,167,164.6705927,12.94125435,30
372,3067,145,140.7526602,12.38829208,34
253,3069,165,155.6612815,12.38155031,-4
669,3070,160,154.3420411,14.12445141,28
43,3072,154,154.2322893,12.37423998,4
428,3073,134,142.9906617,12.51455469,28
248,3078,129,145.9598863,13.12178698,1
78,3082,164,161.5697108,13.00911345,0
486,3084,155,145.8768376,12.18002195,14
808,3087,146,148.3564785,12.0847347,20
239,3088,152,143.7649805,13.2274198,
570,3089,134,136.3950348,11.05964758,15
632,3090,169,159.4849878,12.54627363,33
633,3091,171,149.6162676,13.09309408,24
169,3092,161,153.4051095,12.41060528,31
37,3093,158,149.6513761,13.31589369,9
263,3094,140,141.4714202,12.22440919,7
401,3096,162,145.7766583,13.70208161,26
568,3097,123,136.1166961,11.33732169,11
163,3101,167,161.2394708,14.59632149,21
706,3103,130,138.0301825,11.37442695,13
576,3104,145,147.4588071,11.56513179,14
4,3106,151,149.4106115,12.51918142,
316,3109,142,138.1152882,13.69386767,23
339,3110,132,139.6171783,12.95794179,15
13,3112,175,143.8639944,12.11354875,17
574,3114,133,136.1698915,11.47560906,17
577,3119,142,148.7532051,12.548362,9
577,3120,150,148.7532051,12.548362,9
756,3121,143,150.0225779,11.49022669,2
805,3124,142,139.9891447,11.87186092,14
708,3127,143,138.7173469,11.70572557,6
720,3130,169,163.2158365,12.42664138,13
795,3131,148,146.2261249,11.43082635,16
369,3133,137,149.1462552,13.21641813,24
167,3134,154,158.0290598,13.51426506,26
393,3135,152,143.0461049,12.49604833,30
517,3135,140,143.3679171,12.61819785,1
589,3135,146,140.4366293,11.20080284,23
597,3135,156,147.3165171,12.2914424,25
233,3138,162,151.3371721,13.25074834,3
273,3140,144,142.8680053,11.78018117,10
551,3140,138,139.232229,11.49736365,1
674,3140,144,141.4364833,12.19855193,25
265,3145,154,149.8431973,14.19612598,4
586,3145,133,136.4125619,11.65649789,12
264,3146,145,159.351341,16.0655131,5
572,3146,130,139.7391823,11.65189091,10
149,3147,170,161.6591745,14.32630629,21
347,3147,158,149.8834356,13.43652831,25
307,3154,147,143.5063902,12.4572761,24
386,3154,155,149.0964686,13.30815917,28
608,3154,131,133.2935022,10.9897652,21
253,3155,162,155.6612815,12.38155031,-4
672,3156,156,142.270775,11.58851653,22
248,3157,152,145.9598863,13.12178698,1
726,3159,154,156.1892405,12.09760063,8
657,3160,149,148.8694648,11.7695663,30
214,3161,164,157.4463547,14.27044563,12
607,3162,142,138.6397466,11.31168527,21
209,3169,157,154.1025595,12.07064157,0
335,3169,140,157.7813394,14.27815741,14
773,3170,147,147.7922581,11.729196,0
35,3171,148,141.7006481,12.15138275,6
425,3173,128,126.7937086,11.74841523,25
457,3173,140,137.3216208,11.62555442,5
483,3173,143,142.6484065,12.67416286,9
570,3173,132,136.3950348,11.05964758,15
485,3179,157,150.6505017,12.40069365,6
24,3183,144,154.3619925,12.14122743,18
143,3185,163,160.6253937,13.9156329,27
483,3185,135,142.6484065,12.67416286,9
248,3186,147,145.9598863,13.12178698,1
338,3186,142,139.7032622,11.93398419,14
571,3186,145,147.063004,11.83610958,16
359,3187,139,144.0622407,12.13536281,28
253,3189,168,155.6612815,12.38155031,-4
355,3189,130,135.5260516,12.38773078,26
326,3191,144,152.5339151,12.86466709,19
606,3193,138,134.6039861,11.17817192,18
459,3195,140,149.1891206,12.95406223,-2
359,3197,153,144.0622407,12.13536281,28
375,3197,156,138.5747918,13.28684755,22
161,3198,169,164.6705927,12.94125435,30
318,3199,157,146.0843069,12.86701838,17
239,3200,154,143.7649805,13.2274198,
465,3200,128,132.7483547,11.49108041,3
835,3202,160,154.8328321,12.8137994,20
702,3204,151,139.7406699,10.98452428,25
354,3210,155,155.9744501,14.66009376,24
821,3211,144,138.7921609,11.80433966,14
567,3212,136,140.1416838,12.12138577,5
43,3216,153,154.2322893,12.37423998,4
206,3218,153,152.0646617,12.47342941,2
347,3219,147,149.8834356,13.43652831,25
585,3219,139,138.4226295,11.67174989,15
441,3227,134,138.5281583,12.63057863,11
445,3232,127,136.8441128,12.01349353,13
572,3233,128,139.7391823,11.65189091,10
672,3234,143,142.270775,11.58851653,22
817,3236,118,136.4993987,11.22162862,7
614,3237,140,136.1401548,11.66404127,21
659,3238,156,136.5868893,11.06816327,23
258,3241,153,142.3249391,12.95713501,0
576,3248,136,147.4588071,11.56513179,14
674,3250,150,141.4364833,12.19855193,25
346,3254,143,152.111976,13.12989136,20
698,3257,149,146.005604,11.93931818,10
768,3258,131,143.459102,11.37431528,1
239,3260,125,143.7649805,13.2274198,
239,3262,144,143.7649805,13.2274198,
569,3262,131,133.8945445,11.25614471,8
358,3272,154,146.8983532,13.19570136,28
355,3273,133,135.5260516,12.38773078,26
456,3275,154,145.5489596,11.80942215,8
354,3277,138,155.9744501,14.66009376,24
817,3277,125,136.4993987,11.22162862,7
363,3281,167,155.973672,12.49158788,25
568,3281,130,136.1166961,11.33732169,11
157,3285,164,157.4129646,13.13309456,28
151,3287,163,158.156172,12.77093859,30
209,3290,161,154.1025595,12.07064157,0
643,3291,162,159.8023609,13.22962382,24
483,3294,150,142.6484065,12.67416286,9
581,3296,146,141.8521303,12.46778256,9
486,3297,142,145.8768376,12.18002195,14
647,3298,150,137.2684373,11.70552419,21
445,3303,122,136.8441128,12.01349353,13
835,3303,164,154.8328321,12.8137994,20
239,3304,144,143.7649805,13.2274198,
354,3304,155,155.9744501,14.66009376,24
390,3304,151,145.4269289,13.96439891,22
390,3304,157,145.4269289,13.96439891,22
418,3304,155,132.6454462,12.26532172,20
441,3304,167,138.5281583,12.63057863,11
821,3304,138,138.7921609,11.80433966,14
579,3306,154,152.9274599,13.58003819,15
605,3306,132,142.2888889,12.20021799,16
344,3309,136,141.5603472,12.9096,14
406,3311,153,151.2854197,13.47094744,26
167,3317,161,158.0290598,13.51426506,26
340,3317,155,151.2438725,13.55095486,16
590,3317,151,152.2497663,11.60578486,31
686,3317,136,143.1550305,12.26827182,15
184,3320,161,158.9580654,13.20138921,13
329,3320,135,138.1370034,12.60700519,14
579,3320,158,152.9274599,13.58003819,15
594,3321,160,150.4772932,11.49328746,19
817,3321,142,136.4993987,11.22162862,7
206,3322,158,152.0646617,12.47342941,2
43,3325,165,154.2322893,12.37423998,4
446,3325,135,134.9049787,12.17770945,8
500,3325,138,141.2747902,11.87614065,2
429,3331,141,141.8463995,13.40825331,15
483,3334,143,142.6484065,12.67416286,9
533,3334,145,158.5878824,13.82946587,3
586,3334,130,136.4125619,11.65649789,12
37,3335,160,149.6513761,13.31589369,9
482,3336,134,145.0674258,12.56726017,13
222,3337,170,157.3443609,14.17875104,1
24,3338,154,154.3619925,12.14122743,18
375,3341,144,138.5747918,13.28684755,22
656,3346,151,142.4051891,11.34577291,26
346,3347,153,152.111976,13.12989136,20
482,3347,137,145.0674258,12.56726017,13
359,3348,135,144.0622407,12.13536281,28
807,3348,150,144.3365931,12.68920505,3
272,3352,134,141.2669718,12.93716407,14
371,3352,147,137.5323569,12.34864601,30
609,3352,147,140.9433962,11.07445489,26
213,3357,166,147.4979339,11.75777256,9
557,3358,130,133.4164692,11.77501777,9
456,3359,149,145.5489596,11.80942215,8
523,3360,160,155.1325681,13.32755587,4
222,3361,164,157.3443609,14.17875104,1
3,3362,177,156.4921384,13.42871132,
685,3370,149,141.6434837,11.11982368,15
255,3371,170,165.6633958,11.98050231,0
595,3371,148,148.6330325,12.38963134,15
132,3373,172,166.9725946,13.98886327,24
557,3376,133,133.4164692,11.77501777,9
39,3381,154,153.7267809,14.22195361,4
654,3381,141,143.2450871,11.95366601,23
641,3383,145,134.0667441,11.71085955,24
309,3385,151,148.4405927,13.29796531,17
657,3385,148,148.8694648,11.7695663,30
124,3390,151,157.015691,13.43178576,18
263,3390,132,141.4714202,12.22440919,7
532,3393,165,159.0066086,12.30621232,-2
263,3395,145,141.4714202,12.22440919,7
697,3399,145,147.764148,12.20242137,16
568,3401,128,136.1166961,11.33732169,11
300,3403,152,146.0566887,11.78774508,13
355,3403,134,135.5260516,12.38773078,26
601,3403,159,151.5185766,12.03512281,24
289,3408,147,143.3810538,12.60505609,23
471,3413,163,149.5601323,12.30951238,6
321,3415,149,137.5649251,12.05732392,17
641,3416,138,134.0667441,11.71085955,24
39,3418,148,153.7267809,14.22195361,4
347,3419,152,149.8834356,13.43652831,25
570,3422,129,136.3950348,11.05964758,15
244,3423,155,150.1240135,13.03189448,0
617,3423,151,148.2345854,11.00028567,30
301,3424,143,141.4507175,11.53964017,16
449,3431,129,147.0018645,12.62140087,15
462,3431,140,137.5573277,12.08770637,4
706,3433,134,138.0301825,11.37442695,13
359,3435,146,144.0622407,12.13536281,28
328,3438,141,155.2241379,14.00807055,15
339,3439,139,139.6171783,12.95794179,15
647,3440,148,137.2684373,11.70552419,21
274,3441,153,156.8457986,14.27637799,7
253,3442,163,155.6612815,12.38155031,-4
309,3442,146,148.4405927,13.29796531,17
572,3444,147,139.7391823,11.65189091,10
402,3445,166,150.1008111,14.19662086,21
35,3448,147,141.7006481,12.15138275,6
406,3448,149,151.2854197,13.47094744,26
239,3449,162,143.7649805,13.2274198,
358,3449,150,146.8983532,13.19570136,28
632,3449,175,159.4849878,12.54627363,33
641,3449,148,134.0667441,11.71085955,24
152,3453,154,158.2961918,14.13959281,24
402,3453,171,150.1008111,14.19662086,21
37,3458,161,149.6513761,13.31589369,9
128,3458,177,166.6530899,13.02963876,32
262,3462,144,145.6017108,13.03849751,9
429,3463,146,141.8463995,13.40825331,15
494,3463,129,135.9601617,11.70923903,3
187,3464,170,162.845843,13.63758256,13
38,3471,159,156.6927587,13.85663536,10
459,3472,135,149.1891206,12.95406223,-2
574,3472,135,136.1698915,11.47560906,17
647,3477,138,137.2684373,11.70552419,21
647,3477,136,137.2684373,11.70552419,21
576,3478,149,147.4588071,11.56513179,14
35,3479,129,141.7006481,12.15138275,6
667,3480,162,148.4574326,12.18129512,27
19,3485,102,147.1717105,11.82261848,14
399,3485,166,154.0680152,12.45351504,27
368,3490,152,143.8108242,13.43589533,31
554,3490,162,134.6983169,11.59079733,11
614,3490,156,136.1401548,11.66404127,21
184,3491,155,158.9580654,13.20138921,13
483,3491,155,142.6484065,12.67416286,9
449,3493,160,147.0018645,12.62140087,15
22,3494,170,159.7882987,14.71919353,13
350,3494,119,134.3880699,12.08442408,25
375,3495,144,138.5747918,13.28684755,22
137,3497,180,165.3229833,13.99224219,27
597,3497,149,147.3165171,12.2914424,25
161,3500,166,164.6705927,12.94125435,30
35,3501,147,141.7006481,12.15138275,6
253,3503,169,155.6612815,12.38155031,-4
763,3504,143,141.7130435,11.87127384,1
586,3506,131,136.4125619,11.65649789,12
24,3507,148,154.3619925,12.14122743,18
565,3508,145,143.8994073,12.31715324,16
543,3509,144,149.6042201,13.22597744,13
606,3510,157,134.6039861,11.17817192,18
386,3511,154,149.0964686,13.30815917,28
391,3513,149,151.6929873,13.66343523,28
686,3514,135,143.1550305,12.26827182,15
560,3519,149,148.804205,12.04383926,17
332,3522,153,150.7260222,13.34014941,18
415,3522,168,164.3565072,12.85513448,25
348,3524,146,146.9683327,13.272676,23
701,3524,153,139.4565842,11.64809701,15
147,3526,184,168.9962121,14.63450568,30
187,3526,169,162.845843,13.63758256,13
585,3527,137,138.4226295,11.67174989,15
439,3528,125,134.8931465,11.3505249,8
581,3529,143,141.8521303,12.46778256,9
756,3529,156,150.0225779,11.49022669,2
562,3532,150,146.4650073,12.95960657,4
597,3534,145,147.3165171,12.2914424,25
821,3541,133,138.7921609,11.80433966,14
29,3544,145,152.5630281,12.54418169,8
476,3545,146,139.2009536,12.12095616,3
398,3546,167,151.7238112,12.16203495,23
412,3550,164,144.6958002,13.07706943,28
39,3551,151,153.7267809,14.22195361,4
399,3554,122,154.0680152,12.45351504,27
128,3558,180,166.6530899,13.02963876,32
459,3558,133,149.1891206,12.95406223,-2
428,3559,150,142.9906617,12.51455469,28
595,3560,140,148.6330325,12.38963134,15
607,3561,143,138.6397466,11.31168527,21
354,3563,160,155.9744501,14.66009376,24
590,3566,158,152.2497663,11.60578486,31
657,3570,141,148.8694648,11.7695663,30
571,3575,142,147.063004,11.83610958,16
399,3577,144,154.0680152,12.45351504,27
184,3580,166,158.9580654,13.20138921,13
410,3580,145,146.1625045,13.67847089,17
358,3581,152,146.8983532,13.19570136,28
344,3582,150,141.5603472,12.9096,14
449,3584,139,147.0018645,12.62140087,15
635,3584,149,144.6788775,12.29004624,24
239,3590,127,143.7649805,13.2274198,
335,3593,151,157.7813394,14.27815741,14
401,3594,156,145.7766583,13.70208161,26
258,3597,136,142.3249391,12.95713501,0
239,3599,141,143.7649805,13.2274198,
433,3599,150,143.9187675,12.92139126,17
37,3601,156,149.6513761,13.31589369,9
681,3603,154,150.8111965,12.82400132,23
821,3603,136,138.7921609,11.80433966,14
706,3604,141,138.0301825,11.37442695,13
151,3605,148,158.156172,12.77093859,30
654,3608,142,143.2450871,11.95366601,23
39,3610,153,153.7267809,14.22195361,4
445,3611,131,136.8441128,12.01349353,13
652,3611,148,149.296372,11.77471978,26
806,3612,148,151.1858072,12.47697031,5
567,3613,135,140.1416838,12.12138577,5
567,3614,140,140.1416838,12.12138577,5
289,3615,146,143.3810538,12.60505609,23
35,3618,149,141.7006481,12.15138275,6
262,3623,140,145.6017108,13.03849751,9
415,3626,162,164.3565072,12.85513448,25
239,3628,127,143.7649805,13.2274198,
309,3628,149,148.4405927,13.29796531,17
19,3629,130,147.1717105,11.82261848,14
391,3636,163,151.6929873,13.66343523,28
569,3640,131,133.8945445,11.25614471,8
284,3641,140,141.7720384,12.86020217,8
445,3641,143,136.8441128,12.01349353,13
608,3641,145,133.2935022,10.9897652,21
239,3646,151,143.7649805,13.2274198,
356,3646,145,149.4066038,14.5269583,24
483,3650,149,142.6484065,12.67416286,9
585,3655,132,138.4226295,11.67174989,15
449,3660,157,147.0018645,12.62140087,15
811,3663,142,147.9395589,12.67819929,16
22,3664,147,159.7882987,14.71919353,13
359,3669,143,144.0622407,12.13536281,28
239,3670,143,143.7649805,13.2274198,
804,3672,145,149.7258111,12.86792754,12
19,3673,144,147.1717105,11.82261848,14
595,3674,144,148.6330325,12.38963134,15
35,3675,145,141.7006481,12.15138275,6
449,3676,150,147.0018645,12.62140087,15
161,3677,166,164.6705927,12.94125435,30
656,3678,163,142.4051891,11.34577291,26
22,3682,95,159.7882987,14.71919353,13
811,3684,145,147.9395589,12.67819929,16
573,3685,159,152.611755,12.40211712,26
258,3689,150,142.3249391,12.95713501,0
632,3690,176,159.4849878,12.54627363,33
674,3690,150,141.4364833,12.19855193,25
253,3691,157,155.6612815,12.38155031,-4
560,3692,152,148.804205,12.04383926,17
278,3693,141,141.5782774,12.85951008,5
364,3697,176,140.9175695,14.18609612,21
370,3698,142,137.6782462,12.72839071,24
565,3703,141,143.8994073,12.31715324,16
565,3708,149,143.8994073,12.31715324,16
241,3709,151,162.3443332,12.76949372,1
667,3714,165,148.4574326,12.18129512,27
356,3717,140,149.4066038,14.5269583,24
517,3720,135,143.3679171,12.61819785,1
632,3721,178,159.4849878,12.54627363,33
278,3724,132,141.5782774,12.85951008,5
752,3727,155,145.5150215,11.03408594,7
585,3730,135,138.4226295,11.67174989,15
657,3730,142,148.8694648,11.7695663,30
241,3732,154,162.3443332,12.76949372,1
483,3734,141,142.6484065,12.67416286,9
579,3736,159,152.9274599,13.58003819,15
253,3738,80,155.6612815,12.38155031,-4
262,3738,144,145.6017108,13.03849751,9
579,3741,156,152.9274599,13.58003819,15
597,3743,148,147.3165171,12.2914424,25
258,3748,147,142.3249391,12.95713501,0
27,3753,156,142.3197851,12.18187442,21
428,3753,166,142.9906617,12.51455469,28
289,3759,149,143.3810538,12.60505609,23
262,3760,141,145.6017108,13.03849751,9
542,3762,142,141.6970502,12.40585352,7
590,3763,146,152.2497663,11.60578486,31
239,3764,155,143.7649805,13.2274198,
667,3767,172,148.4574326,12.18129512,27
619,3770,159,139.8797771,10.99316375,25
763,3771,150,141.7130435,11.87127384,1
449,3772,116,147.0018645,12.62140087,15
376,3775,132,129.845187,12.0217684,21
449,3777,160,147.0018645,12.62140087,15
660,3779,155,151.977494,13.65589691,23
576,3780,142,147.4588071,11.56513179,14
3,3787,154,156.4921384,13.42871132,
239,3787,142,143.7649805,13.2274198,
686,3788,153,143.1550305,12.26827182,15
164,3798,167,163.1516252,14.59060607,19
806,3798,147,151.1858072,12.47697031,5
43,3800,157,154.2322893,12.37423998,4
572,3806,138,139.7391823,11.65189091,10
361,3809,154,146.2313897,13.34831961,22
801,3809,170,151.4146341,12.43561383,13
3,3815,155,156.4921384,13.42871132,
570,3819,128,136.3950348,11.05964758,15
597,3824,140,147.3165171,12.2914424,25
403,3826,147,147.4767559,11.47452658,25
360,3828,144,136.7178453,12.37743243,22
634,3828,146,144.26726,12.5807642,23
569,3831,139,133.8945445,11.25614471,8
163,3832,167,161.2394708,14.59632149,21
445,3833,126,136.8441128,12.01349353,13
328,3834,136,155.2241379,14.00807055,15
565,3835,138,143.8994073,12.31715324,16
763,3835,148,141.7130435,11.87127384,1
564,3839,148,146.8555766,12.53359469,6
371,3840,146,137.5323569,12.34864601,30
422,3843,141,131.2356091,12.29049542,22
151,3845,164,158.156172,12.77093859,30
585,3848,138,138.4226295,11.67174989,15
398,3849,149,151.7238112,12.16203495,23
239,3855,154,143.7649805,13.2274198,
4,3859,148,149.4106115,12.51918142,
252,3859,139,142.3891695,12.61661597,-4
548,3860,127,141.6140896,12.05714685,5
164,3861,170,163.1516252,14.59060607,19
272,3862,134,141.2669718,12.93716407,14
255,3863,144,165.6633958,11.98050231,0
372,3863,149,140.7526602,12.38829208,34
602,3863,163,153.4196429,12.20600078,24
531,3867,126,141.9485522,12.00121892,-1
39,3873,146,153.7267809,14.22195361,4
821,3877,142,138.7921609,11.80433966,14
27,3886,156,142.3197851,12.18187442,21
326,3886,144,152.5339151,12.86466709,19
483,3887,141,142.6484065,12.67416286,9
574,3892,133,136.1698915,11.47560906,17
539,3894,134,155.9655431,13.35438921,9
374,3895,132,124.0124429,11.67059848,22
22,3897,148,159.7882987,14.71919353,13
366,3902,156,151.6804295,13.28709472,33
153,3908,164,160.5744417,13.10153853,27
349,3914,137,137.3125972,12.77072926,19
706,3919,142,138.0301825,11.37442695,13
492,3920,158,151.0400209,12.85785341,1
652,3920,161,149.296372,11.77471978,26
602,3921,157,153.4196429,12.20600078,24
657,3923,149,148.8694648,11.7695663,30
209,3933,156,154.1025595,12.07064157,0
560,3933,161,148.804205,12.04383926,17
567,3935,137,140.1416838,12.12138577,5
640,3937,153,146.7283455,12.12308369,27
272,3939,139,141.2669718,12.93716407,14
301,3940,137,141.4507175,11.53964017,16
601,3942,155,151.5185766,12.03512281,24
43,3949,156,154.2322893,12.37423998,4
133,3953,168,160.0920716,13.30483857,27
37,3956,160,149.6513761,13.31589369,9
586,3959,149,136.4125619,11.65649789,12
564,3960,141,146.8555766,12.53359469,6
571,3960,153,147.063004,11.83610958,16
167,3963,158,158.0290598,13.51426506,26
647,3967,149,137.2684373,11.70552419,21
708,3967,144,138.7173469,11.70572557,6
525,3970,125,136.505753,11.83179622,-4
579,3972,169,152.9274599,13.58003819,15
167,3974,158,158.0290598,13.51426506,26
37,3978,162,149.6513761,13.31589369,9
522,3978,141,141.2027266,11.63644116,0
258,3979,126,142.3249391,12.95713501,0
483,3979,138,142.6484065,12.67416286,9
374,3983,162,124.0124429,11.67059848,22
764,3984,147,145.877836,11.82033961,1
495,3985,170,152.7092248,13.00137217,10
153,3986,165,160.5744417,13.10153853,27
508,3988,144,146.6828074,12.1743753,0
536,3988,115,141.4592629,11.81709139,6
635,3992,147,144.6788775,12.29004624,24
795,3997,145,146.2261249,11.43082635,16
399,3998,153,154.0680152,12.45351504,27
581,4002,162,141.8521303,12.46778256,9
835,4003,155,154.8328321,12.8137994,20
35,4008,150,141.7006481,12.15138275,6
280,4013,151,152.5008741,14.49542986,10
393,4019,145,143.0461049,12.49604833,30
539,4030,148,155.9655431,13.35438921,9
612,4032,161,152.6090555,11.82362162,27
613,4036,148,140.6692876,11.38949786,19
408,4045,146,146.8439292,11.44689004,18
365,4049,132,138.9651639,13.26010082,25
791,4050,151,142.149707,11.46202888,10
337,4052,155,148.3453423,12.99541862,22
832,4056,140,138.5223325,11.34720803,14
368,4064,155,143.8108242,13.43589533,31
357,4066,154,152.4189935,13.0507545,26
398,4066,137,151.7238112,12.16203495,23
449,4067,149,147.0018645,12.62140087,15
80,4068,158,162.7320246,14.36619934,8
3,4071,177,156.4921384,13.42871132,
354,4071,161,155.9744501,14.66009376,24
605,4078,143,142.2888889,12.20021799,16
529,4082,129,150.0365051,12.07114039,0
597,4082,145,147.3165171,12.2914424,25
360,4083,127,136.7178453,12.37743243,22
157,4087,166,157.4129646,13.13309456,28
3,4090,149,156.4921384,13.42871132,
634,4099,147,144.26726,12.5807642,23
392,4100,154,152.5569704,12.60016104,25
597,4112,150,147.3165171,12.2914424,25
328,4113,150,155.2241379,14.00807055,15
764,4125,153,145.877836,11.82033961,1
579,4126,170,152.9274599,13.58003819,15
328,4128,145,155.2241379,14.00807055,15
439,4129,131,134.8931465,11.3505249,8
704,4129,154,140.293653,12.06206525,20
393,4132,138,143.0461049,12.49604833,30
528,4134,142,145.0233062,12.68231285,15
585,4144,140,138.4226295,11.67174989,15
536,4146,111,141.4592629,11.81709139,6
634,4165,156,144.26726,12.5807642,23
307,4172,154,143.5063902,12.4572761,24
572,4172,144,139.7391823,11.65189091,10
691,4174,157,154.3849733,13.05931359,21
595,4180,147,148.6330325,12.38963134,15
363,4187,156,155.973672,12.49158788,25
579,4187,171,152.9274599,13.58003819,15
355,4194,150,135.5260516,12.38773078,26
613,4195,147,140.6692876,11.38949786,19
43,4196,146,154.2322893,12.37423998,4
328,4197,145,155.2241379,14.00807055,15
574,4204,134,136.1698915,11.47560906,17
564,4209,138,146.8555766,12.53359469,6
360,4214,138,136.7178453,12.37743243,22
345,4215,166,157.6390469,14.4173138,20
541,4216,161,153.117617,13.8883259,2
654,4219,141,143.2450871,11.95366601,23
479,4230,130,135.2358467,11.76294196,5
80,4231,155,162.7320246,14.36619934,8
301,4232,138,141.4507175,11.53964017,16
657,4233,146,148.8694648,11.7695663,30
359,4234,142,144.0622407,12.13536281,28
574,4238,141,136.1698915,11.47560906,17
56,4242,154,153.9415496,13.09210304,1
372,4242,164,140.7526602,12.38829208,34
815,4246,145,145.9101924,12.25481281,6
706,4247,143,138.0301825,11.37442695,13
161,4248,165,164.6705927,12.94125435,30
702,4249,147,139.7406699,10.98452428,25
393,4253,143,143.0461049,12.49604833,30
615,4261,133,141.8532533,11.53285722,21
590,4262,156,152.2497663,11.60578486,31
576,4263,143,147.4588071,11.56513179,14
640,4265,164,146.7283455,12.12308369,27
514,4268,144,139.5167611,12.27525977,0
706,4275,138,138.0301825,11.37442695,13
646,4277,138,136.4680015,11.89295583,20
328,4288,141,155.2241379,14.00807055,15
143,4291,163,160.6253937,13.9156329,27
585,4293,136,138.4226295,11.67174989,15
483,4297,145,142.6484065,12.67416286,9
576,4307,139,147.4588071,11.56513179,14
570,4309,142,136.3950348,11.05964758,15
393,4316,143,143.0461049,12.49604833,30
602,4316,166,153.4196429,12.20600078,24
16,4318,160,143.0171329,12.58336786,23
517,4321,132,143.3679171,12.61819785,1
610,4344,151,144.8961749,11.49045653,25
393,4345,125,143.0461049,12.49604833,30
787,4360,170,155.0846012,13.34102241,10
354,4361,163,155.9744501,14.66009376,24
161,4365,158,164.6705927,12.94125435,30
361,4371,188,146.2313897,13.34831961,22
565,4377,143,143.8994073,12.31715324,16
43,4379,157,154.2322893,12.37423998,4
367,4381,161,145.1557377,12.23394552,28
660,4381,165,151.977494,13.65589691,23
398,4386,149,151.7238112,12.16203495,23
37,4393,154,149.6513761,13.31589369,9
359,4395,148,144.0622407,12.13536281,28
565,4403,133,143.8994073,12.31715324,16
808,4404,145,148.3564785,12.0847347,20
365,4408,139,138.9651639,13.26010082,25
635,4416,153,144.6788775,12.29004624,24
56,4419,161,153.9415496,13.09210304,1
663,4443,168,157.7307745,12.37343112,29
161,4448,166,164.6705927,12.94125435,30
442,4455,150,153.0657954,13.60284254,17
207,4458,158,157.676485,12.70128778,-2
702,4458,151,139.7406699,10.98452428,25
564,4461,148,146.8555766,12.53359469,6
326,4462,151,152.5339151,12.86466709,19
748,4465,170,150.2074468,12.52447755,6
359,4471,148,144.0622407,12.13536281,28
687,4479,142,143.0897803,11.90535939,22
657,4485,151,148.8694648,11.7695663,30
663,4485,171,157.7307745,12.37343112,29
449,4496,125,147.0018645,12.62140087,15
602,4501,173,153.4196429,12.20600078,24
617,4501,173,148.2345854,11.00028567,30
674,4508,151,141.4364833,12.19855193,25
349,4510,141,137.3125972,12.77072926,19
565,4510,141,143.8994073,12.31715324,16
43,4516,162,154.2322893,12.37423998,4
277,4520,148,144.3463801,13.32328427,14
326,4523,142,152.5339151,12.86466709,19
687,4529,143,143.0897803,11.90535939,22
585,4533,150,138.4226295,11.67174989,15
376,4538,118,129.845187,12.0217684,21
612,4539,164,152.6090555,11.82362162,27
393,4543,149,143.0461049,12.49604833,30
74,4554,167,159.8856224,14.2933593,11
43,4558,162,154.2322893,12.37423998,4
209,4558,156,154.1025595,12.07064157,0
356,4569,114,149.4066038,14.5269583,24
607,4575,136,138.6397466,11.31168527,21
570,4576,128,136.3950348,11.05964758,15
570,4579,137,136.3950348,11.05964758,15
572,4584,135,139.7391823,11.65189091,10
502,4597,100,146.8860927,12.50144424,-1
660,4600,168,151.977494,13.65589691,23
585,4602,137,138.4226295,11.67174989,15
483,4608,135,142.6484065,12.67416286,9
439,4610,135,134.8931465,11.3505249,8
353,4614,131,134.2844542,11.32606439,22
37,4621,157,149.6513761,13.31589369,9
759,4621,160,158.459354,12.82867555,5
16,4626,157,143.0171329,12.58336786,23
326,4630,134,152.5339151,12.86466709,19
602,4634,163,153.4196429,12.20600078,24
717,4644,152,142.2307025,11.71266025,3
660,4648,163,151.977494,13.65589691,23
366,4649,157,151.6804295,13.28709472,33
495,4656,162,152.7092248,13.00137217,10
398,4659,157,151.7238112,12.16203495,23
301,4663,150,141.4507175,11.53964017,16
337,4670,160,148.3453423,12.99541862,22
209,4677,159,154.1025595,12.07064157,0
209,4685,140,154.1025595,12.07064157,0
376,4686,120,129.845187,12.0217684,21
4,4689,145,149.4106115,12.51918142,
605,4699,141,142.2888889,12.20021799,16
635,4703,163,144.6788775,12.29004624,24
795,4715,149,146.2261249,11.43082635,16
364,4721,148,140.9175695,14.18609612,21
301,4726,149,141.4507175,11.53964017,16
398,4727,142,151.7238112,12.16203495,23
657,4730,147,148.8694648,11.7695663,30
334,4736,145,144.7770545,12.89844293,20
617,4741,138,148.2345854,11.00028567,30
565,4743,145,143.8994073,12.31715324,16
570,4743,127,136.3950348,11.05964758,15
280,4749,152,152.5008741,14.49542986,10
483,4753,133,142.6484065,12.67416286,9
244,4771,160,150.1240135,13.03189448,0
564,4775,158,146.8555766,12.53359469,6
570,4780,115,136.3950348,11.05964758,15
483,4782,137,142.6484065,12.67416286,9
367,4785,163,145.1557377,12.23394552,28
517,4794,144,143.3679171,12.61819785,1
534,4802,160,154.9665657,13.91233314,15
570,4806,133,136.3950348,11.05964758,15
768,4819,131,143.459102,11.37431528,1
161,4824,165,164.6705927,12.94125435,30
209,4824,162,154.1025595,12.07064157,0
326,4827,150,152.5339151,12.86466709,19
800,4831,146,153.1344095,12.84634902,16
157,4832,162,157.4129646,13.13309456,28
340,4843,159,151.2438725,13.55095486,16
570,4847,125,136.3950348,11.05964758,15
534,4858,148,154.9665657,13.91233314,15
813,4858,167,150.6745016,13.36424528,11
393,4871,148,143.0461049,12.49604833,30
617,4872,154,148.2345854,11.00028567,30
783,4878,164,154.7712056,13.19400739,2
392,4885,157,152.5569704,12.60016104,25
260,4887,151,152.1223502,12.73178309,3
301,4890,134,141.4507175,11.53964017,16
340,4909,162,151.2438725,13.55095486,16
339,4914,129,139.6171783,12.95794179,15
334,4922,145,144.7770545,12.89844293,20
16,4924,158,143.0171329,12.58336786,23
398,4927,151,151.7238112,12.16203495,23
617,4927,154,148.2345854,11.00028567,30
286,4932,158,159.8837398,15.3856257,11
265,4935,152,149.8431973,14.19612598,4
359,4942,146,144.0622407,12.13536281,28
590,4946,152,152.2497663,11.60578486,31
615,4948,129,141.8532533,11.53285722,21
572,4965,131,139.7391823,11.65189091,10
681,4972,175,150.8111965,12.82400132,23
687,4975,142,143.0897803,11.90535939,22
651,4980,160,146.0484689,11.14136702,31
393,4981,146,143.0461049,12.49604833,30
449,4988,150,147.0018645,12.62140087,15
164,4994,166,163.1516252,14.59060607,19
398,4994,160,151.7238112,12.16203495,23
772,4998,168,159.2233989,12.89047388,0
691,5001,148,154.3849733,13.05931359,21
153,5002,166,160.5744417,13.10153853,27
702,5007,142,139.7406699,10.98452428,25
505,5032,173,166.8438307,15.18683855,1
209,5036,160,154.1025595,12.07064157,0
326,5046,142,152.5339151,12.86466709,19
617,5049,152,148.2345854,11.00028567,30
702,5050,156,139.7406699,10.98452428,25
607,5070,138,138.6397466,11.31168527,21
534,5083,118,154.9665657,13.91233314,15
209,5105,159,154.1025595,12.07064157,0
565,5105,147,143.8994073,12.31715324,16
332,5115,155,150.7260222,13.34014941,18
483,5128,128,142.6484065,12.67416286,9
483,5134,131,142.6484065,12.67416286,9
167,5139,167,158.0290598,13.51426506,26
654,5150,146,143.2450871,11.95366601,23
483,5163,113,142.6484065,12.67416286,9
674,5166,166,141.4364833,12.19855193,25
483,5182,104,142.6484065,12.67416286,9
768,5182,134,143.459102,11.37431528,1
835,5184,165,154.8328321,12.8137994,20
605,5191,146,142.2888889,12.20021799,16
615,5192,134,141.8532533,11.53285722,21
449,5195,140,147.0018645,12.62140087,15
768,5195,114,143.459102,11.37431528,1
528,5210,152,145.0233062,12.68231285,15
643,5216,164,159.8023609,13.22962382,24
702,5223,158,139.7406699,10.98452428,25
164,5240,173,163.1516252,14.59060607,19
332,5243,157,150.7260222,13.34014941,18
43,5245,156,154.2322893,12.37423998,4
500,5247,135,141.2747902,11.87614065,2
687,5258,138,143.0897803,11.90535939,22
161,5272,166,164.6705927,12.94125435,30
687,5279,155,143.0897803,11.90535939,22
328,5280,183,155.2241379,14.00807055,15
393,5285,137,143.0461049,12.49604833,30
359,5289,147,144.0622407,12.13536281,28
161,5297,171,164.6705927,12.94125435,30
500,5300,142,141.2747902,11.87614065,2
646,5304,148,136.4680015,11.89295583,20
585,5305,142,138.4226295,11.67174989,15
348,5316,156,146.9683327,13.272676,23
827,5323,170,162.0182228,14.24686102,18
328,5331,127,155.2241379,14.00807055,15
702,5336,148,139.7406699,10.98452428,25
565,5338,142,143.8994073,12.31715324,16
646,5356,146,136.4680015,11.89295583,20
590,5363,163,152.2497663,11.60578486,31
209,5366,161,154.1025595,12.07064157,0
610,5368,147,144.8961749,11.49045653,25
800,5417,148,153.1344095,12.84634902,16
605,5421,157,142.2888889,12.20021799,16
512,5425,162,156.1885914,13.47361048,12
654,5430,144,143.2450871,11.95366601,23
601,5446,156,151.5185766,12.03512281,24
337,5452,144,148.3453423,12.99541862,22
612,5468,165,152.6090555,11.82362162,27
476,5473,144,139.2009536,12.12095616,3
398,5477,146,151.7238112,12.16203495,23
274,5499,161,156.8457986,14.27637799,7
209,5506,165,154.1025595,12.07064157,0
565,5509,147,143.8994073,12.31715324,16
585,5509,142,138.4226295,11.67174989,15
528,5538,163,145.0233062,12.68231285,15
595,5556,160,148.6330325,12.38963134,15
209,5573,160,154.1025595,12.07064157,0
410,5576,171,146.1625045,13.67847089,17
370,5613,143,137.6782462,12.72839071,24
392,5624,164,152.5569704,12.60016104,25
359,5629,145,144.0622407,12.13536281,28
570,5632,134,136.3950348,11.05964758,15
392,5637,155,152.5569704,12.60016104,25
260,5642,139,152.1223502,12.73178309,3
605,5647,149,142.2888889,12.20021799,16
449,5651,153,147.0018645,12.62140087,15
354,5693,163,155.9744501,14.66009376,24
392,5693,168,152.5569704,12.60016104,25
398,5693,164,151.7238112,12.16203495,23
393,5695,146,143.0461049,12.49604833,30
643,5703,175,159.8023609,13.22962382,24
572,5710,128,139.7391823,11.65189091,10
768,5745,147,143.459102,11.37431528,1
13,5748,143,143.8639944,12.11354875,17
345,5765,177,157.6390469,14.4173138,20
337,5775,141,148.3453423,12.99541862,22
359,5797,146,144.0622407,12.13536281,28
167,5800,165,158.0290598,13.51426506,26
370,5814,134,137.6782462,12.72839071,24
615,5825,138,141.8532533,11.53285722,21
403,5827,147,147.4767559,11.47452658,25
337,5836,160,148.3453423,12.99541862,22
691,5857,156,154.3849733,13.05931359,21
572,5862,131,139.7391823,11.65189091,10
260,5864,143,152.1223502,12.73178309,3
795,5866,153,146.2261249,11.43082635,16
663,5867,170,157.7307745,12.37343112,29
570,5869,120,136.3950348,11.05964758,15
449,5875,151,147.0018645,12.62140087,15
565,5885,148,143.8994073,12.31715324,16
357,5888,165,152.4189935,13.0507545,26
565,5893,139,143.8994073,12.31715324,16
476,5900,134,139.2009536,12.12095616,3
570,5902,136,136.3950348,11.05964758,15
691,5914,153,154.3849733,13.05931359,21
354,5915,168,155.9744501,14.66009376,24
615,5916,137,141.8532533,11.53285722,21
570,5920,134,136.3950348,11.05964758,15
370,5949,139,137.6782462,12.72839071,24
64,5954,177,163.6643157,12.74811506,-8
528,5955,144,145.0233062,12.68231285,15
585,5958,145,138.4226295,11.67174989,15
612,5985,159,152.6090555,11.82362162,27
808,5996,157,148.3564785,12.0847347,20
601,6012,161,151.5185766,12.03512281,24
260,6021,146,152.1223502,12.73178309,3
612,6030,152,152.6090555,11.82362162,27
280,6049,152,152.5008741,14.49542986,10
617,6054,151,148.2345854,11.00028567,30
808,6056,153,148.3564785,12.0847347,20
483,6094,124,142.6484065,12.67416286,9
585,6101,145,138.4226295,11.67174989,15
483,6105,129,142.6484065,12.67416286,9
493,6109,164,145.5803903,11.84704294,3
265,6121,147,149.8431973,14.19612598,4
392,6138,161,152.5569704,12.60016104,25
570,6151,137,136.3950348,11.05964758,15
800,6160,169,153.1344095,12.84634902,16
265,6165,153,149.8431973,14.19612598,4
363,6198,129,155.973672,12.49158788,25
565,6234,158,143.8994073,12.31715324,16
808,6253,158,148.3564785,12.0847347,20
585,6272,145,138.4226295,11.67174989,15
359,6276,145,144.0622407,12.13536281,28
654,6284,154,143.2450871,11.95366601,23
366,6307,157,151.6804295,13.28709472,33
376,6311,135,129.845187,12.0217684,21
615,6322,147,141.8532533,11.53285722,21
657,6327,156,148.8694648,11.7695663,30
403,6355,139,147.4767559,11.47452658,25
601,6372,165,151.5185766,12.03512281,24
540,6373,127,140.7291855,11.67673654,9
612,6383,156,152.6090555,11.82362162,27
483,6416,163,142.6484065,12.67416286,9
517,6418,157,143.3679171,12.61819785,1
570,6418,138,136.3950348,11.05964758,15
663,6435,171,157.7307745,12.37343112,29
663,6442,156,157.7307745,12.37343112,29
476,6470,132,139.2009536,12.12095616,3
449,6484,161,147.0018645,12.62140087,15
359,6492,147,144.0622407,12.13536281,28
615,6496,150,141.8532533,11.53285722,21
167,6503,172,158.0290598,13.51426506,26
617,6503,151,148.2345854,11.00028567,30
605,6504,159,142.2888889,12.20021799,16
363,6533,164,155.973672,12.49158788,25
657,6564,162,148.8694648,11.7695663,30
545,6600,165,152.0648814,13.16030658,6
476,6612,140,139.2009536,12.12095616,3
617,6626,156,148.2345854,11.00028567,30
570,6632,133,136.3950348,11.05964758,15
663,6652,169,157.7307745,12.37343112,29
359,6662,149,144.0622407,12.13536281,28
483,6688,142,142.6484065,12.67416286,9
605,6719,158,142.2888889,12.20021799,16
359,6752,147,144.0622407,12.13536281,28
612,6757,159,152.6090555,11.82362162,27
483,6780,158,142.6484065,12.67416286,9
570,6873,143,136.3950348,11.05964758,15
483,6911,142,142.6484065,12.67416286,9
540,6928,131,140.7291855,11.67673654,9
483,6952,140,142.6484065,12.67416286,9
617,6988,152,148.2345854,11.00028567,30
483,7015,147,142.6484065,12.67416286,9
274,7096,164,156.8457986,14.27637799,7
476,7122,144,139.2009536,12.12095616,3
483,7152,150,142.6484065,12.67416286,9
347,7183,128,149.8834356,13.43652831,25
483,7215,121,142.6484065,12.67416286,9
523,7257,166,155.1325681,13.32755587,4
483,7310,148,142.6484065,12.67416286,9
691,7313,164,154.3849733,13.05931359,21
483,7353,138,142.6484065,12.67416286,9
657,7367,170,148.8694648,11.7695663,30
403,7403,153,147.4767559,11.47452658,25
359,7487,153,144.0622407,12.13536281,28
617,7494,142,148.2345854,11.00028567,30
483,7547,136,142.6484065,12.67416286,9
403,7552,119,147.4767559,11.47452658,25
663,7562,168,157.7307745,12.37343112,29
359,7583,146,144.0622407,12.13536281,28
617,7605,153,148.2345854,11.00028567,30
534,7669,146,154.9665657,13.91233314,15
403,7683,143,147.4767559,11.47452658,25
612,7705,167,152.6090555,11.82362162,27
366,7741,155,151.6804295,13.28709472,33
170,7755,156,157.6615484,13.38827977,17
483,7760,151,142.6484065,12.67416286,9
617,7778,156,148.2345854,11.00028567,30
483,7798,140,142.6484065,12.67416286,9
403,7940,147,147.4767559,11.47452658,25
366,7944,161,151.6804295,13.28709472,33
359,7952,159,144.0622407,12.13536281,28
612,7988,163,152.6090555,11.82362162,27
280,7990,143,152.5008741,14.49542986,10
280,8023,162,152.5008741,14.49542986,10
617,8033,154,148.2345854,11.00028567,30
612,8155,158,152.6090555,11.82362162,27
612,8207,163,152.6090555,11.82362162,27
617,8360,156,148.2345854,11.00028567,30
617,8719,158,148.2345854,11.00028567,30
617,8869,154,148.2345854,11.00028567,30
617,9675,157,148.2345854,11.00028567,30
617,9817,156,148.2345854,11.00028567,30
617,9902,154,148.2345854,11.00028567,30
179,11829,173,153.1774621,12.59766673,15
108,13448,153,163.8978037,11.37052947,9
627,14367,165,151.7778396,10.56816306,27
